customerID,gender,SeniorCitizen,Partner,Dependents,tenure,PhoneService,MultipleLines,InternetService,OnlineSecurity,OnlineBackup,DeviceProtection,TechSupport,StreamingTV,StreamingMovies,Contract,PaperlessBilling,PaymentMethod,MonthlyCharges,TotalCharges,Churn
CUST-00000,Female,1,false,false,28,true,true,DSL,false,true,false,false,false,true,Two year,true,Bank transfer (automatic),112.17,3140.76,false
CUST-00001,Female,1,false,true,39,false,true,Fiber optic,true,true,true,false,false,true,Month-to-month,true,Mailed check,33.65,1312.35,false
CUST-00002,Female,0,true,true,32,false,true,No,true,true,false,true,false,false,Two year,false,Electronic check,112.13,3588.16,false
CUST-00003,Female,1,false,true,53,true,false,No,false,true,false,true,true,true,One year,false,Bank transfer (automatic),89.38,4737.14,false
CUST-00004,Male,0,false,true,7,true,true,No,true,false,false,false,false,true,One year,true,Credit card (automatic),38.16,267.12,false
CUST-00005,Female,1,false,true,44,true,false,Fiber optic,false,false,true,false,true,false,Two year,false,Credit card (automatic),51.06,2246.64,false
CUST-00006,Female,1,false,false,31,false,false,No,true,false,true,false,true,false,One year,true,Bank transfer (automatic),52.35,1622.85,false
CUST-00007,Female,0,true,false,19,false,false,Fiber optic,false,false,true,false,true,false,One year,true,Mailed check,58.99,1120.81,true
CUST-00008,Female,0,true,true,64,false,false,No,true,true,true,true,false,false,One year,false,Bank transfer (automatic),113.9,7289.6,true
CUST-00009,Male,1,true,true,27,true,true,Fiber optic,true,false,false,true,false,false,One year,false,Mailed check,20.6,556.2,false
CUST-00010,Male,0,true,false,67,true,true,No,false,false,false,true,true,false,Month-to-month,false,Mailed check,32.12,2152.04,false
CUST-00011,Male,0,true,true,49,false,false,DSL,true,false,false,true,true,true,Two year,false,Electronic check,98.86,4844.14,false
CUST-00012,Female,0,true,true,57,true,false,No,false,true,false,true,false,true,Month-to-month,false,Mailed check,24.76,1411.32,false
CUST-00013,Female,0,true,false,71,false,false,No,false,false,true,false,false,false,One year,true,Bank transfer (automatic),49.84,3538.64,false
CUST-00014,Male,1,false,true,42,true,false,DSL,false,false,true,true,true,true,Two year,false,Credit card (automatic),25.75,1081.5,false
CUST-00015,Male,0,true,true,3,true,false,Fiber optic,false,false,false,true,true,false,One year,true,Bank transfer (automatic),49.29,147.87,false
CUST-00016,Male,0,true,true,35,true,false,DSL,false,false,false,true,true,false,Month-to-month,true,Bank transfer (automatic),53.81,1883.35,false
CUST-00017,Male,1,false,false,57,false,true,Fiber optic,true,false,true,false,true,true,One year,false,Electronic check,94.14,5365.98,false
CUST-00018,Female,0,false,false,67,true,true,DSL,true,false,true,true,false,false,Month-to-month,false,Mailed check,83.28,5579.76,true
CUST-00019,Female,0,false,true,26,false,false,DSL,false,true,false,true,false,true,One year,true,Bank transfer (automatic),59.4,1544.4,true
CUST-00020,Male,0,true,true,71,true,false,No,false,false,true,false,false,true,Month-to-month,true,Electronic check,25.42,1804.82,false
CUST-00021,Female,0,false,true,31,false,true,Fiber optic,true,false,false,true,true,false,Month-to-month,false,Mailed check,52.23,1619.13,false
CUST-00022,Male,0,true,false,66,true,false,No,true,true,false,true,true,false,One year,true,Mailed check,102.17,6743.22,false
CUST-00023,Female,0,false,false,65,false,true,DSL,false,true,true,true,false,true,Two year,true,Mailed check,100.42,6527.3,false
CUST-00024,Female,0,false,true,49,false,true,No,true,false,true,true,true,false,Month-to-month,true,Credit card (automatic),75.82,3715.18,true
CUST-00025,Female,0,true,true,32,false,true,Fiber optic,false,true,false,false,true,true,Two year,false,Credit card (automatic),47.25,1512,false
CUST-00026,Female,0,true,false,22,false,false,DSL,true,true,false,false,false,false,One year,true,Bank transfer (automatic),50.26,1105.72,false
CUST-00027,Female,0,false,false,57,true,true,No,false,true,false,false,false,true,Month-to-month,true,Mailed check,99.24,5656.68,false
CUST-00028,Female,0,false,false,46,true,true,Fiber optic,false,true,true,false,true,true,Month-to-month,true,Mailed check,30.69,1411.74,false
CUST-00029,Female,0,false,false,68,true,true,Fiber optic,false,true,true,true,true,false,One year,true,Mailed check,54.17,3683.56,true
CUST-00030,Male,0,false,false,60,true,false,Fiber optic,true,false,true,false,false,true,One year,false,Credit card (automatic),54.79,3287.4,false
CUST-00031,Female,1,false,false,48,true,false,Fiber optic,false,true,true,true,true,true,Month-to-month,false,Bank transfer (automatic),95.59,4588.32,false
CUST-00032,Male,0,false,false,52,true,true,No,false,true,true,false,true,false,Month-to-month,false,Bank transfer (automatic),74.81,3890.12,false
CUST-00033,Female,1,false,true,15,false,true,DSL,true,false,true,true,true,true,One year,false,Electronic check,80.65,1209.75,false
CUST-00034,Male,0,false,false,48,true,false,Fiber optic,true,false,true,true,true,false,Month-to-month,true,Credit card (automatic),106.09,5092.32,false
CUST-00035,Female,0,true,false,15,true,true,Fiber optic,false,false,false,false,true,false,One year,true,Credit card (automatic),29.77,446.55,false
CUST-00036,Male,0,true,true,6,false,true,DSL,false,true,true,false,true,false,Two year,true,Electronic check,27.9,167.4,false
CUST-00037,Male,1,true,true,3,false,true,DSL,false,true,true,false,false,false,One year,false,Mailed check,70.25,210.75,true
CUST-00038,Female,0,true,false,29,true,true,Fiber optic,true,false,false,true,false,true,Two year,false,Mailed check,101.18,2934.22,false
CUST-00039,Male,1,true,false,46,false,true,Fiber optic,false,true,false,true,false,false,One year,true,Electronic check,47.38,2179.48,false
CUST-00040,Female,0,false,true,46,true,true,Fiber optic,true,false,false,true,false,true,Month-to-month,true,Electronic check,67.79,3118.34,false
CUST-00041,Female,0,false,true,52,true,false,Fiber optic,false,true,false,true,false,true,One year,true,Bank transfer (automatic),84.68,4403.36,false
CUST-00042,Male,0,false,false,44,false,true,DSL,true,true,true,false,false,false,One year,false,Electronic check,38.13,1677.72,true
CUST-00043,Female,0,false,false,50,true,true,No,true,false,false,false,false,false,Two year,false,Bank transfer (automatic),111.66,5583,false
CUST-00044,Male,0,true,false,70,true,true,No,false,true,true,true,false,false,Two year,true,Electronic check,43.14,3019.8,false
CUST-00045,Female,0,false,false,47,false,true,No,false,false,false,true,true,true,One year,false,Bank transfer (automatic),68,3196,false
CUST-00046,Female,0,false,false,72,true,false,Fiber optic,false,false,false,true,false,false,Month-to-month,false,Credit card (automatic),52.92,3810.24,true
CUST-00047,Female,0,false,false,2,true,true,Fiber optic,false,true,false,false,false,false,Two year,false,Mailed check,101.52,203.04,false
CUST-00048,Female,1,true,true,27,false,true,Fiber optic,true,false,true,true,true,false,Two year,false,Credit card (automatic),82.82,2236.14,false
CUST-00049,Female,0,true,true,72,false,true,Fiber optic,false,true,false,true,true,false,One year,true,Mailed check,70.74,5093.28,false
CUST-00050,Male,1,true,false,66,true,true,No,false,false,true,true,false,false,Month-to-month,true,Credit card (automatic),100.87,6657.42,true
CUST-00051,Male,0,false,false,71,false,true,No,true,true,false,false,true,false,Two year,true,Electronic check,95.15,6755.65,false
CUST-00052,Male,0,false,true,43,true,true,DSL,false,false,true,true,false,false,Two year,false,Mailed check,105.97,4556.71,false
CUST-00053,Male,0,true,true,23,true,true,No,true,false,false,true,false,true,One year,true,Credit card (automatic),95.96,2207.08,false
CUST-00054,Male,1,false,true,61,false,false,No,false,true,true,false,true,true,One year,false,Electronic check,67.72,4130.92,false
CUST-00055,Male,0,true,false,13,true,false,DSL,false,false,false,false,false,false,Two year,true,Bank transfer (automatic),23.7,308.1,false
CUST-00056,Female,1,false,true,20,false,true,DSL,false,false,true,true,true,false,Two year,true,Credit card (automatic),98.22,1964.4,false
CUST-00057,Female,0,false,true,49,false,false,Fiber optic,true,false,false,true,false,false,Two year,true,Credit card (automatic),66.41,3254.09,false
CUST-00058,Male,1,false,false,21,false,true,DSL,false,true,true,true,false,true,Two year,true,Credit card (automatic),46.51,976.71,false
CUST-00059,Female,0,false,false,45,true,true,No,false,true,false,true,false,false,Two year,true,Electronic check,38.03,1711.35,false
CUST-00060,Male,0,false,true,38,false,true,DSL,true,false,true,true,false,false,One year,true,Mailed check,56.3,2139.4,false
CUST-00061,Female,0,false,false,52,true,true,Fiber optic,false,true,false,false,true,true,One year,true,Bank transfer (automatic),40.66,2114.32,false
CUST-00062,Male,1,false,false,41,false,true,No,true,true,false,true,true,true,One year,true,Bank transfer (automatic),111.94,4589.54,false
CUST-00063,Female,0,true,true,5,true,true,Fiber optic,false,true,false,true,false,true,One year,false,Credit card (automatic),20.94,104.7,false
CUST-00064,Male,0,true,true,60,false,true,DSL,true,true,true,false,true,true,Month-to-month,false,Electronic check,20.84,1250.4,false
CUST-00065,Female,0,true,true,1,true,true,Fiber optic,true,true,false,true,false,true,Month-to-month,false,Bank transfer (automatic),68.53,68.53,true
CUST-00066,Male,0,false,false,38,false,false,No,true,false,true,false,true,false,One year,false,Bank transfer (automatic),102.11,3880.18,true
CUST-00067,Female,0,true,false,26,false,true,Fiber optic,true,false,false,false,true,false,One year,true,Credit card (automatic),25.15,653.9,false
CUST-00068,Male,0,false,true,49,false,false,Fiber optic,true,true,true,true,false,true,Two year,false,Mailed check,37.05,1815.45,false
CUST-00069,Female,0,false,true,55,false,false,Fiber optic,false,true,true,true,false,true,One year,true,Electronic check,31.46,1730.3,false
CUST-00070,Male,0,true,false,43,true,true,No,false,true,true,true,true,false,Month-to-month,false,Mailed check,98.64,4241.52,false
CUST-00071,Male,0,true,false,46,false,false,DSL,false,true,true,false,false,true,Two year,true,Bank transfer (automatic),67.9,3123.4,false
CUST-00072,Male,0,true,false,30,false,false,Fiber optic,true,false,false,false,true,true,One year,false,Electronic check,20.27,608.1,false
CUST-00073,Male,0,false,true,64,false,false,No,true,true,false,true,true,false,Two year,true,Bank transfer (automatic),39.02,2497.28,false
CUST-00074,Female,0,true,false,9,false,false,DSL,true,false,true,false,false,false,Two year,true,Mailed check,110.18,991.62,false
CUST-00075,Female,0,false,false,19,false,false,No,true,false,true,false,true,false,Two year,true,Electronic check,71.71,1362.49,false
CUST-00076,Male,0,false,true,6,true,false,Fiber optic,false,false,true,true,false,true,Month-to-month,false,Mailed check,29.2,175.2,false
CUST-00077,Male,0,false,false,41,true,false,No,false,false,false,false,true,false,One year,false,Mailed check,81.47,3340.27,false
CUST-00078,Female,0,false,true,31,false,true,DSL,true,false,true,false,false,false,Two year,false,Electronic check,79.88,2476.28,false
CUST-00079,Female,0,false,false,70,false,false,No,false,true,true,true,false,true,One year,true,Bank transfer (automatic),105.58,7390.6,false
CUST-00080,Male,0,true,false,45,true,true,No,false,false,false,false,false,true,Two year,true,Credit card (automatic),84.2,3789,false
CUST-00081,Male,0,true,true,29,true,true,No,true,true,false,true,false,true,Month-to-month,true,Electronic check,33.99,985.71,false
CUST-00082,Male,0,false,false,44,true,false,DSL,false,false,true,true,true,true,One year,false,Credit card (automatic),52.49,2309.56,false
CUST-00083,Female,0,false,false,16,true,false,DSL,true,true,true,true,false,true,One year,false,Bank transfer (automatic),96.89,1550.24,false
CUST-00084,Female,0,false,false,56,true,false,Fiber optic,false,true,true,true,false,false,Month-to-month,false,Bank transfer (automatic),38.77,2171.12,false
CUST-00085,Female,0,true,true,1,true,false,No,true,true,false,true,true,true,Month-to-month,true,Credit card (automatic),39.88,39.88,false
CUST-00086,Male,0,false,false,35,true,false,DSL,false,false,true,false,false,false,Month-to-month,false,Electronic check,95.9,3356.5,false
CUST-00087,Female,0,false,true,66,true,true,DSL,false,false,false,true,true,true,One year,true,Mailed check,38.81,2561.46,false
CUST-00088,Female,1,true,false,13,false,true,Fiber optic,true,false,true,true,true,true,One year,false,Mailed check,109.03,1417.39,false
CUST-00089,Male,0,false,true,18,true,false,Fiber optic,false,true,false,true,false,false,Two year,false,Electronic check,76.31,1373.58,false
CUST-00090,Female,0,false,false,59,false,false,Fiber optic,false,false,true,false,true,true,Two year,true,Credit card (automatic),24.5,1445.5,false
CUST-00091,Female,0,false,true,17,false,true,No,false,true,false,true,true,true,Two year,false,Mailed check,29.08,494.36,false
CUST-00092,Female,0,false,false,11,false,true,DSL,true,true,false,true,false,true,Month-to-month,true,Mailed check,52.9,581.9,false
CUST-00093,Female,0,true,true,27,true,true,No,true,false,true,true,false,false,One year,false,Mailed check,85.16,2299.32,false
CUST-00094,Female,0,false,false,43,true,false,No,true,true,false,false,false,false,Two year,true,Credit card (automatic),113.9,4897.7,false
CUST-00095,Female,0,false,false,40,false,false,Fiber optic,false,true,false,true,true,true,One year,true,Mailed check,49.46,1978.4,false
CUST-00096,Female,0,false,false,14,true,true,DSL,false,false,false,true,true,true,Month-to-month,true,Electronic check,109.31,1530.34,false
CUST-00097,Male,0,false,true,6,true,true,Fiber optic,true,true,false,false,false,false,One year,true,Mailed check,50.11,300.66,false
CUST-00098,Female,0,true,true,11,true,true,DSL,false,false,true,false,false,true,Two year,true,Bank transfer (automatic),85.23,937.53,false
CUST-00099,Female,0,true,true,13,true,true,No,true,true,false,true,false,true,Month-to-month,true,Mailed check,100.05,1300.65,true
CUST-00100,Female,0,true,true,8,true,false,Fiber optic,true,false,true,true,false,false,Month-to-month,true,Bank transfer (automatic),86.47,691.76,false
CUST-00101,Female,0,false,true,22,true,false,DSL,true,false,false,false,false,true,Month-to-month,true,Bank transfer (automatic),29.94,658.68,true
CUST-00102,Female,1,false,true,44,true,false,DSL,true,false,false,true,false,true,Month-to-month,false,Mailed check,74.6,3282.4,false
CUST-00103,Male,0,false,false,18,true,true,No,true,true,true,false,true,false,Month-to-month,false,Mailed check,98.76,1777.68,true
CUST-00104,Male,0,true,true,66,false,false,Fiber optic,true,false,true,true,false,true,Two year,false,Mailed check,56.92,3756.72,false
CUST-00105,Male,0,false,true,22,false,true,Fiber optic,true,true,false,true,true,false,Month-to-month,false,Electronic check,85.37,1878.14,false
CUST-00106,Female,0,false,false,72,true,true,No,true,false,false,false,false,false,One year,true,Electronic check,46,3312,true
CUST-00107,Male,1,true,true,50,false,false,DSL,false,false,false,false,false,true,Two year,false,Bank transfer (automatic),90.11,4505.5,false
CUST-00108,Male,1,true,false,39,false,false,No,false,false,false,true,true,true,Month-to-month,true,Credit card (automatic),50.11,1954.29,false
CUST-00109,Male,1,true,false,3,true,true,Fiber optic,false,false,true,false,false,true,Two year,true,Credit card (automatic),80.11,240.33,false
CUST-00110,Female,0,true,false,66,false,false,DSL,true,false,false,true,true,false,Two year,true,Credit card (automatic),61.59,4064.94,false
CUST-00111,Male,0,false,false,39,false,true,DSL,false,true,false,false,false,true,Two year,false,Credit card (automatic),44.5,1735.5,false
CUST-00112,Female,0,true,false,43,true,true,Fiber optic,false,false,true,true,true,true,Month-to-month,true,Credit card (automatic),49.78,2140.54,false
CUST-00113,Female,0,true,true,65,true,false,No,false,true,true,true,false,false,One year,true,Mailed check,22.19,1442.35,false
CUST-00114,Female,1,false,true,22,true,false,DSL,true,false,false,true,true,false,Two year,true,Bank transfer (automatic),105.15,2313.3,false
CUST-00115,Female,0,false,false,64,true,true,No,true,true,false,false,true,true,Month-to-month,true,Electronic check,31.97,2046.08,false
CUST-00116,Male,0,false,false,25,true,false,DSL,true,false,false,true,false,false,Month-to-month,true,Bank transfer (automatic),28.84,721,false
CUST-00117,Female,0,true,false,28,false,false,Fiber optic,false,false,false,true,false,true,One year,true,Electronic check,34.3,960.4,false
CUST-00118,Male,0,true,false,38,true,true,DSL,true,false,false,true,true,false,Month-to-month,false,Mailed check,70.48,2678.24,false
CUST-00119,Female,0,true,false,23,false,false,No,true,true,true,false,true,true,One year,true,Mailed check,89,2047,false
CUST-00120,Female,0,false,false,60,true,true,No,true,true,false,true,false,false,One year,false,Mailed check,31.31,1878.6,false
CUST-00121,Male,0,false,true,15,true,true,DSL,true,false,false,false,false,false,Month-to-month,true,Credit card (automatic),33.21,498.15,true
CUST-00122,Male,0,true,true,24,false,false,No,false,false,false,false,false,true,Month-to-month,false,Credit card (automatic),92.9,2229.6,true
CUST-00123,Female,0,true,true,11,true,true,No,false,true,true,false,false,true,One year,true,Credit card (automatic),83.16,914.76,false
CUST-00124,Male,0,true,true,46,true,true,No,false,false,true,false,true,true,One year,true,Mailed check,52.26,2403.96,false
CUST-00125,Male,0,true,true,72,true,true,No,true,true,true,true,true,false,Month-to-month,true,Electronic check,54.8,3945.6,false
CUST-00126,Female,0,false,false,69,true,false,No,true,false,false,false,true,false,Month-to-month,false,Credit card (automatic),88.11,6079.59,false
CUST-00127,Female,1,true,true,69,false,false,Fiber optic,false,true,false,true,true,true,Two year,true,Bank transfer (automatic),63.78,4400.82,false
CUST-00128,Male,0,false,true,72,false,false,Fiber optic,true,true,false,true,false,true,Month-to-month,false,Electronic check,37.94,2731.68,false
CUST-00129,Female,1,true,true,46,false,true,No,false,false,true,true,false,true,One year,false,Electronic check,45.11,2075.06,false
CUST-00130,Female,1,false,false,21,false,true,Fiber optic,false,false,true,false,true,true,Two year,true,Electronic check,94.94,1993.74,false
CUST-00131,Male,0,false,false,70,false,true,DSL,true,true,false,false,false,false,Month-to-month,true,Credit card (automatic),43.52,3046.4,true
CUST-00132,Male,0,false,true,36,false,false,DSL,true,false,true,false,true,true,One year,true,Bank transfer (automatic),86.14,3101.04,false
CUST-00133,Male,0,true,true,21,true,true,Fiber optic,true,true,false,false,false,false,Month-to-month,false,Bank transfer (automatic),37.07,778.47,true
CUST-00134,Female,1,false,false,16,true,false,No,true,true,false,true,true,true,One year,false,Electronic check,43.66,698.56,false
CUST-00135,Male,0,false,true,54,true,true,No,true,false,true,false,true,false,Month-to-month,false,Electronic check,96.48,5209.92,false
CUST-00136,Male,0,false,true,40,true,false,Fiber optic,false,true,false,false,true,true,One year,false,Credit card (automatic),59.67,2386.8,false
CUST-00137,Female,1,false,true,27,true,true,DSL,false,false,true,false,false,true,Two year,true,Electronic check,96.93,2617.11,false
CUST-00138,Male,0,false,true,69,false,true,Fiber optic,true,true,true,false,true,true,Month-to-month,false,Credit card (automatic),82.19,5671.11,false
CUST-00139,Female,0,false,false,3,true,false,DSL,true,false,true,true,true,true,Month-to-month,false,Bank transfer (automatic),32.83,98.49,true
CUST-00140,Female,0,false,true,35,false,false,No,false,false,false,true,false,false,Month-to-month,true,Mailed check,87.47,3061.45,false
CUST-00141,Female,0,false,false,36,false,true,Fiber optic,true,true,false,true,false,false,Two year,true,Credit card (automatic),94.12,3388.32,false
CUST-00142,Female,1,true,true,18,true,false,DSL,false,true,true,false,true,true,Two year,true,Credit card (automatic),34.21,615.78,false
CUST-00143,Female,0,false,false,68,true,false,No,true,false,true,true,false,false,One year,false,Credit card (automatic),81.18,5520.24,true
CUST-00144,Male,0,false,false,17,true,false,No,false,true,true,false,true,false,One year,true,Credit card (automatic),24.24,412.08,true
CUST-00145,Female,0,false,true,72,true,true,DSL,false,false,true,true,false,true,One year,true,Credit card (automatic),45.36,3265.92,false
CUST-00146,Female,0,false,true,18,false,false,DSL,true,false,true,true,false,true,One year,true,Credit card (automatic),109.23,1966.14,false
CUST-00147,Male,0,true,true,57,true,true,DSL,false,false,false,true,false,false,One year,true,Electronic check,35.09,2000.13,false
CUST-00148,Female,1,true,false,56,false,false,Fiber optic,true,false,true,false,false,true,One year,false,Bank transfer (automatic),105.15,5888.4,false
CUST-00149,Female,0,false,true,52,false,true,DSL,false,true,false,false,true,false,One year,true,Mailed check,51.29,2667.08,false
CUST-00150,Male,0,false,false,38,true,false,DSL,true,false,true,false,true,true,Month-to-month,false,Bank transfer (automatic),25.66,975.08,false
CUST-00151,Female,0,true,true,38,true,false,No,true,false,false,true,false,true,One year,true,Electronic check,60.76,2308.88,true
CUST-00152,Male,0,true,false,68,false,true,Fiber optic,false,true,true,false,true,false,One year,false,Mailed check,114.08,7757.44,false
CUST-00153,Female,0,true,false,35,false,false,DSL,true,false,true,true,false,true,Two year,false,Mailed check,45.63,1597.05,false
CUST-00154,Male,0,true,true,10,false,true,DSL,false,false,true,true,false,true,One year,false,Mailed check,93.49,934.9,false
CUST-00155,Female,0,false,false,10,false,true,No,false,true,false,true,true,false,One year,false,Credit card (automatic),114.69,1146.9,false
CUST-00156,Male,0,true,true,12,false,true,No,true,false,false,true,false,true,One year,true,Electronic check,89.02,1068.24,false
CUST-00157,Female,0,true,false,70,false,true,Fiber optic,false,false,false,true,false,false,Two year,false,Bank transfer (automatic),96.56,6759.2,false
CUST-00158,Male,0,true,true,63,true,false,DSL,false,false,true,false,false,false,Month-to-month,false,Electronic check,91.96,5793.48,false
CUST-00159,Female,0,true,false,36,true,true,No,false,true,true,true,false,false,Month-to-month,false,Electronic check,84.36,3036.96,true
CUST-00160,Female,0,true,false,62,true,false,DSL,true,true,false,false,false,true,Two year,false,Bank transfer (automatic),23.24,1440.88,false
CUST-00161,Male,0,true,true,52,true,true,No,true,false,false,true,false,true,Month-to-month,true,Electronic check,114.45,5951.4,true
CUST-00162,Male,1,true,true,16,true,true,No,true,false,false,false,false,false,One year,true,Electronic check,20.52,328.32,false
CUST-00163,Male,1,true,true,9,false,false,No,false,false,true,true,true,false,Two year,false,Credit card (automatic),61.02,549.18,false
CUST-00164,Female,1,false,true,39,false,false,No,true,false,false,false,true,true,Two year,false,Credit card (automatic),103.06,4019.34,false
CUST-00165,Female,0,false,true,60,true,false,Fiber optic,true,false,true,false,false,false,Month-to-month,false,Mailed check,87.43,5245.8,false
CUST-00166,Male,1,false,true,27,false,false,No,false,true,false,true,false,true,One year,true,Mailed check,51.46,1389.42,false
CUST-00167,Male,0,true,false,43,true,false,DSL,false,true,true,true,false,true,One year,false,Bank transfer (automatic),34,1462,true
CUST-00168,Female,0,true,true,58,false,false,No,true,true,true,false,true,false,Month-to-month,false,Mailed check,106.47,6175.26,false
CUST-00169,Female,1,true,false,38,false,true,No,false,true,false,true,true,false,Two year,false,Credit card (automatic),51.92,1972.96,false
CUST-00170,Female,1,false,false,72,false,true,DSL,true,false,true,true,true,true,Month-to-month,true,Credit card (automatic),65.22,4695.84,false
CUST-00171,Male,0,false,true,66,true,true,DSL,false,false,false,true,true,true,Two year,false,Bank transfer (automatic),40.61,2680.26,false
CUST-00172,Male,0,false,false,34,false,false,DSL,false,false,true,false,true,true,One year,true,Mailed check,70.34,2391.56,true
CUST-00173,Female,0,true,false,11,true,false,DSL,true,false,true,false,false,false,One year,true,Mailed check,118.68,1305.48,false
CUST-00174,Male,1,false,true,37,false,true,No,false,false,false,true,false,true,Month-to-month,false,Bank transfer (automatic),66.07,2444.59,false
CUST-00175,Female,0,true,true,56,false,true,No,true,false,true,true,true,true,One year,true,Credit card (automatic),102.22,5724.32,false
CUST-00176,Male,0,true,true,44,false,false,DSL,true,false,true,true,true,true,Month-to-month,false,Electronic check,92.69,4078.36,false
CUST-00177,Male,0,true,true,57,false,true,DSL,false,false,false,false,false,true,Two year,true,Credit card (automatic),102.32,5832.24,false
CUST-00178,Male,0,false,true,22,true,true,DSL,false,false,false,true,false,false,Month-to-month,true,Electronic check,117.44,2583.68,true
CUST-00179,Male,0,true,false,24,true,true,DSL,true,true,false,true,true,false,Two year,false,Credit card (automatic),20.28,486.72,false
CUST-00180,Female,0,true,true,31,false,false,No,true,false,false,false,false,false,Two year,false,Electronic check,85.96,2664.76,false
CUST-00181,Female,0,false,false,1,false,false,No,false,true,false,false,false,false,Month-to-month,true,Electronic check,44.84,44.84,false
CUST-00182,Female,0,true,false,30,true,true,DSL,true,true,false,true,false,false,Two year,true,Electronic check,36.28,1088.4,false
CUST-00183,Female,0,false,false,48,true,false,Fiber optic,false,false,false,false,true,false,One year,true,Mailed check,86.14,4134.72,false
CUST-00184,Male,0,false,true,3,false,false,No,false,false,false,true,false,true,One year,false,Mailed check,119.12,357.36,false
CUST-00185,Female,0,true,false,35,false,true,DSL,false,false,true,true,true,false,Two year,true,Bank transfer (automatic),92.19,3226.65,false
CUST-00186,Female,1,false,false,57,true,false,Fiber optic,true,true,false,false,false,false,One year,false,Bank transfer (automatic),23.71,1351.47,false
CUST-00187,Female,0,true,false,10,false,true,No,true,false,true,true,true,false,Two year,false,Mailed check,46.75,467.5,false
CUST-00188,Female,0,false,true,27,false,false,No,true,false,true,false,false,true,Two year,true,Mailed check,96.79,2613.33,false
CUST-00189,Female,0,false,true,45,true,true,DSL,true,false,false,false,true,true,One year,true,Credit card (automatic),26.43,1189.35,false
CUST-00190,Male,1,false,true,27,false,true,Fiber optic,false,true,false,false,true,false,One year,true,Credit card (automatic),107.2,2894.4,false
CUST-00191,Male,0,true,true,49,false,false,DSL,true,true,true,true,true,false,One year,true,Bank transfer (automatic),70.06,3432.94,false
CUST-00192,Female,0,false,true,4,false,true,Fiber optic,false,true,false,false,false,false,Month-to-month,true,Mailed check,51.08,204.32,true
CUST-00193,Female,1,true,false,32,false,true,No,false,true,true,false,true,true,Month-to-month,false,Electronic check,87.71,2806.72,false
CUST-00194,Male,0,true,true,70,false,false,Fiber optic,false,true,false,true,false,true,Two year,false,Bank transfer (automatic),107.8,7546,false
CUST-00195,Female,0,true,true,63,true,false,DSL,true,true,false,false,false,true,Month-to-month,true,Bank transfer (automatic),47.44,2988.72,true
CUST-00196,Male,0,true,false,53,true,false,DSL,false,false,true,true,true,true,One year,false,Bank transfer (automatic),91.46,4847.38,false
CUST-00197,Male,0,false,false,56,true,true,No,true,false,true,true,false,false,Month-to-month,false,Credit card (automatic),33.18,1858.08,false
CUST-00198,Male,0,true,false,70,true,true,No,false,false,false,false,true,false,One year,false,Electronic check,31.51,2205.7,false
CUST-00199,Female,0,true,true,31,false,false,Fiber optic,false,true,true,true,true,false,One year,false,Credit card (automatic),57.22,1773.82,false
CUST-00200,Female,0,true,false,11,true,true,No,true,true,false,true,true,true,One year,true,Mailed check,66.76,734.36,false
CUST-00201,Female,0,false,true,72,false,false,DSL,true,true,true,true,false,false,Month-to-month,false,Bank transfer (automatic),71.59,5154.48,false
CUST-00202,Male,0,false,true,71,false,false,Fiber optic,true,true,false,false,true,false,One year,false,Bank transfer (automatic),89.46,6351.66,false
CUST-00203,Female,1,false,false,16,false,true,Fiber optic,false,true,false,true,true,false,Month-to-month,true,Bank transfer (automatic),102.82,1645.12,false
CUST-00204,Female,0,true,true,46,true,false,Fiber optic,true,true,false,true,true,true,One year,false,Electronic check,46.08,2119.68,false
CUST-00205,Male,0,true,false,12,false,true,No,false,false,true,true,false,false,Two year,true,Credit card (automatic),55.47,665.64,false
CUST-00206,Female,0,false,true,64,false,true,Fiber optic,false,false,false,false,true,true,Month-to-month,false,Credit card (automatic),76.87,4919.68,false
CUST-00207,Male,0,false,false,17,true,true,DSL,true,false,true,true,false,false,Month-to-month,true,Bank transfer (automatic),85.85,1459.45,true
CUST-00208,Male,0,true,false,69,true,false,No,false,false,true,true,true,true,Two year,true,Electronic check,114.53,7902.57,false
CUST-00209,Female,0,true,false,70,true,false,No,true,true,true,true,false,true,One year,true,Credit card (automatic),88.79,6215.3,false
CUST-00210,Male,0,false,false,7,true,true,Fiber optic,false,false,false,true,true,true,Month-to-month,true,Mailed check,66.37,464.59,false
CUST-00211,Male,0,false,true,60,false,true,DSL,false,false,true,false,true,true,One year,false,Mailed check,83.86,5031.6,false
CUST-00212,Male,0,true,true,17,true,true,Fiber optic,false,false,false,true,true,true,Two year,true,Mailed check,114.61,1948.37,false
CUST-00213,Male,0,true,false,71,false,true,DSL,false,false,false,false,true,false,Month-to-month,false,Electronic check,110.99,7880.29,false
CUST-00214,Female,0,true,false,71,true,true,No,true,true,true,false,true,false,Two year,false,Credit card (automatic),30.48,2164.08,false
CUST-00215,Male,1,false,false,64,true,false,DSL,false,false,true,false,false,true,Month-to-month,true,Credit card (automatic),21.9,1401.6,true
CUST-00216,Male,0,true,false,46,false,true,DSL,true,true,true,true,false,false,One year,true,Credit card (automatic),90.51,4163.46,false
CUST-00217,Female,0,false,true,45,true,false,Fiber optic,false,true,true,false,false,false,Month-to-month,false,Mailed check,70.99,3194.55,true
CUST-00218,Male,0,true,false,53,true,true,No,true,false,false,true,false,false,Two year,true,Electronic check,82.48,4371.44,false
CUST-00219,Female,0,false,true,31,true,true,No,true,false,true,true,false,false,Two year,false,Credit card (automatic),112.63,3491.53,false
CUST-00220,Male,0,false,true,54,false,true,DSL,false,true,false,true,true,true,Month-to-month,true,Credit card (automatic),49.33,2663.82,false
CUST-00221,Female,0,true,true,57,true,false,Fiber optic,false,false,true,false,true,false,Two year,false,Credit card (automatic),116.57,6644.49,false
CUST-00222,Female,0,false,true,2,false,true,DSL,true,false,false,true,true,true,Month-to-month,false,Bank transfer (automatic),95.57,191.14,false
CUST-00223,Male,0,false,false,71,false,true,Fiber optic,true,false,false,true,true,false,Month-to-month,false,Electronic check,41.88,2973.48,false
CUST-00224,Male,0,true,true,69,false,true,No,false,true,false,false,true,false,One year,true,Electronic check,54.16,3737.04,false
CUST-00225,Male,0,true,true,41,false,true,DSL,false,true,false,true,true,false,Two year,true,Credit card (automatic),89.85,3683.85,false
CUST-00226,Male,0,true,false,17,false,true,No,false,true,true,true,false,true,One year,true,Electronic check,57.22,972.74,false
CUST-00227,Male,0,false,true,33,true,false,Fiber optic,false,true,false,false,true,true,One year,false,Electronic check,80.73,2664.09,false
CUST-00228,Female,0,true,false,29,true,true,DSL,true,true,true,true,false,false,One year,false,Electronic check,43.77,1269.33,false
CUST-00229,Male,1,true,false,33,true,false,No,false,true,true,true,true,true,Two year,true,Mailed check,26.93,888.69,false
CUST-00230,Male,0,true,false,59,false,false,No,false,true,false,true,false,true,Month-to-month,false,Bank transfer (automatic),46.54,2745.86,false
CUST-00231,Female,1,true,false,63,true,true,No,false,false,false,false,true,true,One year,true,Electronic check,84.73,5337.99,false
CUST-00232,Male,0,true,false,2,true,true,Fiber optic,false,true,true,false,false,false,Two year,true,Mailed check,45.79,91.58,false
CUST-00233,Female,0,false,false,35,true,true,No,false,true,false,false,true,false,One year,false,Bank transfer (automatic),44.59,1560.65,false
CUST-00234,Male,0,true,true,27,false,true,No,true,true,false,true,false,true,Two year,false,Credit card (automatic),45.93,1240.11,false
CUST-00235,Male,0,true,true,30,true,false,No,true,true,true,false,true,true,Month-to-month,true,Mailed check,108.38,3251.4,true
CUST-00236,Female,0,true,false,14,false,false,Fiber optic,true,true,false,false,true,false,One year,true,Electronic check,64.2,898.8,false
CUST-00237,Male,0,false,true,35,false,true,Fiber optic,false,false,false,false,true,false,One year,false,Credit card (automatic),40.85,1429.75,false
CUST-00238,Male,0,false,true,38,false,true,No,false,true,true,false,false,true,Two year,false,Bank transfer (automatic),56.97,2164.86,false
CUST-00239,Female,0,true,true,56,false,false,DSL,false,false,false,true,false,false,One year,false,Mailed check,114.78,6427.68,false
CUST-00240,Male,0,false,false,47,true,false,DSL,false,true,true,true,false,false,Two year,true,Bank transfer (automatic),114.9,5400.3,false
CUST-00241,Female,0,true,false,60,true,false,No,true,false,false,true,true,true,One year,true,Credit card (automatic),35.32,2119.2,false
CUST-00242,Female,0,false,true,36,false,false,DSL,false,true,false,true,true,false,Month-to-month,false,Electronic check,97.88,3523.68,false
CUST-00243,Female,0,false,false,69,false,true,DSL,false,false,true,true,true,true,One year,true,Bank transfer (automatic),54.78,3779.82,false
CUST-00244,Female,0,true,true,68,false,false,Fiber optic,true,false,false,true,false,true,One year,false,Electronic check,38.66,2628.88,false
CUST-00245,Male,1,false,true,7,false,true,No,false,false,false,true,true,true,Month-to-month,true,Electronic check,71.36,499.52,false
CUST-00246,Female,0,false,true,66,false,false,No,true,true,false,true,false,false,Month-to-month,true,Credit card (automatic),107.41,7089.06,false
CUST-00247,Male,0,true,true,49,false,false,Fiber optic,true,false,false,true,true,true,Month-to-month,false,Electronic check,42.49,2082.01,true
CUST-00248,Female,0,false,true,9,false,false,DSL,false,true,true,true,false,true,One year,false,Credit card (automatic),49.91,449.19,false
CUST-00249,Male,0,false,true,49,true,true,Fiber optic,true,false,true,true,true,false,One year,false,Bank transfer (automatic),98.71,4836.79,false
CUST-00250,Female,0,false,false,45,false,false,Fiber optic,true,false,false,true,false,true,Two year,false,Bank transfer (automatic),84.71,3811.95,false
CUST-00251,Male,0,false,true,51,true,false,DSL,true,true,true,false,false,false,Month-to-month,true,Bank transfer (automatic),86.27,4399.77,false
CUST-00252,Male,0,false,true,71,false,true,Fiber optic,false,true,true,false,false,false,Two year,false,Credit card (automatic),47.34,3361.14,false
CUST-00253,Female,0,false,false,47,true,true,DSL,true,true,false,false,true,false,Month-to-month,true,Mailed check,26.42,1241.74,false
CUST-00254,Male,0,false,true,56,true,false,Fiber optic,true,false,false,true,true,true,One year,false,Mailed check,80.93,4532.08,true
CUST-00255,Female,1,false,false,59,true,true,DSL,false,false,true,true,true,true,Two year,false,Electronic check,73,4307,false
CUST-00256,Male,0,false,false,56,false,false,No,true,true,false,false,true,false,One year,true,Bank transfer (automatic),74.07,4147.92,false
CUST-00257,Female,0,true,false,60,true,false,DSL,true,true,true,false,true,true,Two year,true,Electronic check,115.81,6948.6,false
CUST-00258,Male,0,true,true,54,true,false,No,false,true,false,true,true,true,Two year,false,Bank transfer (automatic),27.37,1477.98,false
CUST-00259,Female,0,false,false,60,false,true,DSL,true,false,false,false,true,false,One year,false,Bank transfer (automatic),90.91,5454.6,false
CUST-00260,Male,1,false,true,48,false,false,No,false,true,true,true,true,true,Two year,false,Bank transfer (automatic),117.78,5653.44,false
CUST-00261,Female,0,true,true,38,false,false,No,false,false,true,false,true,false,Month-to-month,false,Electronic check,110.56,4201.28,true
CUST-00262,Female,1,true,true,68,true,true,No,false,false,false,true,true,true,One year,false,Mailed check,105.01,7140.68,false
CUST-00263,Male,1,false,true,36,false,false,DSL,false,false,false,true,true,false,Two year,true,Electronic check,80.08,2882.88,false
CUST-00264,Male,0,true,true,27,true,true,No,true,false,false,true,false,true,One year,false,Bank transfer (automatic),69.33,1871.91,false
CUST-00265,Female,0,true,false,70,false,false,DSL,false,false,true,true,false,false,One year,true,Mailed check,69.34,4853.8,false
CUST-00266,Male,0,true,false,38,true,true,DSL,false,true,false,false,false,false,Two year,false,Credit card (automatic),90.81,3450.78,false
CUST-00267,Female,0,false,false,71,true,false,Fiber optic,false,true,true,false,false,true,Month-to-month,true,Electronic check,62.12,4410.52,false
CUST-00268,Male,0,false,false,70,true,false,DSL,true,true,false,false,true,false,One year,false,Bank transfer (automatic),98.04,6862.8,false
CUST-00269,Female,0,true,true,17,false,false,No,true,true,false,false,true,true,Month-to-month,false,Bank transfer (automatic),118.74,2018.58,false
CUST-00270,Female,1,true,true,43,false,false,DSL,false,false,true,true,false,true,One year,true,Credit card (automatic),97.43,4189.49,false
CUST-00271,Male,0,true,false,12,false,false,No,true,true,false,false,false,false,One year,false,Mailed check,22.38,268.56,false
CUST-00272,Female,0,false,true,57,true,false,DSL,true,true,false,true,false,true,One year,true,Credit card (automatic),43.03,2452.71,false
CUST-00273,Male,0,true,false,10,true,true,Fiber optic,false,false,false,false,true,true,Two year,false,Credit card (automatic),114.07,1140.7,false
CUST-00274,Male,0,true,true,50,true,false,DSL,false,false,false,false,true,false,One year,false,Credit card (automatic),114.98,5749,false
CUST-00275,Male,0,true,true,28,false,true,DSL,true,true,true,true,false,false,One year,false,Mailed check,79.35,2221.8,false
CUST-00276,Female,0,false,false,15,true,true,DSL,true,true,false,false,false,false,One year,true,Bank transfer (automatic),90.14,1352.1,true
CUST-00277,Female,0,true,false,70,false,true,No,false,false,true,true,false,false,Month-to-month,true,Bank transfer (automatic),112,7840,true
CUST-00278,Female,0,false,false,19,false,true,Fiber optic,false,false,true,false,true,true,Month-to-month,false,Bank transfer (automatic),53.56,1017.64,false
CUST-00279,Male,1,true,false,17,true,false,DSL,false,false,true,true,true,false,One year,false,Electronic check,36.46,619.82,false
CUST-00280,Female,0,true,false,55,false,true,No,true,true,true,false,true,false,Two year,true,Bank transfer (automatic),91.11,5011.05,false
CUST-00281,Male,1,false,false,44,false,true,Fiber optic,false,true,false,true,true,true,Month-to-month,false,Bank transfer (automatic),71.52,3146.88,false
CUST-00282,Female,1,false,true,8,false,true,No,true,true,false,true,false,false,Month-to-month,false,Bank transfer (automatic),57.26,458.08,false
CUST-00283,Female,0,true,false,42,false,false,No,true,false,false,true,true,true,Two year,false,Bank transfer (automatic),20.47,859.74,false
CUST-00284,Male,0,true,true,5,false,true,Fiber optic,true,true,true,true,true,true,One year,true,Bank transfer (automatic),80.8,404,false
CUST-00285,Male,1,false,false,7,false,true,No,true,false,true,false,false,false,Two year,false,Electronic check,89.14,623.98,false
CUST-00286,Female,0,false,false,61,true,false,DSL,false,false,false,false,false,true,Two year,true,Mailed check,61.22,3734.42,false
CUST-00287,Male,0,false,true,36,true,true,No,true,false,false,true,true,true,Two year,true,Mailed check,73.01,2628.36,false
CUST-00288,Female,0,false,true,57,false,true,No,false,false,true,true,false,true,Month-to-month,true,Mailed check,25.43,1449.51,false
CUST-00289,Female,0,true,true,30,true,true,DSL,true,true,false,false,false,false,One year,false,Bank transfer (automatic),97.6,2928,false
CUST-00290,Male,0,true,false,33,false,true,Fiber optic,true,false,true,true,true,false,Two year,false,Bank transfer (automatic),115.45,3809.85,false
CUST-00291,Female,0,true,true,45,true,true,No,false,false,false,true,true,false,Month-to-month,false,Mailed check,106.42,4788.9,false
CUST-00292,Female,0,false,false,1,true,false,DSL,true,false,false,false,true,true,One year,true,Electronic check,75.61,75.61,false
CUST-00293,Male,1,true,true,34,false,true,No,true,true,true,false,false,true,One year,true,Credit card (automatic),83.88,2851.92,false
CUST-00294,Female,0,true,true,38,false,true,DSL,true,true,false,false,true,false,Two year,false,Bank transfer (automatic),74.19,2819.22,false
CUST-00295,Female,1,true,false,57,false,true,No,true,false,true,false,true,false,Two year,true,Electronic check,101.97,5812.29,false
CUST-00296,Female,0,true,false,31,false,true,No,false,false,false,true,true,true,Month-to-month,true,Credit card (automatic),54.61,1692.91,false
CUST-00297,Male,0,true,false,40,false,false,Fiber optic,true,false,true,false,true,true,Month-to-month,true,Credit card (automatic),101.11,4044.4,false
CUST-00298,Female,0,false,false,5,true,false,No,true,true,false,true,true,true,Month-to-month,true,Bank transfer (automatic),63.86,319.3,true
CUST-00299,Male,0,true,false,32,false,true,Fiber optic,true,false,true,true,true,true,One year,true,Electronic check,54.32,1738.24,false
CUST-00300,Female,0,false,true,8,false,false,DSL,true,true,true,false,true,false,Two year,false,Electronic check,113.39,907.12,false
CUST-00301,Female,0,false,false,67,false,true,DSL,false,true,true,true,false,true,One year,false,Credit card (automatic),25.28,1693.76,true
CUST-00302,Male,1,false,true,35,true,false,Fiber optic,true,true,true,true,true,true,One year,false,Electronic check,70.31,2460.85,false
CUST-00303,Female,0,false,true,10,false,true,DSL,true,false,false,false,true,true,Two year,true,Electronic check,25.03,250.3,false
CUST-00304,Female,1,true,true,27,true,false,No,true,true,false,true,true,true,Two year,false,Mailed check,114.95,3103.65,false
CUST-00305,Male,1,false,true,49,false,false,Fiber optic,false,true,false,false,false,true,Two year,true,Mailed check,110.21,5400.29,false
CUST-00306,Male,0,true,false,21,false,false,Fiber optic,true,true,false,true,true,false,Month-to-month,true,Credit card (automatic),113.52,2383.92,false
CUST-00307,Female,0,false,true,42,true,true,No,true,true,false,true,true,true,Two year,false,Bank transfer (automatic),71.54,3004.68,false
CUST-00308,Female,0,true,false,14,true,true,Fiber optic,true,false,true,false,true,true,Two year,false,Credit card (automatic),79.4,1111.6,false
CUST-00309,Female,0,true,true,4,true,false,DSL,true,false,true,false,false,true,Two year,false,Electronic check,69.61,278.44,false
CUST-00310,Female,1,true,true,54,true,true,No,false,false,false,false,true,true,Month-to-month,false,Credit card (automatic),32.12,1734.48,false
CUST-00311,Male,0,true,true,62,false,true,Fiber optic,true,true,false,false,true,true,One year,true,Bank transfer (automatic),47.87,2967.94,false
CUST-00312,Male,0,true,false,46,false,false,No,false,true,true,false,true,false,Month-to-month,false,Electronic check,62.92,2894.32,false
CUST-00313,Female,1,false,false,2,true,false,DSL,false,true,false,false,false,true,Month-to-month,false,Electronic check,118.76,237.52,false
CUST-00314,Female,0,true,true,53,false,true,No,false,true,false,true,false,false,One year,true,Bank transfer (automatic),45.08,2389.24,false
CUST-00315,Male,0,false,false,51,false,true,DSL,false,false,false,false,true,false,One year,true,Electronic check,81.71,4167.21,true
CUST-00316,Female,0,true,true,10,false,false,No,true,false,false,false,false,false,Month-to-month,false,Mailed check,42.96,429.6,true
CUST-00317,Female,0,false,false,60,false,false,DSL,false,false,false,false,false,false,Two year,false,Credit card (automatic),39.72,2383.2,false
CUST-00318,Female,0,true,false,49,true,true,Fiber optic,true,false,true,false,false,true,Two year,false,Credit card (automatic),62.5,3062.5,false
CUST-00319,Female,0,false,true,19,true,true,No,true,false,true,false,false,true,Month-to-month,false,Electronic check,117.68,2235.92,false
CUST-00320,Male,0,true,true,60,false,true,DSL,true,true,true,true,true,true,One year,true,Mailed check,71.28,4276.8,false
CUST-00321,Male,0,false,false,11,false,true,No,true,false,true,true,true,true,Two year,true,Mailed check,20.13,221.43,false
CUST-00322,Female,0,false,true,43,false,false,Fiber optic,true,false,false,false,true,true,Month-to-month,false,Mailed check,59.64,2564.52,true
CUST-00323,Female,0,false,true,71,true,true,Fiber optic,true,true,true,false,false,true,One year,true,Electronic check,112.05,7955.55,true
CUST-00324,Female,0,false,false,56,false,true,Fiber optic,false,false,false,false,true,true,One year,false,Electronic check,110.38,6181.28,false
CUST-00325,Male,0,true,false,18,false,false,Fiber optic,true,false,false,false,true,false,One year,false,Mailed check,43.51,783.18,false
CUST-00326,Female,1,true,false,21,false,false,Fiber optic,true,true,false,false,true,true,One year,false,Credit card (automatic),103.79,2179.59,true
CUST-00327,Female,0,true,true,72,true,true,DSL,false,true,false,false,true,false,Month-to-month,false,Bank transfer (automatic),22.16,1595.52,true
CUST-00328,Female,0,false,true,56,true,true,Fiber optic,false,false,false,true,true,false,Month-to-month,true,Credit card (automatic),114.53,6413.68,true
CUST-00329,Female,0,false,true,22,false,false,DSL,true,false,false,true,false,false,Month-to-month,true,Electronic check,27.29,600.38,false
CUST-00330,Female,1,true,false,35,true,true,Fiber optic,true,true,true,false,true,true,Month-to-month,false,Credit card (automatic),53.6,1876,true
CUST-00331,Male,0,false,false,27,false,true,No,false,false,true,false,true,true,Two year,true,Credit card (automatic),69.9,1887.3,false
CUST-00332,Male,0,false,false,18,true,true,DSL,true,true,false,false,false,true,Month-to-month,false,Bank transfer (automatic),39.41,709.38,false
CUST-00333,Male,0,true,true,64,true,true,No,false,true,true,true,false,false,Month-to-month,true,Mailed check,119.96,7677.44,false
CUST-00334,Female,0,true,false,19,true,true,No,true,true,true,true,false,false,One year,true,Mailed check,77.64,1475.16,true
CUST-00335,Female,1,true,false,13,true,true,DSL,false,true,true,true,true,true,Two year,true,Mailed check,71.06,923.78,false
CUST-00336,Male,0,false,true,7,true,true,Fiber optic,true,true,false,true,true,false,Two year,false,Credit card (automatic),41.75,292.25,false
CUST-00337,Male,0,true,true,26,true,false,DSL,true,false,true,true,false,true,Two year,true,Credit card (automatic),114.38,2973.88,false
CUST-00338,Female,1,false,true,36,false,true,No,false,false,false,true,false,false,One year,false,Bank transfer (automatic),40.07,1442.52,false
CUST-00339,Female,0,false,false,9,true,false,DSL,false,false,false,true,true,false,One year,true,Mailed check,49.35,444.15,false
CUST-00340,Female,0,false,false,44,false,true,DSL,true,false,false,false,false,true,Month-to-month,false,Mailed check,68.79,3026.76,true
CUST-00341,Male,0,true,false,52,false,false,DSL,true,false,true,false,true,false,One year,false,Bank transfer (automatic),112.64,5857.28,false
CUST-00342,Male,0,true,false,35,false,true,DSL,false,false,true,false,true,false,One year,false,Credit card (automatic),75.64,2647.4,false
CUST-00343,Male,0,true,false,28,false,false,No,true,true,false,false,true,true,Month-to-month,true,Credit card (automatic),88.83,2487.24,false
CUST-00344,Female,0,true,false,57,true,false,Fiber optic,false,true,false,true,true,true,Month-to-month,true,Mailed check,25.97,1480.29,true
CUST-00345,Female,0,false,true,54,true,true,DSL,true,true,false,true,false,false,Two year,true,Bank transfer (automatic),22.62,1221.48,false
CUST-00346,Female,0,true,true,70,true,true,DSL,true,true,true,true,true,true,Two year,false,Credit card (automatic),117.37,8215.9,false
CUST-00347,Female,0,false,true,9,true,true,DSL,true,false,false,false,true,false,Month-to-month,true,Electronic check,81.41,732.69,false
CUST-00348,Male,0,false,true,23,false,true,Fiber optic,false,true,true,true,true,false,One year,false,Credit card (automatic),98.88,2274.24,false
CUST-00349,Male,0,false,true,72,true,false,No,false,false,false,true,false,true,One year,true,Bank transfer (automatic),47.51,3420.72,false
CUST-00350,Male,0,false,false,57,true,true,Fiber optic,true,true,false,true,true,true,One year,false,Mailed check,55.75,3177.75,false
CUST-00351,Male,0,true,false,44,false,true,DSL,true,true,true,false,false,false,Two year,true,Bank transfer (automatic),47.96,2110.24,false
CUST-00352,Female,0,true,false,40,false,false,Fiber optic,false,false,false,true,false,false,Month-to-month,true,Electronic check,115.48,4619.2,false
CUST-00353,Male,1,true,false,44,false,false,Fiber optic,false,true,false,true,true,true,Month-to-month,true,Electronic check,28.92,1272.48,true
CUST-00354,Male,1,true,true,24,false,true,No,false,true,true,false,false,false,Two year,false,Electronic check,33.68,808.32,false
CUST-00355,Female,0,false,false,71,false,true,DSL,false,false,false,false,false,true,Month-to-month,true,Credit card (automatic),95.24,6762.04,false
CUST-00356,Female,0,false,true,10,true,false,DSL,true,false,false,true,true,true,Two year,false,Bank transfer (automatic),54.39,543.9,false
CUST-00357,Female,0,false,true,17,true,false,DSL,true,false,true,true,false,true,One year,true,Credit card (automatic),99.7,1694.9,true
CUST-00358,Male,0,false,true,39,false,true,Fiber optic,false,true,true,false,false,true,Month-to-month,false,Electronic check,46.11,1798.29,false
CUST-00359,Male,0,false,false,2,true,true,Fiber optic,true,true,false,false,true,false,Two year,true,Mailed check,110.97,221.94,false
CUST-00360,Female,0,true,true,65,true,true,DSL,false,false,true,true,false,false,Month-to-month,true,Electronic check,81.44,5293.6,false
CUST-00361,Male,0,true,false,15,true,true,DSL,true,false,false,false,true,false,Two year,true,Mailed check,72,1080,false
CUST-00362,Male,1,false,false,22,true,false,No,true,false,false,true,true,true,Two year,false,Credit card (automatic),72.09,1585.98,false
CUST-00363,Female,0,false,true,28,true,true,DSL,true,true,true,false,false,false,Month-to-month,true,Credit card (automatic),110.17,3084.76,true
CUST-00364,Male,0,false,false,25,false,false,DSL,false,true,true,true,false,true,Two year,true,Electronic check,54.32,1358,false
CUST-00365,Male,0,false,false,61,false,true,Fiber optic,false,true,false,true,false,true,One year,true,Electronic check,52.6,3208.6,true
CUST-00366,Female,1,false,false,57,true,true,No,false,false,true,false,true,false,Month-to-month,false,Electronic check,39.19,2233.83,false
CUST-00367,Female,0,true,true,11,true,true,No,false,true,true,true,true,true,Two year,false,Electronic check,48.3,531.3,false
CUST-00368,Female,0,false,true,46,true,true,Fiber optic,true,true,true,false,false,false,Two year,false,Mailed check,115.24,5301.04,false
CUST-00369,Female,0,true,true,64,true,false,Fiber optic,true,true,true,true,true,true,Month-to-month,true,Bank transfer (automatic),20.01,1280.64,true
CUST-00370,Female,1,true,true,43,true,false,DSL,true,false,true,false,true,true,Two year,true,Credit card (automatic),103.4,4446.2,false
CUST-00371,Female,0,true,false,64,false,false,No,false,true,true,true,false,true,One year,false,Mailed check,118.95,7612.8,false
CUST-00372,Male,0,false,false,48,true,true,DSL,true,true,true,true,false,false,One year,false,Mailed check,81.84,3928.32,true
CUST-00373,Female,1,false,true,67,true,false,Fiber optic,true,false,true,true,false,true,Month-to-month,true,Credit card (automatic),97.17,6510.39,false
CUST-00374,Male,0,true,false,39,true,false,No,true,false,false,false,true,false,Month-to-month,false,Electronic check,87.97,3430.83,false
CUST-00375,Female,0,false,true,2,false,false,DSL,true,true,false,false,false,false,Two year,false,Credit card (automatic),20.07,40.14,false
CUST-00376,Female,0,true,false,63,false,true,No,false,true,false,true,true,false,One year,false,Mailed check,72.03,4537.89,true
CUST-00377,Male,0,false,true,1,true,true,Fiber optic,true,false,false,true,true,true,Two year,false,Credit card (automatic),52.56,52.56,false
CUST-00378,Male,0,false,true,12,true,false,No,false,true,true,false,true,true,One year,false,Electronic check,29.23,350.76,false
CUST-00379,Female,0,false,true,48,true,true,DSL,false,true,false,false,false,true,Month-to-month,true,Bank transfer (automatic),69.66,3343.68,false
CUST-00380,Female,1,false,true,1,false,true,DSL,true,false,true,true,true,true,One year,false,Credit card (automatic),22.63,22.63,false
CUST-00381,Female,0,false,false,33,true,false,Fiber optic,true,true,true,true,false,true,Two year,false,Mailed check,41.3,1362.9,false
CUST-00382,Male,0,true,false,49,true,true,DSL,false,true,true,true,true,true,Month-to-month,false,Credit card (automatic),35.63,1745.87,true
CUST-00383,Female,1,false,false,65,true,true,Fiber optic,false,true,false,true,true,true,Month-to-month,false,Electronic check,75.51,4908.15,true
CUST-00384,Female,1,false,true,47,false,false,No,true,true,true,false,true,true,Two year,true,Credit card (automatic),107.5,5052.5,false
CUST-00385,Male,0,false,true,50,false,true,Fiber optic,false,false,true,false,false,true,One year,false,Bank transfer (automatic),31.42,1571,true
CUST-00386,Female,0,false,true,43,false,false,Fiber optic,false,false,true,false,false,false,Month-to-month,true,Credit card (automatic),96.12,4133.16,true
CUST-00387,Male,0,true,false,72,true,false,Fiber optic,true,true,false,true,true,true,One year,true,Mailed check,22.26,1602.72,false
CUST-00388,Female,0,true,false,22,true,false,No,false,false,false,false,false,true,One year,false,Bank transfer (automatic),22.2,488.4,false
CUST-00389,Female,0,false,true,13,false,true,DSL,false,true,false,true,true,false,Month-to-month,false,Mailed check,108.46,1409.98,false
CUST-00390,Male,0,true,false,49,false,false,No,false,false,false,false,false,true,Month-to-month,true,Bank transfer (automatic),31.08,1522.92,false
CUST-00391,Male,1,true,false,28,true,true,DSL,true,true,false,true,false,false,One year,true,Electronic check,101.81,2850.68,true
CUST-00392,Female,0,false,true,58,true,true,DSL,true,false,false,false,true,false,One year,true,Bank transfer (automatic),111.8,6484.4,false
CUST-00393,Male,0,false,true,67,true,false,No,false,false,false,false,false,true,Two year,false,Credit card (automatic),32.06,2148.02,false
CUST-00394,Male,0,false,false,33,true,false,No,false,false,true,false,true,false,Two year,true,Electronic check,96.8,3194.4,false
CUST-00395,Male,1,false,false,28,false,true,DSL,true,false,false,true,true,false,One year,true,Bank transfer (automatic),118.55,3319.4,false
CUST-00396,Female,0,false,true,72,true,true,Fiber optic,true,false,false,false,false,true,One year,true,Electronic check,37.04,2666.88,false
CUST-00397,Female,0,true,true,60,false,false,No,false,false,false,true,false,false,One year,false,Mailed check,25.78,1546.8,false
CUST-00398,Female,0,false,false,62,true,true,No,false,true,false,false,true,false,Month-to-month,false,Bank transfer (automatic),83.86,5199.32,false
CUST-00399,Female,0,false,true,37,true,false,No,true,true,true,true,false,true,Two year,false,Mailed check,54.06,2000.22,false
CUST-00400,Female,0,true,false,53,true,false,DSL,true,true,true,false,false,false,One year,false,Electronic check,38.59,2045.27,false
CUST-00401,Male,0,true,true,70,false,false,No,true,true,false,false,false,false,One year,true,Credit card (automatic),47.21,3304.7,false
CUST-00402,Male,0,true,false,57,true,true,Fiber optic,false,true,false,false,true,false,One year,false,Mailed check,24.2,1379.4,false
CUST-00403,Male,0,true,true,3,true,false,No,false,false,false,false,false,true,One year,true,Credit card (automatic),106.41,319.23,false
CUST-00404,Female,0,false,false,27,true,false,Fiber optic,false,false,true,true,false,false,Two year,true,Mailed check,47.62,1285.74,false
CUST-00405,Male,0,true,false,2,false,true,DSL,false,false,false,true,false,false,Two year,false,Mailed check,40.88,81.76,false
CUST-00406,Male,1,true,true,17,true,false,DSL,true,true,false,false,true,true,Two year,true,Mailed check,25.22,428.74,false
CUST-00407,Male,0,false,true,12,true,true,No,false,false,false,false,false,false,Two year,false,Credit card (automatic),67.66,811.92,false
CUST-00408,Female,1,true,false,16,false,true,Fiber optic,false,true,false,false,false,false,Two year,false,Electronic check,31.42,502.72,false
CUST-00409,Female,0,false,true,11,true,true,No,true,true,false,true,true,false,One year,true,Bank transfer (automatic),52.23,574.53,false
CUST-00410,Female,0,false,true,25,false,false,Fiber optic,true,false,false,true,false,false,Month-to-month,true,Bank transfer (automatic),48.77,1219.25,false
CUST-00411,Female,0,true,true,49,false,true,No,true,true,true,true,false,false,Month-to-month,false,Credit card (automatic),38.6,1891.4,false
CUST-00412,Male,0,false,false,57,true,false,Fiber optic,false,false,false,false,true,false,Two year,true,Bank transfer (automatic),57.47,3275.79,false
CUST-00413,Female,0,false,true,68,true,false,DSL,true,false,true,true,true,false,Month-to-month,false,Mailed check,98.32,6685.76,true
CUST-00414,Male,0,false,true,23,false,true,Fiber optic,false,false,false,true,true,true,Month-to-month,true,Bank transfer (automatic),54,1242,false
CUST-00415,Male,1,true,false,55,true,true,No,true,false,false,true,false,false,Two year,false,Mailed check,67.53,3714.15,false
CUST-00416,Male,0,true,true,48,false,true,DSL,false,true,false,false,false,false,One year,true,Mailed check,69.19,3321.12,false
CUST-00417,Male,0,false,false,33,true,false,No,true,false,false,true,true,true,Month-to-month,false,Electronic check,47.15,1555.95,false
CUST-00418,Male,1,false,true,44,true,false,Fiber optic,false,true,true,true,false,true,One year,false,Mailed check,43.55,1916.2,false
CUST-00419,Female,1,true,false,58,true,true,Fiber optic,false,false,false,false,true,false,Two year,true,Bank transfer (automatic),110.36,6400.88,true
CUST-00420,Male,0,false,false,15,true,false,DSL,true,false,false,false,false,false,Month-to-month,false,Credit card (automatic),80.13,1201.95,false
CUST-00421,Male,0,true,false,56,false,true,DSL,false,false,false,false,false,false,Two year,true,Mailed check,53.22,2980.32,false
CUST-00422,Female,0,true,true,33,false,true,DSL,false,true,true,false,false,true,Two year,false,Credit card (automatic),46.43,1532.19,false
CUST-00423,Male,0,true,false,6,false,false,Fiber optic,true,true,false,false,true,true,Two year,true,Credit card (automatic),113.17,679.02,false
CUST-00424,Male,1,true,true,43,false,false,Fiber optic,false,true,true,false,false,true,Month-to-month,false,Bank transfer (automatic),118.71,5104.53,true
CUST-00425,Male,0,true,true,39,false,true,Fiber optic,true,true,true,false,false,true,Month-to-month,false,Electronic check,23.15,902.85,true
CUST-00426,Female,1,true,false,36,true,false,No,false,true,false,false,false,false,Month-to-month,true,Credit card (automatic),63.29,2278.44,true
CUST-00427,Male,1,true,false,33,false,true,Fiber optic,true,true,true,false,true,true,Month-to-month,true,Electronic check,59.1,1950.3,false
CUST-00428,Male,0,false,true,63,false,false,DSL,true,true,true,true,false,true,Month-to-month,true,Electronic check,105.32,6635.16,true
CUST-00429,Male,0,false,false,53,true,false,No,true,true,true,false,true,true,Two year,true,Mailed check,67.88,3597.64,false
CUST-00430,Male,0,false,false,27,false,true,Fiber optic,true,false,true,true,true,true,Two year,true,Electronic check,92.3,2492.1,false
CUST-00431,Male,0,false,false,23,false,true,No,false,false,false,false,false,true,Month-to-month,false,Mailed check,95.03,2185.69,false
CUST-00432,Female,0,true,true,41,false,true,No,false,true,true,false,false,false,One year,false,Electronic check,107.6,4411.6,false
CUST-00433,Female,1,true,false,50,true,true,Fiber optic,true,true,true,true,false,false,Month-to-month,false,Electronic check,78.29,3914.5,true
CUST-00434,Male,0,false,false,3,false,true,DSL,false,false,true,false,false,true,One year,true,Mailed check,56.76,170.28,false
CUST-00435,Female,0,false,true,72,false,true,Fiber optic,false,false,false,true,true,false,Two year,false,Mailed check,92.18,6636.96,false
CUST-00436,Female,0,true,false,26,false,true,DSL,false,true,false,false,false,true,One year,true,Bank transfer (automatic),65.84,1711.84,false
CUST-00437,Female,0,true,true,11,true,true,Fiber optic,false,true,true,true,false,false,Two year,true,Mailed check,64.6,710.6,false
CUST-00438,Female,1,false,true,23,false,false,Fiber optic,false,true,true,true,true,false,Month-to-month,false,Bank transfer (automatic),74.42,1711.66,true
CUST-00439,Male,0,true,true,65,true,false,No,false,true,false,true,false,true,Two year,false,Mailed check,77.63,5045.95,false
CUST-00440,Female,0,true,true,51,true,false,No,false,false,true,true,true,false,Month-to-month,false,Electronic check,43.24,2205.24,false
CUST-00441,Female,1,true,false,48,true,true,Fiber optic,false,false,false,true,true,true,Two year,false,Credit card (automatic),58.94,2829.12,false
CUST-00442,Female,0,true,false,39,false,false,DSL,true,true,false,false,false,true,One year,true,Credit card (automatic),114.48,4464.72,false
CUST-00443,Male,0,true,true,27,false,false,No,false,false,false,false,false,false,Month-to-month,false,Mailed check,79.15,2137.05,false
CUST-00444,Male,0,true,false,49,true,true,Fiber optic,false,true,true,true,false,true,Two year,false,Electronic check,54.66,2678.34,false
CUST-00445,Male,1,true,false,10,true,true,DSL,true,true,false,false,false,false,Month-to-month,true,Mailed check,32.93,329.3,true
CUST-00446,Female,0,false,false,33,false,true,No,true,true,true,true,true,true,One year,false,Mailed check,83.81,2765.73,false
CUST-00447,Female,0,true,true,6,true,true,DSL,true,false,false,true,false,false,One year,true,Bank transfer (automatic),89.51,537.06,false
CUST-00448,Female,0,false,false,5,true,true,DSL,false,false,false,true,false,false,Month-to-month,true,Bank transfer (automatic),86.05,430.25,true
CUST-00449,Male,1,true,true,21,false,true,No,true,true,true,false,false,true,Two year,true,Electronic check,50.54,1061.34,false
CUST-00450,Male,0,false,false,14,false,true,Fiber optic,false,false,true,false,false,true,Two year,true,Electronic check,106.65,1493.1,false
CUST-00451,Female,1,true,true,29,true,true,Fiber optic,true,true,true,false,true,false,Two year,true,Mailed check,80.93,2346.97,false
CUST-00452,Male,0,false,false,8,true,false,Fiber optic,true,true,true,true,false,false,One year,false,Bank transfer (automatic),38.03,304.24,false
CUST-00453,Female,0,false,true,71,true,true,Fiber optic,true,false,true,true,false,false,Two year,true,Bank transfer (automatic),24.19,1717.49,false
CUST-00454,Female,0,false,false,72,true,false,No,true,false,true,true,true,false,Two year,false,Credit card (automatic),76.22,5487.84,false
CUST-00455,Female,0,false,false,34,false,false,Fiber optic,false,true,false,false,false,false,Month-to-month,false,Electronic check,91.6,3114.4,true
CUST-00456,Female,0,false,true,41,false,true,No,false,true,false,false,false,false,One year,true,Mailed check,75.84,3109.44,false
CUST-00457,Male,0,true,true,2,false,true,Fiber optic,true,true,true,true,true,false,Two year,true,Electronic check,75.15,150.3,false
CUST-00458,Male,0,true,false,39,true,true,DSL,false,true,true,false,false,true,Two year,false,Credit card (automatic),41.61,1622.79,false
CUST-00459,Female,0,true,false,53,true,false,DSL,false,false,false,true,false,true,One year,false,Credit card (automatic),69.28,3671.84,false
CUST-00460,Male,0,true,false,27,false,true,DSL,false,true,false,true,true,true,One year,false,Bank transfer (automatic),103.38,2791.26,true
CUST-00461,Male,0,false,true,25,true,false,No,false,false,true,true,false,false,Month-to-month,false,Credit card (automatic),41.24,1031,false
CUST-00462,Male,0,true,true,62,false,false,Fiber optic,false,false,true,true,false,false,Month-to-month,false,Mailed check,105.95,6568.9,false
CUST-00463,Male,0,false,true,19,true,true,Fiber optic,false,true,false,true,true,false,One year,false,Credit card (automatic),43.16,820.04,false
CUST-00464,Female,0,false,false,9,false,false,Fiber optic,true,true,false,false,false,true,Two year,true,Bank transfer (automatic),26.72,240.48,false
CUST-00465,Male,0,true,true,19,false,false,DSL,false,false,true,true,false,false,One year,true,Mailed check,31.21,592.99,false
CUST-00466,Female,0,false,false,37,false,true,DSL,false,true,false,false,false,false,Month-to-month,false,Electronic check,88.02,3256.74,false
CUST-00467,Male,0,true,true,1,false,true,No,true,true,true,false,false,false,One year,true,Electronic check,61.08,61.08,false
CUST-00468,Female,0,false,true,63,true,true,DSL,true,true,false,false,false,false,One year,false,Credit card (automatic),39.78,2506.14,false
CUST-00469,Male,0,true,false,7,false,true,DSL,true,false,true,false,false,false,One year,true,Bank transfer (automatic),93.65,655.55,false
CUST-00470,Male,1,true,false,56,false,false,Fiber optic,false,false,true,false,false,true,One year,true,Credit card (automatic),101.21,5667.76,false
CUST-00471,Female,1,false,false,7,true,true,Fiber optic,false,true,false,false,true,false,Month-to-month,true,Mailed check,38.05,266.35,true
CUST-00472,Female,1,false,false,13,true,true,Fiber optic,true,true,true,false,true,true,One year,false,Credit card (automatic),91.11,1184.43,false
CUST-00473,Female,0,true,false,66,true,true,Fiber optic,false,false,false,false,true,true,One year,true,Bank transfer (automatic),52.09,3437.94,false
CUST-00474,Female,0,false,false,25,true,true,Fiber optic,true,true,false,true,true,false,One year,false,Mailed check,44.6,1115,false
CUST-00475,Male,0,false,false,64,true,true,DSL,false,true,false,false,false,false,Month-to-month,true,Bank transfer (automatic),72.85,4662.4,false
CUST-00476,Female,0,false,true,35,true,true,Fiber optic,true,false,false,false,false,true,One year,true,Electronic check,38.07,1332.45,false
CUST-00477,Female,0,false,true,68,false,false,DSL,true,false,false,false,true,true,One year,true,Credit card (automatic),65.84,4477.12,false
CUST-00478,Female,0,false,false,71,false,false,No,false,true,false,false,false,false,One year,false,Credit card (automatic),26.43,1876.53,false
CUST-00479,Female,0,false,true,41,true,false,DSL,true,false,true,false,false,true,Month-to-month,false,Electronic check,98.66,4045.06,true
CUST-00480,Female,0,false,true,50,true,true,No,true,true,false,true,false,true,One year,false,Mailed check,78.78,3939,false
CUST-00481,Female,0,false,false,53,true,true,DSL,true,true,true,true,false,true,Month-to-month,true,Mailed check,102.13,5412.89,false
CUST-00482,Male,0,true,true,52,true,false,Fiber optic,false,true,true,false,true,false,Two year,false,Bank transfer (automatic),111.01,5772.52,false
CUST-00483,Male,0,false,false,18,false,false,No,false,false,false,true,false,false,One year,false,Mailed check,42.42,763.56,false
CUST-00484,Male,0,false,true,13,true,false,No,false,true,false,false,false,true,Month-to-month,true,Credit card (automatic),53.03,689.39,false
CUST-00485,Female,0,true,true,16,false,false,Fiber optic,true,false,true,false,true,true,Month-to-month,false,Mailed check,117.97,1887.52,false
CUST-00486,Male,0,false,true,68,false,false,Fiber optic,false,false,false,true,false,false,Two year,false,Mailed check,63.3,4304.4,false
CUST-00487,Female,1,true,true,18,true,true,DSL,false,true,false,true,true,false,Two year,true,Electronic check,65.25,1174.5,false
CUST-00488,Female,0,true,false,72,false,false,No,true,false,true,false,true,true,Two year,false,Electronic check,29.64,2134.08,false
CUST-00489,Male,0,false,true,10,false,true,No,true,false,false,false,true,false,One year,false,Mailed check,62.59,625.9,false
CUST-00490,Male,0,true,false,69,false,false,No,false,false,false,false,false,false,One year,true,Credit card (automatic),90.81,6265.89,false
CUST-00491,Female,0,true,false,64,false,true,Fiber optic,false,true,true,false,true,false,One year,true,Bank transfer (automatic),93.44,5980.16,true
CUST-00492,Female,0,false,false,66,true,true,DSL,true,false,false,true,true,false,Two year,true,Credit card (automatic),38.98,2572.68,false
CUST-00493,Male,0,true,false,27,true,false,DSL,true,true,true,false,true,false,Two year,false,Mailed check,66.88,1805.76,false
CUST-00494,Female,0,false,false,33,true,false,DSL,true,true,false,false,true,true,Month-to-month,true,Bank transfer (automatic),119.45,3941.85,false
CUST-00495,Female,0,true,true,12,false,false,No,false,true,false,true,false,true,Two year,true,Bank transfer (automatic),58.66,703.92,false
CUST-00496,Male,1,true,true,16,true,false,Fiber optic,true,false,true,false,false,true,Two year,true,Credit card (automatic),56.17,898.72,false
CUST-00497,Male,0,true,true,42,true,true,No,false,false,true,true,true,true,Two year,false,Credit card (automatic),112.11,4708.62,false
CUST-00498,Female,0,true,false,13,true,true,No,true,true,false,false,true,true,One year,true,Mailed check,116.95,1520.35,false
CUST-00499,Female,0,true,true,59,false,false,No,true,false,false,false,true,false,Two year,false,Mailed check,28.87,1703.33,false
CUST-00500,Female,0,true,true,7,true,true,DSL,false,false,true,false,false,true,Two year,true,Bank transfer (automatic),85.08,595.56,false
CUST-00501,Female,0,false,true,42,false,false,No,false,true,false,true,false,false,Month-to-month,false,Electronic check,20.21,848.82,true
CUST-00502,Female,0,false,true,48,true,true,DSL,true,true,true,false,true,true,Two year,true,Credit card (automatic),114.06,5474.88,false
CUST-00503,Male,0,true,false,9,true,true,No,false,false,false,false,true,true,One year,true,Credit card (automatic),95.76,861.84,false
CUST-00504,Male,0,true,true,39,false,true,Fiber optic,false,true,true,true,false,false,One year,true,Bank transfer (automatic),69.65,2716.35,false
CUST-00505,Male,0,false,true,2,true,false,Fiber optic,true,true,true,false,false,false,One year,true,Credit card (automatic),105.15,210.3,false
CUST-00506,Male,1,true,true,1,false,false,No,true,false,true,false,true,true,One year,false,Mailed check,43.45,43.45,false
CUST-00507,Male,0,false,false,13,false,false,Fiber optic,true,false,false,true,true,true,Month-to-month,false,Bank transfer (automatic),43.92,570.96,true
CUST-00508,Female,0,true,false,19,true,true,DSL,false,true,false,false,false,true,Month-to-month,true,Mailed check,118.35,2248.65,true
CUST-00509,Female,0,true,true,44,true,true,Fiber optic,false,true,true,true,false,false,One year,false,Electronic check,104.47,4596.68,false
CUST-00510,Female,1,true,false,63,false,true,Fiber optic,false,false,true,false,false,false,One year,false,Electronic check,39.18,2468.34,false
CUST-00511,Female,0,true,false,49,false,true,No,false,true,false,false,false,true,Two year,true,Credit card (automatic),61.39,3008.11,false
CUST-00512,Female,0,false,true,19,false,false,No,true,false,true,true,false,true,Month-to-month,true,Mailed check,77.77,1477.63,false
CUST-00513,Male,0,false,true,41,true,true,No,true,true,true,false,true,true,One year,true,Credit card (automatic),60.75,2490.75,false
CUST-00514,Female,0,true,true,68,false,true,Fiber optic,true,true,false,false,true,false,Two year,false,Mailed check,74.4,5059.2,false
CUST-00515,Male,0,true,false,32,false,true,Fiber optic,false,true,true,true,true,false,One year,false,Credit card (automatic),64.18,2053.76,false
CUST-00516,Male,0,true,true,68,true,false,DSL,false,false,false,false,false,false,Month-to-month,true,Electronic check,24.43,1661.24,true
CUST-00517,Female,1,true,false,15,false,false,No,false,true,false,false,false,false,One year,true,Mailed check,21.21,318.15,false
CUST-00518,Female,1,false,true,36,false,false,DSL,true,false,false,false,true,false,Two year,true,Bank transfer (automatic),89.78,3232.08,false
CUST-00519,Male,0,true,true,3,false,true,Fiber optic,false,true,false,false,true,false,One year,false,Mailed check,106.32,318.96,false
CUST-00520,Male,0,false,true,60,true,false,Fiber optic,false,true,true,false,false,false,Month-to-month,false,Bank transfer (automatic),102.21,6132.6,false
CUST-00521,Female,1,true,true,64,true,true,DSL,false,false,false,true,true,false,Two year,false,Mailed check,20.73,1326.72,false
CUST-00522,Male,1,false,true,66,true,false,Fiber optic,true,false,true,true,true,false,One year,true,Electronic check,102.41,6759.06,false
CUST-00523,Female,1,false,false,57,true,true,DSL,false,false,true,false,false,false,Month-to-month,true,Electronic check,63.63,3626.91,true
CUST-00524,Female,0,true,true,66,true,false,DSL,true,false,true,false,true,true,One year,false,Credit card (automatic),105.71,6976.86,false
CUST-00525,Male,0,false,false,43,false,true,DSL,true,false,false,true,true,true,Two year,false,Mailed check,62.63,2693.09,false
CUST-00526,Female,0,false,true,62,false,true,Fiber optic,true,true,false,true,true,true,Month-to-month,true,Credit card (automatic),46.47,2881.14,false
CUST-00527,Female,1,true,false,70,true,false,Fiber optic,false,false,true,false,true,true,Month-to-month,true,Mailed check,57.4,4018,true
CUST-00528,Female,1,true,true,53,true,true,No,false,false,false,false,true,true,One year,true,Electronic check,36.56,1937.68,false
CUST-00529,Male,0,true,false,41,true,false,Fiber optic,false,false,false,true,false,true,Month-to-month,false,Mailed check,62.43,2559.63,false
CUST-00530,Female,0,true,false,69,false,false,No,true,false,true,true,true,false,One year,false,Bank transfer (automatic),60.57,4179.33,false
CUST-00531,Male,0,false,true,14,true,true,Fiber optic,true,true,false,false,true,true,Two year,false,Mailed check,30.77,430.78,false
CUST-00532,Female,0,true,false,7,true,true,DSL,true,true,true,false,false,true,One year,false,Mailed check,88.4,618.8,false
CUST-00533,Male,1,true,false,30,true,true,DSL,false,true,true,true,true,false,Month-to-month,false,Mailed check,55.72,1671.6,true
CUST-00534,Male,0,true,false,4,true,false,DSL,true,true,true,false,false,true,One year,true,Electronic check,50.92,203.68,false
CUST-00535,Female,0,true,false,37,false,false,No,false,true,true,true,true,false,Month-to-month,false,Credit card (automatic),104.82,3878.34,false
CUST-00536,Male,1,true,true,21,false,false,DSL,false,true,false,false,false,true,One year,false,Credit card (automatic),48.74,1023.54,false
CUST-00537,Male,0,false,false,28,true,false,No,true,true,true,true,true,false,One year,false,Electronic check,37.97,1063.16,false
CUST-00538,Female,0,false,true,33,false,false,DSL,false,false,true,true,false,true,Two year,false,Bank transfer (automatic),86.45,2852.85,false
CUST-00539,Female,1,true,true,32,true,true,DSL,false,true,true,false,true,true,One year,true,Bank transfer (automatic),88.88,2844.16,false
CUST-00540,Female,0,false,true,27,true,false,DSL,false,true,false,true,true,true,One year,false,Mailed check,74.8,2019.6,false
CUST-00541,Male,1,false,true,48,true,true,DSL,true,false,true,true,true,false,Two year,true,Mailed check,43.34,2080.32,false
CUST-00542,Female,1,false,true,70,false,false,Fiber optic,false,true,true,true,false,true,Two year,true,Electronic check,41.72,2920.4,true
CUST-00543,Female,0,true,true,54,false,true,No,false,false,true,true,true,false,Two year,true,Electronic check,77.17,4167.18,false
CUST-00544,Male,0,false,true,64,true,false,DSL,true,true,false,false,false,false,Two year,false,Electronic check,93.14,5960.96,false
CUST-00545,Female,0,true,true,71,false,true,Fiber optic,true,false,false,true,true,false,Month-to-month,false,Credit card (automatic),63.44,4504.24,true
CUST-00546,Female,0,true,false,10,true,true,No,true,true,false,true,false,true,Two year,true,Electronic check,108.99,1089.9,false
CUST-00547,Female,0,false,false,53,false,false,DSL,false,true,true,true,true,false,Month-to-month,true,Electronic check,102.21,5417.13,true
CUST-00548,Male,0,false,true,58,true,true,DSL,false,true,false,true,false,false,Month-to-month,false,Mailed check,30.51,1769.58,true
CUST-00549,Male,0,true,true,51,true,false,No,true,false,true,false,true,false,Two year,false,Bank transfer (automatic),72.64,3704.64,false
CUST-00550,Male,0,false,false,6,true,true,No,true,false,false,false,true,false,One year,false,Credit card (automatic),104.49,626.94,false
CUST-00551,Female,1,true,false,20,false,true,No,false,true,true,true,true,true,Two year,true,Bank transfer (automatic),33.43,668.6,false
CUST-00552,Male,0,true,false,43,false,false,Fiber optic,true,false,false,false,false,true,One year,true,Electronic check,102.51,4407.93,false
CUST-00553,Male,0,true,false,61,true,false,No,false,true,false,true,false,false,Two year,true,Mailed check,69.87,4262.07,true
CUST-00554,Female,1,false,true,53,false,false,Fiber optic,false,false,true,false,false,false,Month-to-month,false,Credit card (automatic),57.77,3061.81,false
CUST-00555,Male,0,false,false,19,false,true,Fiber optic,false,true,true,true,true,false,Two year,true,Bank transfer (automatic),58.55,1112.45,false
CUST-00556,Male,1,true,false,28,true,true,DSL,false,true,false,true,false,true,Two year,false,Bank transfer (automatic),117.41,3287.48,false
CUST-00557,Female,0,true,false,29,true,false,No,true,false,false,true,false,false,Month-to-month,false,Bank transfer (automatic),24.62,713.98,false
CUST-00558,Female,0,true,false,9,true,true,No,true,false,true,true,true,true,Two year,true,Electronic check,105.35,948.15,false
CUST-00559,Male,0,false,true,11,true,true,No,true,true,false,false,true,false,One year,false,Credit card (automatic),65.72,722.92,false
CUST-00560,Female,1,false,false,9,false,true,No,false,false,true,false,false,false,Two year,true,Bank transfer (automatic),33.43,300.87,false
CUST-00561,Female,0,false,true,70,true,false,Fiber optic,false,false,false,false,true,false,Month-to-month,true,Electronic check,53.25,3727.5,false
CUST-00562,Female,0,true,false,58,true,true,DSL,true,true,false,true,false,true,Month-to-month,true,Credit card (automatic),101.42,5882.36,false
CUST-00563,Female,0,false,true,50,true,false,Fiber optic,true,true,true,false,false,false,One year,false,Credit card (automatic),94.21,4710.5,false
CUST-00564,Male,0,false,true,61,true,true,No,false,false,true,false,false,true,Month-to-month,true,Electronic check,102.2,6234.2,false
CUST-00565,Male,0,true,false,44,false,true,No,true,true,false,false,true,false,Month-to-month,false,Bank transfer (automatic),35.82,1576.08,true
CUST-00566,Male,0,false,false,14,false,true,No,true,false,false,false,false,true,Two year,true,Credit card (automatic),34.08,477.12,false
CUST-00567,Male,0,true,false,15,true,false,DSL,false,false,true,false,false,false,One year,true,Electronic check,106.83,1602.45,false
CUST-00568,Male,1,false,true,11,true,true,DSL,false,false,true,true,false,true,One year,false,Mailed check,33.28,366.08,false
CUST-00569,Female,0,true,true,16,true,true,DSL,true,true,true,false,true,true,Two year,true,Bank transfer (automatic),67.57,1081.12,false
CUST-00570,Female,0,true,true,11,true,false,Fiber optic,false,false,true,true,true,false,Month-to-month,true,Bank transfer (automatic),87.16,958.76,false
CUST-00571,Male,1,true,true,61,false,true,No,false,false,false,true,true,false,Month-to-month,true,Mailed check,75.75,4620.75,false
CUST-00572,Female,1,true,true,29,false,true,No,true,false,false,false,false,false,Month-to-month,true,Credit card (automatic),92.47,2681.63,false
CUST-00573,Female,0,false,true,4,true,true,Fiber optic,false,false,true,true,false,false,Two year,false,Electronic check,54.7,218.8,false
CUST-00574,Female,0,false,false,58,true,false,No,false,true,false,true,false,false,Month-to-month,false,Credit card (automatic),112.57,6529.06,false
CUST-00575,Female,0,true,false,14,false,false,No,true,false,true,true,true,true,One year,false,Bank transfer (automatic),99.17,1388.38,false
CUST-00576,Female,0,true,true,51,false,false,DSL,false,true,false,true,true,false,One year,false,Bank transfer (automatic),40.19,2049.69,false
CUST-00577,Female,1,true,true,29,true,true,DSL,false,true,true,true,false,true,Month-to-month,true,Credit card (automatic),58.8,1705.2,false
CUST-00578,Male,1,true,true,46,true,false,Fiber optic,false,true,false,false,true,true,Two year,true,Credit card (automatic),72.36,3328.56,false
CUST-00579,Male,0,false,false,35,true,false,Fiber optic,true,true,false,false,true,true,Month-to-month,false,Bank transfer (automatic),99.45,3480.75,false
CUST-00580,Female,0,false,false,57,false,false,Fiber optic,true,false,false,false,true,true,One year,false,Electronic check,63.29,3607.53,false
CUST-00581,Male,0,false,true,8,true,false,Fiber optic,false,true,false,false,true,false,One year,false,Bank transfer (automatic),30.47,243.76,false
CUST-00582,Male,0,true,true,46,false,false,Fiber optic,true,true,true,true,true,true,Two year,false,Mailed check,76.92,3538.32,false
CUST-00583,Female,0,true,true,69,false,true,Fiber optic,true,false,true,false,true,true,One year,false,Bank transfer (automatic),32,2208,false
CUST-00584,Male,0,true,true,50,false,true,Fiber optic,false,false,true,true,false,false,One year,false,Mailed check,35.93,1796.5,true
CUST-00585,Female,1,true,false,53,false,false,DSL,false,true,false,false,false,true,One year,false,Bank transfer (automatic),80.99,4292.47,true
CUST-00586,Female,0,true,true,24,true,false,Fiber optic,true,true,false,false,true,true,Month-to-month,false,Mailed check,53.54,1284.96,false
CUST-00587,Male,1,false,false,7,true,true,No,true,false,false,false,true,true,Two year,true,Credit card (automatic),63.07,441.49,false
CUST-00588,Male,1,true,true,69,true,false,Fiber optic,true,true,true,false,true,true,Month-to-month,true,Mailed check,43.72,3016.68,true
CUST-00589,Male,0,true,true,24,true,false,DSL,false,false,false,true,true,false,Two year,true,Bank transfer (automatic),100.7,2416.8,false
CUST-00590,Male,0,true,false,40,false,false,DSL,false,false,true,false,true,false,One year,false,Electronic check,69.57,2782.8,false
CUST-00591,Female,1,true,true,13,false,true,DSL,false,true,true,false,true,true,Month-to-month,false,Bank transfer (automatic),46.05,598.65,true
CUST-00592,Female,0,true,true,8,false,false,No,false,false,true,false,true,false,Month-to-month,true,Mailed check,92.45,739.6,false
CUST-00593,Female,0,false,true,53,true,true,No,false,true,true,false,false,true,Two year,false,Mailed check,97.75,5180.75,false
CUST-00594,Male,0,false,true,8,true,false,DSL,true,true,false,false,true,false,Month-to-month,true,Bank transfer (automatic),77.65,621.2,false
CUST-00595,Female,1,true,false,8,true,false,DSL,true,true,true,false,false,true,Two year,true,Bank transfer (automatic),66.84,534.72,false
CUST-00596,Female,0,true,false,1,true,false,Fiber optic,false,false,true,true,true,true,Month-to-month,false,Credit card (automatic),88.54,88.54,false
CUST-00597,Female,0,true,false,68,false,true,DSL,true,false,false,true,false,false,Two year,false,Bank transfer (automatic),38.45,2614.6,false
CUST-00598,Female,0,true,true,57,true,false,DSL,false,true,false,true,false,true,Two year,false,Mailed check,111.11,6333.27,false
CUST-00599,Male,0,false,false,54,false,false,Fiber optic,true,true,false,false,false,true,Month-to-month,false,Electronic check,106.39,5745.06,false
CUST-00600,Female,0,false,true,57,false,false,DSL,false,false,false,true,true,false,Month-to-month,false,Electronic check,119.36,6803.52,false
CUST-00601,Female,0,true,true,27,false,false,Fiber optic,true,false,false,false,false,true,Two year,false,Mailed check,96,2592,false
CUST-00602,Female,0,false,true,19,false,true,No,false,true,true,true,false,false,Month-to-month,true,Electronic check,29.2,554.8,false
CUST-00603,Female,0,true,true,3,true,false,DSL,false,false,true,true,false,true,Month-to-month,true,Mailed check,93.65,280.95,false
CUST-00604,Male,1,false,true,19,false,true,Fiber optic,false,false,false,true,false,true,Two year,false,Bank transfer (automatic),46.09,875.71,false
CUST-00605,Female,0,true,false,64,true,false,DSL,false,true,false,true,false,true,One year,true,Bank transfer (automatic),89.95,5756.8,false
CUST-00606,Male,0,true,true,35,true,true,Fiber optic,false,true,false,true,false,true,One year,true,Electronic check,70.36,2462.6,false
CUST-00607,Female,0,true,true,61,false,false,No,true,false,false,true,false,false,Month-to-month,false,Bank transfer (automatic),68.6,4184.6,false
CUST-00608,Male,0,false,false,62,true,false,Fiber optic,true,true,false,true,false,true,Month-to-month,false,Mailed check,67.46,4182.52,true
CUST-00609,Male,1,false,true,71,true,false,Fiber optic,false,false,false,false,true,true,Two year,false,Bank transfer (automatic),110.83,7868.93,false
CUST-00610,Male,1,true,false,25,true,false,DSL,true,false,false,true,false,false,Two year,false,Electronic check,66.08,1652,false
CUST-00611,Male,0,true,false,17,true,false,No,false,false,true,false,true,true,Month-to-month,true,Bank transfer (automatic),94.93,1613.81,false
CUST-00612,Male,0,true,true,44,false,false,Fiber optic,true,false,true,false,true,false,Two year,false,Mailed check,112.58,4953.52,false
CUST-00613,Male,1,true,false,3,false,true,Fiber optic,false,false,true,false,true,false,Two year,true,Bank transfer (automatic),119.94,359.82,false
CUST-00614,Male,1,true,false,26,true,false,DSL,true,true,false,true,true,false,One year,true,Electronic check,86.25,2242.5,false
CUST-00615,Female,0,true,false,16,true,false,DSL,true,true,true,true,true,true,One year,true,Bank transfer (automatic),47.77,764.32,false
CUST-00616,Male,0,false,false,28,true,false,DSL,false,false,false,true,true,false,One year,true,Bank transfer (automatic),45.75,1281,false
CUST-00617,Female,1,false,false,30,false,true,Fiber optic,true,false,true,false,false,true,Two year,true,Credit card (automatic),104.08,3122.4,true
CUST-00618,Female,0,true,false,71,false,false,No,false,true,true,false,true,true,Two year,true,Electronic check,57.65,4093.15,false
CUST-00619,Female,0,false,false,27,true,true,DSL,false,true,true,true,true,true,One year,false,Electronic check,117.28,3166.56,false
CUST-00620,Male,0,true,false,60,true,false,DSL,true,false,true,true,true,false,One year,false,Electronic check,41.55,2493,false
CUST-00621,Male,0,false,true,29,true,true,Fiber optic,true,false,false,true,false,true,Month-to-month,true,Mailed check,107.54,3118.66,true
CUST-00622,Male,0,true,false,2,false,true,Fiber optic,true,false,false,false,true,false,Month-to-month,false,Electronic check,94.4,188.8,true
CUST-00623,Male,0,false,false,8,true,true,No,true,false,true,false,false,true,One year,false,Electronic check,21.45,171.6,false
CUST-00624,Male,0,false,false,28,false,true,No,false,true,true,false,false,true,One year,true,Credit card (automatic),35.71,999.88,false
CUST-00625,Male,0,true,false,11,false,false,No,true,true,false,true,false,false,Month-to-month,true,Electronic check,110.43,1214.73,false
CUST-00626,Male,1,false,true,10,false,false,DSL,true,true,false,false,false,true,Two year,false,Bank transfer (automatic),64.26,642.6,false
CUST-00627,Male,0,true,true,57,true,false,No,true,false,true,false,false,false,One year,false,Bank transfer (automatic),97.24,5542.68,false
CUST-00628,Female,0,false,true,70,false,false,DSL,false,true,false,true,false,true,Two year,true,Credit card (automatic),74.67,5226.9,false
CUST-00629,Female,0,false,true,50,false,true,Fiber optic,false,true,false,true,false,false,One year,true,Electronic check,41.55,2077.5,false
CUST-00630,Male,0,true,true,61,false,false,DSL,true,false,false,false,true,false,Two year,false,Credit card (automatic),108.58,6623.38,false
CUST-00631,Female,1,false,false,26,false,true,No,true,true,false,false,false,true,Two year,false,Credit card (automatic),49.39,1284.14,false
CUST-00632,Male,0,false,false,54,true,false,DSL,false,true,true,true,true,true,Month-to-month,false,Mailed check,36.04,1946.16,false
CUST-00633,Male,0,true,true,64,false,true,No,false,true,true,false,false,true,One year,false,Credit card (automatic),94.34,6037.76,true
CUST-00634,Female,1,true,true,50,false,true,No,false,false,false,true,true,true,Month-to-month,false,Electronic check,47.06,2353,false
CUST-00635,Female,0,false,true,7,false,true,Fiber optic,false,true,true,true,true,false,One year,false,Credit card (automatic),85.8,600.6,false
CUST-00636,Male,0,false,false,27,true,false,Fiber optic,false,false,false,false,false,true,Month-to-month,false,Electronic check,66.56,1797.12,false
CUST-00637,Female,0,false,false,1,false,true,DSL,false,true,true,false,false,true,Month-to-month,false,Bank transfer (automatic),115.46,115.46,false
CUST-00638,Male,0,true,false,48,true,true,DSL,false,false,true,true,false,false,Month-to-month,false,Credit card (automatic),50,2400,false
CUST-00639,Male,0,false,true,30,false,true,No,true,true,false,false,false,false,Month-to-month,true,Credit card (automatic),59.39,1781.7,true
CUST-00640,Female,1,true,true,2,true,true,No,true,false,true,true,true,false,Month-to-month,true,Electronic check,117.87,235.74,false
CUST-00641,Female,1,false,true,38,false,true,Fiber optic,true,false,true,true,true,true,One year,true,Credit card (automatic),113.08,4297.04,false
CUST-00642,Female,1,true,false,38,true,false,DSL,false,false,false,false,false,false,Two year,true,Credit card (automatic),64.06,2434.28,false
CUST-00643,Female,0,true,true,63,true,true,No,true,true,true,false,false,false,Two year,true,Mailed check,85.23,5369.49,true
CUST-00644,Male,0,true,false,21,false,true,Fiber optic,false,true,false,false,true,false,Two year,true,Electronic check,104.36,2191.56,false
CUST-00645,Male,0,false,true,20,false,true,DSL,true,false,false,true,true,false,One year,false,Electronic check,24.01,480.2,false
CUST-00646,Male,1,false,false,34,true,true,DSL,false,true,false,true,false,false,Two year,false,Electronic check,83.55,2840.7,false
CUST-00647,Male,1,true,true,50,true,false,DSL,false,false,true,true,false,true,Two year,true,Mailed check,68.18,3409,false
CUST-00648,Male,1,true,true,46,true,true,No,true,false,false,false,true,false,Month-to-month,true,Bank transfer (automatic),43.16,1985.36,false
CUST-00649,Male,0,true,false,30,true,true,DSL,true,true,true,true,true,false,One year,true,Bank transfer (automatic),75.52,2265.6,false
CUST-00650,Male,0,true,false,60,true,true,No,true,true,false,true,false,false,Month-to-month,true,Credit card (automatic),62.29,3737.4,false
CUST-00651,Female,1,true,false,53,false,false,Fiber optic,false,true,true,true,false,true,Two year,true,Credit card (automatic),80.62,4272.86,false
CUST-00652,Female,0,true,true,68,true,false,DSL,false,false,true,true,false,true,Month-to-month,true,Mailed check,52.99,3603.32,false
CUST-00653,Female,0,true,true,18,false,false,DSL,false,false,false,false,true,false,Two year,false,Mailed check,83.89,1510.02,false
CUST-00654,Female,0,false,false,15,true,false,No,true,true,true,true,true,true,Month-to-month,true,Mailed check,58.63,879.45,false
CUST-00655,Female,1,true,true,48,false,false,No,true,true,true,true,true,false,One year,true,Electronic check,57.5,2760,false
CUST-00656,Female,0,false,true,14,true,true,No,true,true,false,true,true,false,Two year,false,Electronic check,78.21,1094.94,false
CUST-00657,Female,0,false,false,21,false,false,Fiber optic,true,false,true,false,false,true,Two year,true,Bank transfer (automatic),72.16,1515.36,false
CUST-00658,Female,0,false,false,65,true,false,DSL,false,false,true,true,false,false,Two year,false,Credit card (automatic),107.28,6973.2,false
CUST-00659,Female,1,false,false,70,false,false,DSL,false,false,true,false,false,true,One year,false,Mailed check,108.72,7610.4,false
CUST-00660,Male,0,false,true,39,true,true,No,false,false,true,false,false,false,One year,false,Mailed check,32.07,1250.73,false
CUST-00661,Female,0,false,true,17,false,true,DSL,true,true,false,false,false,false,Two year,false,Electronic check,86.88,1476.96,false
CUST-00662,Female,0,true,false,30,true,false,Fiber optic,false,false,true,true,false,false,One year,false,Credit card (automatic),47.42,1422.6,true
CUST-00663,Female,0,true,false,52,false,true,No,true,false,false,false,false,false,Month-to-month,true,Electronic check,99.46,5171.92,true
CUST-00664,Male,1,true,false,4,false,false,Fiber optic,true,false,true,false,false,true,One year,true,Credit card (automatic),57.59,230.36,false
CUST-00665,Female,0,true,true,32,true,true,DSL,false,false,true,false,true,true,Month-to-month,false,Mailed check,111.53,3568.96,false
CUST-00666,Male,0,true,true,4,true,false,Fiber optic,false,false,true,false,true,false,Two year,true,Mailed check,54.77,219.08,false
CUST-00667,Female,0,false,false,46,false,true,No,false,false,false,true,true,false,Two year,false,Bank transfer (automatic),103.28,4750.88,false
CUST-00668,Female,0,false,true,61,true,true,Fiber optic,true,false,false,false,false,false,Two year,true,Bank transfer (automatic),41.4,2525.4,false
CUST-00669,Female,1,true,false,52,true,false,No,false,true,false,false,false,true,One year,false,Electronic check,42.63,2216.76,false
CUST-00670,Female,1,false,false,43,true,false,No,true,true,false,true,false,false,Month-to-month,false,Electronic check,51.59,2218.37,false
CUST-00671,Male,0,false,true,71,false,true,Fiber optic,true,true,false,true,true,true,Two year,false,Credit card (automatic),30.11,2137.81,false
CUST-00672,Male,0,false,false,46,false,false,No,false,true,true,true,false,false,Two year,true,Electronic check,51.76,2380.96,false
CUST-00673,Male,0,false,false,47,false,false,Fiber optic,true,true,true,false,true,true,Two year,false,Credit card (automatic),53.75,2526.25,false
CUST-00674,Female,0,true,false,10,false,true,No,false,false,true,true,false,false,Month-to-month,true,Bank transfer (automatic),59.6,596,true
CUST-00675,Male,0,true,false,61,false,true,Fiber optic,true,true,true,true,true,true,Month-to-month,true,Bank transfer (automatic),82.79,5050.19,false
CUST-00676,Female,0,false,true,68,false,false,Fiber optic,true,true,true,false,true,false,One year,false,Credit card (automatic),107.59,7316.12,false
CUST-00677,Male,0,false,true,20,true,true,DSL,false,false,false,true,true,false,Month-to-month,true,Electronic check,34.04,680.8,false
CUST-00678,Male,1,false,false,36,true,false,No,true,false,true,true,false,false,Two year,true,Bank transfer (automatic),98.59,3549.24,true
CUST-00679,Female,0,true,true,44,true,false,DSL,false,false,true,true,true,false,One year,false,Bank transfer (automatic),45.25,1991,false
CUST-00680,Female,0,true,false,71,true,false,No,false,false,true,true,true,true,Two year,true,Credit card (automatic),103.19,7326.49,true
CUST-00681,Male,0,false,false,17,true,false,Fiber optic,true,true,true,false,true,false,Two year,false,Electronic check,118.7,2017.9,false
CUST-00682,Male,1,false,true,45,true,true,No,false,false,false,true,true,true,Month-to-month,false,Mailed check,32.57,1465.65,false
CUST-00683,Male,0,false,true,25,false,true,Fiber optic,false,true,true,true,false,false,Month-to-month,false,Mailed check,39.9,997.5,true
CUST-00684,Male,0,true,false,66,false,true,DSL,true,false,false,false,false,true,Two year,false,Mailed check,89.42,5901.72,false
CUST-00685,Female,0,true,false,66,true,true,No,true,true,true,true,false,false,One year,true,Mailed check,104.18,6875.88,false
CUST-00686,Female,0,true,true,29,true,true,DSL,true,true,false,true,true,false,Month-to-month,false,Mailed check,109.13,3164.77,false
CUST-00687,Female,0,true,false,43,true,true,Fiber optic,true,true,true,true,false,false,Two year,true,Bank transfer (automatic),47.52,2043.36,false
CUST-00688,Male,0,true,true,55,false,true,DSL,true,true,true,false,false,false,Two year,false,Electronic check,34.71,1909.05,false
CUST-00689,Female,0,false,true,68,false,true,Fiber optic,false,false,false,false,false,true,Two year,false,Bank transfer (automatic),107.92,7338.56,false
CUST-00690,Female,1,true,true,26,false,false,No,false,true,false,true,true,false,One year,false,Mailed check,87.02,2262.52,false
CUST-00691,Female,0,true,true,64,true,false,DSL,false,true,false,false,true,true,One year,false,Bank transfer (automatic),45.1,2886.4,false
CUST-00692,Female,0,false,true,70,false,false,No,false,false,false,false,false,true,Month-to-month,false,Electronic check,117.54,8227.8,true
CUST-00693,Female,0,false,false,44,true,true,DSL,false,false,false,false,true,true,One year,false,Mailed check,107.95,4749.8,false
CUST-00694,Female,0,false,false,23,false,true,No,true,true,true,true,true,false,Two year,true,Bank transfer (automatic),93.07,2140.61,false
CUST-00695,Female,0,true,false,67,true,true,No,false,false,false,false,true,false,Month-to-month,false,Electronic check,85.44,5724.48,false
CUST-00696,Male,0,false,false,31,true,false,No,false,false,false,true,true,true,Two year,false,Electronic check,74.15,2298.65,false
CUST-00697,Male,0,false,false,46,false,true,Fiber optic,true,false,true,true,false,false,Month-to-month,false,Mailed check,53.78,2473.88,true
CUST-00698,Male,0,true,false,5,false,true,No,false,false,false,true,false,false,One year,true,Mailed check,48.41,242.05,false
CUST-00699,Male,0,false,false,3,false,true,Fiber optic,true,true,false,true,true,true,Month-to-month,true,Electronic check,109.22,327.66,true
CUST-00700,Male,1,false,true,22,true,false,DSL,true,false,true,true,true,false,Month-to-month,true,Credit card (automatic),50.18,1103.96,true
CUST-00701,Female,1,false,true,37,false,true,No,true,false,true,true,false,false,Two year,true,Bank transfer (automatic),58.2,2153.4,false
CUST-00702,Male,1,false,false,28,false,true,Fiber optic,false,false,true,false,false,true,Two year,false,Electronic check,100.71,2819.88,false
CUST-00703,Male,0,true,true,29,true,true,DSL,false,true,false,true,false,false,Two year,false,Mailed check,58.88,1707.52,false
CUST-00704,Female,0,false,true,62,true,false,No,true,true,false,true,true,false,Two year,false,Mailed check,55.78,3458.36,false
CUST-00705,Male,0,true,true,27,false,false,Fiber optic,false,false,false,false,false,true,One year,false,Credit card (automatic),32.93,889.11,true
CUST-00706,Female,0,true,true,42,false,false,No,false,true,true,true,false,true,One year,true,Electronic check,90.79,3813.18,false
CUST-00707,Female,1,false,false,35,true,false,DSL,true,true,false,false,false,false,One year,false,Bank transfer (automatic),76.13,2664.55,false
CUST-00708,Male,0,false,false,69,true,false,DSL,false,false,false,true,true,false,One year,true,Electronic check,49.81,3436.89,false
CUST-00709,Male,1,false,false,10,false,true,No,true,true,true,true,true,false,One year,false,Mailed check,82.57,825.7,false
CUST-00710,Male,0,false,false,32,true,false,Fiber optic,true,false,false,true,false,true,One year,true,Bank transfer (automatic),27.24,871.68,false
CUST-00711,Female,0,true,false,49,true,false,No,true,true,false,true,true,true,Two year,true,Electronic check,84.8,4155.2,false
CUST-00712,Female,1,true,false,65,false,false,DSL,true,false,false,false,true,true,One year,true,Credit card (automatic),67.46,4384.9,false
CUST-00713,Female,0,true,true,29,true,false,Fiber optic,false,true,false,false,true,false,Two year,true,Credit card (automatic),92.86,2692.94,false
CUST-00714,Female,0,false,true,22,true,false,DSL,true,false,false,false,true,false,Two year,false,Electronic check,69.97,1539.34,false
CUST-00715,Male,1,false,false,61,false,true,No,false,false,false,false,false,false,Month-to-month,true,Credit card (automatic),52.41,3197.01,true
CUST-00716,Female,0,true,true,10,true,true,Fiber optic,false,true,false,true,true,false,Month-to-month,false,Mailed check,96.2,962,false
CUST-00717,Female,0,true,false,21,true,false,No,true,true,true,false,false,false,Two year,false,Credit card (automatic),26.4,554.4,false
CUST-00718,Male,0,true,false,57,true,true,No,false,false,true,true,false,false,Two year,false,Electronic check,99.3,5660.1,false
CUST-00719,Male,0,false,false,50,true,false,No,true,false,false,false,false,false,One year,true,Electronic check,64.42,3221,false
CUST-00720,Male,0,true,false,59,true,false,No,true,false,true,true,false,true,One year,false,Mailed check,116.92,6898.28,true
CUST-00721,Male,1,false,false,35,true,false,Fiber optic,true,true,true,true,true,true,Two year,false,Mailed check,35.6,1246,false
CUST-00722,Male,1,true,false,27,false,true,DSL,true,false,true,false,false,true,One year,true,Bank transfer (automatic),47.02,1269.54,false
CUST-00723,Female,0,false,false,53,false,true,Fiber optic,false,true,true,false,true,false,One year,true,Electronic check,64.18,3401.54,false
CUST-00724,Female,1,false,false,29,false,false,DSL,true,false,false,false,false,true,One year,false,Mailed check,42.21,1224.09,false
CUST-00725,Male,0,true,true,22,false,false,No,false,true,false,true,true,false,Two year,false,Credit card (automatic),62.4,1372.8,false
CUST-00726,Male,0,true,false,40,true,true,Fiber optic,false,true,false,false,true,false,Month-to-month,false,Bank transfer (automatic),63.4,2536,false
CUST-00727,Female,1,false,true,70,false,true,No,true,true,false,false,true,false,One year,true,Bank transfer (automatic),55.08,3855.6,false
CUST-00728,Male,0,false,true,2,true,false,No,false,true,true,true,true,true,Month-to-month,true,Electronic check,87.02,174.04,true
CUST-00729,Female,0,true,false,32,true,true,No,true,false,true,false,true,false,Two year,false,Credit card (automatic),61.82,1978.24,false
CUST-00730,Male,0,false,true,22,false,false,DSL,false,true,false,true,true,false,Month-to-month,true,Electronic check,79.42,1747.24,true
CUST-00731,Female,0,false,false,29,true,false,No,true,false,false,false,false,true,Month-to-month,true,Bank transfer (automatic),23.39,678.31,false
CUST-00732,Female,0,true,true,42,false,false,Fiber optic,false,true,true,true,false,true,Month-to-month,true,Credit card (automatic),68.36,2871.12,false
CUST-00733,Male,0,true,false,32,true,false,No,false,false,false,true,true,true,Two year,false,Credit card (automatic),56.83,1818.56,false
CUST-00734,Female,0,true,false,33,false,true,Fiber optic,false,false,true,false,false,false,One year,false,Electronic check,84.72,2795.76,false
CUST-00735,Male,1,true,true,42,false,true,Fiber optic,true,false,true,true,false,true,Two year,false,Bank transfer (automatic),40.79,1713.18,false
CUST-00736,Male,0,true,true,42,false,false,DSL,true,true,false,false,false,false,Two year,false,Mailed check,90.25,3790.5,false
CUST-00737,Female,0,false,true,23,true,true,Fiber optic,false,false,true,true,true,true,Two year,true,Bank transfer (automatic),47.87,1101.01,false
CUST-00738,Female,0,false,true,13,false,true,No,false,false,false,true,false,true,One year,true,Mailed check,107.44,1396.72,false
CUST-00739,Female,0,true,false,41,true,false,Fiber optic,false,false,true,false,true,false,Month-to-month,false,Mailed check,78.99,3238.59,true
CUST-00740,Male,1,true,false,30,true,true,DSL,false,true,false,false,true,false,One year,true,Bank transfer (automatic),88.66,2659.8,false
CUST-00741,Male,1,true,true,8,false,true,No,false,true,false,false,true,true,One year,false,Electronic check,83.91,671.28,false
CUST-00742,Female,1,false,true,38,true,true,DSL,false,false,true,false,false,false,Month-to-month,false,Electronic check,99.75,3790.5,false
CUST-00743,Female,0,false,false,24,false,false,No,false,true,true,false,true,false,Month-to-month,false,Credit card (automatic),67,1608,true
CUST-00744,Male,1,true,false,63,true,false,DSL,false,false,true,true,true,true,Two year,true,Mailed check,93.93,5917.59,false
CUST-00745,Female,0,false,true,16,true,true,Fiber optic,true,true,true,true,false,false,Month-to-month,true,Electronic check,53,848,false
CUST-00746,Male,1,false,true,18,false,true,No,true,false,false,true,true,false,One year,true,Bank transfer (automatic),29.69,534.42,false
CUST-00747,Male,0,false,true,60,false,true,No,false,false,false,false,false,false,One year,true,Electronic check,39.92,2395.2,false
CUST-00748,Female,1,false,true,63,false,false,No,false,true,true,false,true,false,Two year,true,Mailed check,76.16,4798.08,false
CUST-00749,Female,0,false,false,69,true,true,No,true,true,false,true,false,true,One year,false,Mailed check,107.01,7383.69,false
CUST-00750,Male,1,true,false,56,false,false,No,false,false,false,true,true,true,Two year,true,Credit card (automatic),55.16,3088.96,false
CUST-00751,Male,1,false,false,3,false,true,Fiber optic,false,true,false,false,true,false,One year,false,Bank transfer (automatic),73.75,221.25,false
CUST-00752,Female,0,false,true,59,false,false,No,false,false,true,false,true,false,Two year,false,Electronic check,78.44,4627.96,false
CUST-00753,Female,0,true,true,29,true,true,No,false,true,false,true,true,false,Month-to-month,false,Electronic check,57.52,1668.08,false
CUST-00754,Female,0,false,true,4,true,true,DSL,false,true,false,false,false,true,One year,true,Electronic check,86.48,345.92,false
CUST-00755,Male,0,true,true,22,false,true,Fiber optic,false,true,false,true,true,false,One year,true,Electronic check,118.77,2612.94,false
CUST-00756,Male,0,true,false,66,true,false,DSL,false,true,false,false,true,false,Two year,true,Electronic check,110.24,7275.84,false
CUST-00757,Female,0,false,false,42,false,true,DSL,false,true,true,true,true,false,Two year,true,Credit card (automatic),50.32,2113.44,false
CUST-00758,Female,1,false,true,48,false,false,No,false,true,true,false,false,false,Month-to-month,true,Electronic check,64.16,3079.68,false
CUST-00759,Female,0,false,false,28,true,false,DSL,true,true,false,false,false,true,One year,false,Credit card (automatic),100.63,2817.64,true
CUST-00760,Female,0,false,false,46,true,true,DSL,false,false,true,true,false,false,One year,false,Bank transfer (automatic),27.9,1283.4,true
CUST-00761,Male,0,false,true,25,true,false,Fiber optic,false,true,false,true,true,false,One year,true,Electronic check,41.5,1037.5,false
CUST-00762,Female,1,false,false,42,true,true,Fiber optic,true,true,false,true,false,false,One year,true,Electronic check,47.8,2007.6,false
CUST-00763,Male,0,false,true,12,false,false,Fiber optic,true,true,false,false,false,true,Two year,false,Credit card (automatic),41.9,502.8,true
CUST-00764,Female,1,true,true,33,true,true,DSL,false,true,true,true,false,false,Month-to-month,false,Electronic check,91.45,3017.85,false
CUST-00765,Male,0,false,true,25,false,true,No,true,false,true,true,true,false,Two year,true,Mailed check,28.01,700.25,false
CUST-00766,Male,0,true,false,51,false,false,Fiber optic,true,false,true,true,true,true,Two year,true,Credit card (automatic),58.14,2965.14,false
CUST-00767,Female,0,true,true,39,true,true,DSL,false,false,false,false,false,true,Two year,false,Electronic check,26.47,1032.33,false
CUST-00768,Male,0,true,false,40,false,true,Fiber optic,true,true,false,false,true,true,One year,false,Electronic check,114.99,4599.6,true
CUST-00769,Male,0,false,false,46,false,true,No,true,true,true,true,false,false,Month-to-month,true,Mailed check,64.62,2972.52,true
CUST-00770,Female,1,false,false,13,true,true,No,true,true,true,false,true,true,Month-to-month,false,Credit card (automatic),73.54,956.02,false
CUST-00771,Female,0,false,true,28,false,false,No,true,false,true,true,false,false,One year,false,Bank transfer (automatic),90.86,2544.08,false
CUST-00772,Female,0,true,true,9,true,false,Fiber optic,true,true,true,true,true,false,One year,false,Electronic check,83.49,751.41,true
CUST-00773,Male,0,false,false,63,true,false,DSL,true,false,false,true,false,false,One year,true,Mailed check,34.14,2150.82,true
CUST-00774,Female,0,true,false,33,true,true,No,true,false,false,true,true,false,Month-to-month,false,Credit card (automatic),70.74,2334.42,true
CUST-00775,Female,0,false,true,44,false,false,DSL,true,false,true,true,false,true,One year,false,Electronic check,29.89,1315.16,false
CUST-00776,Male,0,false,false,45,true,true,DSL,false,false,false,false,true,true,Two year,true,Credit card (automatic),108.76,4894.2,false
CUST-00777,Female,0,true,false,15,true,false,DSL,true,true,false,false,false,true,Month-to-month,false,Electronic check,41.37,620.55,false
CUST-00778,Male,0,true,false,16,true,false,Fiber optic,true,false,false,true,false,false,One year,false,Bank transfer (automatic),38.97,623.52,false
CUST-00779,Female,1,false,false,6,true,true,No,false,true,true,true,false,false,One year,false,Credit card (automatic),27.61,165.66,false
CUST-00780,Male,0,true,true,44,true,true,Fiber optic,false,false,false,false,true,false,Two year,true,Bank transfer (automatic),69.47,3056.68,false
CUST-00781,Male,0,true,true,62,true,false,Fiber optic,true,true,true,false,false,true,Month-to-month,true,Mailed check,109.48,6787.76,false
CUST-00782,Female,0,false,true,69,false,true,Fiber optic,true,false,true,false,true,true,One year,true,Credit card (automatic),41.93,2893.17,false
CUST-00783,Male,0,true,false,35,false,true,DSL,false,true,true,false,true,true,Two year,true,Mailed check,29.31,1025.85,false
CUST-00784,Male,0,false,false,36,false,true,DSL,false,true,false,false,false,false,Month-to-month,false,Electronic check,73.5,2646,false
CUST-00785,Male,0,false,false,69,true,true,Fiber optic,false,true,false,true,true,false,Two year,false,Mailed check,107.61,7425.09,false
CUST-00786,Male,0,false,false,46,false,true,Fiber optic,true,true,true,true,false,true,One year,false,Credit card (automatic),48.99,2253.54,false
CUST-00787,Female,0,true,false,63,false,false,Fiber optic,true,true,true,true,false,false,Two year,true,Credit card (automatic),81.13,5111.19,false
CUST-00788,Male,0,false,false,39,true,false,DSL,false,true,false,false,true,true,Two year,true,Credit card (automatic),68.51,2671.89,false
CUST-00789,Male,0,true,true,64,false,true,DSL,false,true,true,false,true,true,One year,true,Mailed check,53.06,3395.84,false
CUST-00790,Female,0,false,true,8,true,true,DSL,false,false,false,true,false,true,One year,true,Mailed check,37.03,296.24,false
CUST-00791,Female,0,false,true,5,false,false,No,true,false,true,true,false,false,Month-to-month,false,Electronic check,61.62,308.1,false
CUST-00792,Female,1,false,true,56,false,true,DSL,true,true,false,true,false,false,Month-to-month,true,Mailed check,100.2,5611.2,false
CUST-00793,Female,0,false,false,36,false,true,Fiber optic,true,true,false,true,false,true,One year,false,Electronic check,37.79,1360.44,false
CUST-00794,Male,0,false,false,45,true,false,DSL,true,true,true,true,false,true,Two year,true,Credit card (automatic),107.99,4859.55,true
CUST-00795,Male,1,false,true,68,false,true,No,false,false,false,true,true,true,Two year,false,Credit card (automatic),72.49,4929.32,false
CUST-00796,Male,0,true,true,51,false,false,No,false,false,true,true,true,false,One year,true,Credit card (automatic),86.47,4409.97,false
CUST-00797,Female,0,false,false,23,false,true,No,true,false,true,false,true,false,Month-to-month,false,Electronic check,20.43,469.89,true
CUST-00798,Male,0,true,false,62,false,true,DSL,false,false,true,false,true,true,One year,true,Mailed check,53.59,3322.58,false
CUST-00799,Female,0,false,true,34,true,false,No,true,false,false,true,true,true,Two year,true,Bank transfer (automatic),111.1,3777.4,false
CUST-00800,Female,1,true,false,3,true,true,No,false,false,true,true,false,true,Month-to-month,true,Mailed check,44.08,132.24,true
CUST-00801,Female,0,true,false,10,true,false,Fiber optic,false,true,true,true,true,false,One year,false,Mailed check,28.04,280.4,false
CUST-00802,Male,0,true,false,65,false,false,No,false,false,false,true,false,true,Two year,true,Bank transfer (automatic),84.83,5513.95,false
CUST-00803,Female,0,false,true,13,false,true,No,true,true,true,true,true,false,Two year,false,Mailed check,59.73,776.49,false
CUST-00804,Male,1,false,false,22,false,false,Fiber optic,true,true,false,false,false,true,Two year,false,Electronic check,48.72,1071.84,false
CUST-00805,Female,0,true,false,12,true,false,Fiber optic,false,false,false,true,false,false,Two year,true,Bank transfer (automatic),93.85,1126.2,false
CUST-00806,Female,1,true,false,23,false,true,Fiber optic,false,false,false,false,true,false,One year,false,Credit card (automatic),71.21,1637.83,false
CUST-00807,Male,0,false,false,56,false,false,DSL,true,true,true,false,true,false,One year,true,Electronic check,106.19,5946.64,false
CUST-00808,Female,0,false,true,31,false,true,DSL,false,true,true,true,true,true,One year,true,Mailed check,86.89,2693.59,false
CUST-00809,Female,0,true,true,31,false,false,No,false,false,true,true,true,false,Month-to-month,true,Bank transfer (automatic),45.52,1411.12,false
CUST-00810,Male,0,true,false,56,false,false,DSL,true,true,false,true,true,true,Month-to-month,true,Electronic check,49.95,2797.2,false
CUST-00811,Male,0,true,false,21,true,false,No,false,true,false,false,false,false,Month-to-month,false,Credit card (automatic),91.9,1929.9,false
CUST-00812,Male,0,true,true,2,false,false,DSL,false,true,false,false,false,false,Month-to-month,true,Credit card (automatic),81.49,162.98,false
CUST-00813,Male,0,false,true,24,true,true,DSL,false,true,false,true,false,true,Month-to-month,false,Bank transfer (automatic),42.46,1019.04,true
CUST-00814,Female,0,true,true,56,true,false,DSL,false,true,true,false,true,false,Month-to-month,true,Electronic check,63.76,3570.56,false
CUST-00815,Male,1,true,false,42,false,false,Fiber optic,false,true,false,true,false,false,Two year,true,Electronic check,46.82,1966.44,false
CUST-00816,Male,0,false,true,7,false,true,DSL,false,false,false,false,true,true,Month-to-month,false,Mailed check,39.02,273.14,false
CUST-00817,Male,1,true,true,22,false,false,No,true,true,false,true,false,true,Month-to-month,false,Bank transfer (automatic),41.15,905.3,true
CUST-00818,Female,0,false,true,53,false,false,DSL,true,false,true,true,false,false,One year,false,Mailed check,86.34,4576.02,false
CUST-00819,Female,0,true,false,72,false,false,DSL,true,false,false,false,true,true,Two year,false,Electronic check,41.74,3005.28,false
CUST-00820,Female,1,false,true,7,false,true,Fiber optic,false,true,true,false,false,true,Two year,true,Bank transfer (automatic),102.54,717.78,false
CUST-00821,Female,0,true,false,62,false,false,No,true,true,false,true,false,false,One year,false,Credit card (automatic),78.29,4853.98,false
CUST-00822,Female,0,true,false,69,true,true,No,true,true,false,true,false,true,One year,false,Bank transfer (automatic),105.56,7283.64,true
CUST-00823,Female,0,true,false,17,false,true,No,true,false,true,true,false,true,Month-to-month,true,Credit card (automatic),24.49,416.33,false
CUST-00824,Male,0,false,false,17,false,true,No,true,true,true,false,false,false,One year,true,Electronic check,103.28,1755.76,false
CUST-00825,Male,0,true,true,49,true,true,No,false,true,false,false,true,true,Two year,false,Mailed check,80.15,3927.35,false
CUST-00826,Female,0,true,true,50,false,true,Fiber optic,true,true,true,false,true,false,Two year,true,Mailed check,33.17,1658.5,false
CUST-00827,Male,0,false,false,39,true,false,No,false,false,true,true,false,false,One year,true,Mailed check,72.51,2827.89,true
CUST-00828,Female,0,false,false,43,false,false,No,true,false,true,true,true,false,Two year,true,Bank transfer (automatic),77.91,3350.13,false
CUST-00829,Female,0,true,false,66,false,false,DSL,true,true,true,false,true,true,Two year,true,Electronic check,99.27,6551.82,false
CUST-00830,Female,0,false,true,68,false,false,DSL,false,false,true,false,false,false,Month-to-month,false,Credit card (automatic),70.87,4819.16,false
CUST-00831,Male,1,false,true,4,true,false,Fiber optic,true,true,true,false,true,true,Two year,false,Mailed check,38.78,155.12,true
CUST-00832,Male,0,false,false,40,true,true,DSL,true,false,false,true,true,true,One year,false,Credit card (automatic),61.27,2450.8,false
CUST-00833,Male,0,false,true,31,false,false,DSL,false,false,false,true,false,true,Month-to-month,false,Electronic check,38.79,1202.49,false
CUST-00834,Male,0,false,false,13,false,false,DSL,false,true,false,true,false,true,Two year,false,Electronic check,24.56,319.28,false
CUST-00835,Male,0,true,false,58,false,true,Fiber optic,true,false,true,true,true,true,One year,true,Mailed check,27.25,1580.5,true
CUST-00836,Female,0,false,true,71,true,false,Fiber optic,true,true,true,false,false,false,Two year,false,Bank transfer (automatic),48.49,3442.79,false
CUST-00837,Female,1,true,true,23,false,false,No,false,false,false,false,true,true,One year,false,Mailed check,29.29,673.67,true
CUST-00838,Female,0,false,false,47,true,false,Fiber optic,true,false,true,false,false,false,Month-to-month,false,Bank transfer (automatic),76.06,3574.82,true
CUST-00839,Female,1,true,true,19,true,true,No,true,false,true,false,false,true,Two year,true,Electronic check,112.17,2131.23,false
CUST-00840,Male,0,false,false,10,true,false,Fiber optic,true,false,true,false,true,true,One year,true,Credit card (automatic),22.32,223.2,true
CUST-00841,Male,1,true,false,56,true,false,No,true,false,false,false,true,true,Two year,true,Electronic check,116.07,6499.92,false
CUST-00842,Female,1,true,false,51,true,true,No,false,false,false,false,true,false,One year,true,Mailed check,104.58,5333.58,false
CUST-00843,Male,0,true,false,2,true,false,Fiber optic,false,true,false,true,true,false,One year,true,Mailed check,21.87,43.74,true
CUST-00844,Male,0,true,true,24,true,false,No,true,true,false,false,true,true,Two year,false,Electronic check,40.19,964.56,false
CUST-00845,Male,0,true,true,29,true,false,DSL,false,false,false,false,true,true,Month-to-month,false,Electronic check,41.53,1204.37,false
CUST-00846,Female,0,false,false,22,false,true,No,true,false,true,false,true,false,Month-to-month,false,Credit card (automatic),34.13,750.86,false
CUST-00847,Male,0,false,true,66,true,true,No,true,true,true,true,false,false,Month-to-month,true,Bank transfer (automatic),56.67,3740.22,false
CUST-00848,Male,0,true,true,35,true,false,Fiber optic,true,true,true,true,false,true,Month-to-month,true,Bank transfer (automatic),74.41,2604.35,false
CUST-00849,Female,0,false,true,39,false,true,Fiber optic,false,false,false,true,true,false,Two year,false,Electronic check,74.13,2891.07,false
CUST-00850,Male,0,true,false,11,true,false,No,false,false,true,true,false,false,Two year,true,Mailed check,30.07,330.77,false
CUST-00851,Male,0,true,true,33,true,false,No,true,false,false,true,true,true,Month-to-month,true,Credit card (automatic),94.28,3111.24,false
CUST-00852,Female,0,true,true,57,true,false,Fiber optic,true,true,false,true,true,false,One year,true,Electronic check,70.42,4013.94,false
CUST-00853,Female,0,true,true,43,true,false,Fiber optic,false,true,true,false,false,true,One year,true,Credit card (automatic),92.65,3983.95,false
CUST-00854,Female,0,false,true,26,false,false,DSL,false,true,false,true,false,false,Month-to-month,true,Mailed check,113.72,2956.72,false
CUST-00855,Male,0,false,true,22,true,true,DSL,false,false,false,false,false,false,Two year,true,Bank transfer (automatic),117.74,2590.28,false
CUST-00856,Male,1,true,false,58,true,false,Fiber optic,true,false,false,false,false,false,One year,true,Mailed check,77.19,4477.02,false
CUST-00857,Male,1,false,true,17,false,true,Fiber optic,true,false,true,false,false,true,One year,true,Electronic check,99.95,1699.15,true
CUST-00858,Male,1,false,false,71,true,false,DSL,true,true,true,true,false,false,Month-to-month,false,Bank transfer (automatic),113.52,8059.92,false
CUST-00859,Female,0,false,false,11,true,false,DSL,true,true,false,true,false,false,Month-to-month,false,Electronic check,35.41,389.51,false
CUST-00860,Female,0,false,true,34,true,false,DSL,true,false,false,true,true,true,Month-to-month,false,Mailed check,35.45,1205.3,true
CUST-00861,Female,0,true,false,46,true,false,Fiber optic,false,false,true,false,true,false,Two year,false,Electronic check,116.55,5361.3,false
CUST-00862,Female,0,false,false,26,true,false,No,false,true,false,false,true,true,Two year,true,Electronic check,21.57,560.82,false
CUST-00863,Female,0,true,true,4,true,true,Fiber optic,false,true,false,true,false,false,Month-to-month,false,Electronic check,72.87,291.48,false
CUST-00864,Female,0,true,true,54,true,true,Fiber optic,true,true,true,false,false,true,Two year,false,Bank transfer (automatic),118.93,6422.22,false
CUST-00865,Female,0,true,false,22,false,false,DSL,true,false,true,false,true,false,Two year,false,Mailed check,103.26,2271.72,false
CUST-00866,Male,0,false,true,30,true,true,No,true,false,false,true,false,true,Month-to-month,true,Mailed check,104.74,3142.2,true
CUST-00867,Female,0,false,true,61,false,true,DSL,false,false,true,false,false,false,Two year,true,Credit card (automatic),112.58,6867.38,false
CUST-00868,Female,0,true,false,22,true,false,No,false,true,false,false,false,true,Two year,true,Mailed check,93.56,2058.32,false
CUST-00869,Female,0,false,true,52,false,false,DSL,false,false,true,false,true,true,Month-to-month,false,Bank transfer (automatic),110.19,5729.88,true
CUST-00870,Male,0,true,true,40,false,true,Fiber optic,false,false,false,true,false,true,Two year,false,Bank transfer (automatic),61.93,2477.2,false
CUST-00871,Male,0,true,true,43,true,true,No,false,true,true,false,true,true,Month-to-month,true,Credit card (automatic),95.65,4112.95,false
CUST-00872,Male,0,true,false,64,true,false,DSL,false,true,false,true,false,true,Two year,false,Credit card (automatic),89.24,5711.36,false
CUST-00873,Male,0,false,true,9,true,false,No,false,false,false,false,false,true,Month-to-month,true,Electronic check,94.57,851.13,true
CUST-00874,Male,0,false,true,47,true,false,No,true,false,true,false,false,true,Month-to-month,true,Bank transfer (automatic),46,2162,false
CUST-00875,Male,1,false,false,48,true,false,DSL,true,false,false,false,true,true,Month-to-month,false,Electronic check,30.98,1487.04,true
CUST-00876,Female,1,false,true,39,true,true,DSL,true,false,false,false,false,false,Two year,false,Mailed check,76.11,2968.29,false
CUST-00877,Male,0,false,false,50,true,false,No,true,false,true,false,true,true,Month-to-month,false,Credit card (automatic),32.14,1607,false
CUST-00878,Male,0,false,false,19,true,false,DSL,false,false,false,true,true,true,One year,true,Bank transfer (automatic),73.23,1391.37,false
CUST-00879,Male,0,false,false,26,false,false,No,true,true,true,true,true,true,Month-to-month,false,Credit card (automatic),62.89,1635.14,true
CUST-00880,Female,0,true,false,13,true,true,No,false,true,false,true,true,true,Month-to-month,false,Mailed check,98.11,1275.43,false
CUST-00881,Female,0,false,false,66,false,false,DSL,false,false,true,true,true,false,Month-to-month,false,Mailed check,78.15,5157.9,true
CUST-00882,Female,0,true,false,4,true,false,DSL,false,false,true,true,true,true,One year,true,Mailed check,25.61,102.44,false
CUST-00883,Male,0,true,true,15,false,false,DSL,true,true,true,true,true,false,One year,true,Mailed check,50.33,754.95,false
CUST-00884,Male,1,true,true,71,true,true,Fiber optic,true,false,false,false,false,true,Month-to-month,false,Electronic check,116.96,8304.16,false
CUST-00885,Male,0,true,false,65,true,true,No,false,true,false,true,false,true,One year,true,Bank transfer (automatic),105.42,6852.3,false
CUST-00886,Male,0,true,false,12,false,false,DSL,true,true,true,false,false,true,Two year,false,Mailed check,55.66,667.92,false
CUST-00887,Male,0,true,true,25,false,true,No,false,true,false,true,false,true,Two year,false,Bank transfer (automatic),67.31,1682.75,false
CUST-00888,Male,0,false,false,29,false,false,No,true,false,false,false,false,true,Two year,true,Mailed check,43.59,1264.11,false
CUST-00889,Male,1,true,false,16,false,true,Fiber optic,true,false,true,false,true,false,Two year,false,Credit card (automatic),82.78,1324.48,false
CUST-00890,Female,0,true,true,21,false,true,DSL,true,true,true,false,true,false,Two year,false,Credit card (automatic),106.05,2227.05,false
CUST-00891,Female,1,true,true,67,true,false,DSL,false,true,true,true,true,false,Two year,false,Credit card (automatic),81.24,5443.08,false
CUST-00892,Male,0,false,false,29,false,true,DSL,true,true,true,true,false,false,One year,true,Credit card (automatic),76.04,2205.16,false
CUST-00893,Female,0,true,true,56,false,false,DSL,true,true,false,true,true,true,Month-to-month,true,Mailed check,99.33,5562.48,true
CUST-00894,Male,0,true,true,50,true,false,DSL,false,false,true,false,false,true,Month-to-month,true,Mailed check,103.13,5156.5,false
CUST-00895,Female,0,true,false,51,false,false,Fiber optic,true,true,false,false,false,true,Month-to-month,false,Mailed check,75.03,3826.53,false
CUST-00896,Male,1,false,false,31,true,true,No,false,true,false,true,false,false,Month-to-month,true,Electronic check,24.72,766.32,false
CUST-00897,Female,0,false,true,3,false,false,No,false,false,true,true,false,true,One year,true,Credit card (automatic),87.89,263.67,false
CUST-00898,Female,0,false,true,40,true,false,Fiber optic,true,true,true,true,true,true,One year,true,Mailed check,52.78,2111.2,false
CUST-00899,Female,0,true,false,71,true,false,Fiber optic,false,true,true,true,true,false,One year,true,Mailed check,65.36,4640.56,false
CUST-00900,Female,1,false,true,18,false,false,Fiber optic,true,true,true,true,true,true,Two year,true,Bank transfer (automatic),87.55,1575.9,false
CUST-00901,Male,0,false,true,57,true,true,Fiber optic,false,false,false,false,true,false,Month-to-month,true,Electronic check,101.42,5780.94,false
CUST-00902,Female,0,true,true,3,false,true,No,false,false,true,true,true,true,Two year,false,Electronic check,107.87,323.61,false
CUST-00903,Female,0,true,false,6,false,true,Fiber optic,false,true,false,false,false,true,Two year,false,Bank transfer (automatic),91.49,548.94,false
CUST-00904,Female,0,false,false,8,false,true,No,true,true,true,true,false,false,Month-to-month,false,Electronic check,60.59,484.72,false
CUST-00905,Female,1,true,false,58,false,true,Fiber optic,false,true,false,true,true,true,Month-to-month,false,Credit card (automatic),70.94,4114.52,false
CUST-00906,Male,0,true,true,14,true,false,DSL,true,true,false,true,true,true,One year,true,Mailed check,46.4,649.6,false
CUST-00907,Male,0,false,false,58,true,true,DSL,false,true,false,false,false,false,Two year,true,Bank transfer (automatic),74,4292,false
CUST-00908,Female,0,true,false,46,false,false,No,false,false,true,true,true,false,Two year,false,Mailed check,108.33,4983.18,false
CUST-00909,Male,0,true,false,45,true,true,No,true,true,false,true,false,false,Two year,true,Mailed check,77.69,3496.05,false
CUST-00910,Male,0,true,true,38,false,true,DSL,false,false,true,true,false,true,One year,true,Credit card (automatic),49.44,1878.72,false
CUST-00911,Female,0,true,true,15,true,false,DSL,false,false,true,false,false,false,One year,false,Electronic check,56.76,851.4,false
CUST-00912,Male,0,false,false,68,true,false,Fiber optic,true,true,true,false,false,true,Month-to-month,false,Credit card (automatic),55.07,3744.76,true
CUST-00913,Male,0,true,false,34,false,false,DSL,true,true,false,true,true,true,One year,false,Mailed check,45.48,1546.32,false
CUST-00914,Female,0,false,true,28,true,false,No,true,true,true,true,true,false,One year,true,Mailed check,22.8,638.4,false
CUST-00915,Male,1,false,true,25,false,false,DSL,false,true,true,true,false,true,Month-to-month,true,Electronic check,22.54,563.5,true
CUST-00916,Male,0,false,false,35,false,true,Fiber optic,true,true,true,true,false,true,Two year,false,Credit card (automatic),63.89,2236.15,false
CUST-00917,Female,0,false,true,26,false,false,No,true,true,false,true,false,true,Month-to-month,false,Bank transfer (automatic),97.72,2540.72,true
CUST-00918,Male,0,true,false,62,false,false,No,false,false,true,false,true,true,One year,false,Bank transfer (automatic),77.08,4778.96,false
CUST-00919,Male,1,true,false,28,true,false,Fiber optic,false,true,true,false,false,false,Two year,false,Electronic check,76.96,2154.88,false
CUST-00920,Female,0,false,false,5,false,true,Fiber optic,true,false,false,false,false,false,Month-to-month,false,Electronic check,103.24,516.2,true
CUST-00921,Female,0,false,false,60,true,false,Fiber optic,false,false,true,true,true,true,One year,true,Mailed check,36.98,2218.8,false
CUST-00922,Female,0,true,true,37,false,false,DSL,true,false,false,true,false,false,Month-to-month,false,Credit card (automatic),23.93,885.41,true
CUST-00923,Female,0,false,false,69,false,false,Fiber optic,false,false,true,false,true,false,One year,true,Credit card (automatic),36.64,2528.16,false
CUST-00924,Male,0,true,true,7,true,true,Fiber optic,true,true,true,false,false,true,Two year,false,Electronic check,105.99,741.93,false
CUST-00925,Male,0,true,false,45,true,false,DSL,true,false,true,true,false,false,One year,true,Bank transfer (automatic),76.13,3425.85,false
CUST-00926,Male,1,true,false,11,true,false,DSL,false,false,true,false,true,true,Month-to-month,false,Electronic check,83.25,915.75,false
CUST-00927,Female,0,false,false,39,false,false,DSL,true,true,false,true,true,false,Month-to-month,true,Credit card (automatic),82.37,3212.43,false
CUST-00928,Female,0,true,true,63,false,false,DSL,true,true,false,false,true,true,Two year,false,Bank transfer (automatic),98.48,6204.24,false
CUST-00929,Female,1,false,true,42,true,true,Fiber optic,true,true,false,false,true,true,One year,true,Mailed check,118.06,4958.52,false
CUST-00930,Male,0,false,true,56,true,true,No,false,true,false,true,true,false,One year,true,Credit card (automatic),52.6,2945.6,true
CUST-00931,Female,1,false,false,29,true,false,DSL,false,true,false,false,true,true,Month-to-month,true,Electronic check,36.72,1064.88,true
CUST-00932,Female,0,false,false,5,true,false,Fiber optic,true,false,false,true,true,false,Two year,false,Bank transfer (automatic),36.59,182.95,false
CUST-00933,Male,1,true,false,40,true,false,No,true,true,false,false,false,false,Month-to-month,true,Electronic check,57.45,2298,false
CUST-00934,Female,0,false,false,1,true,false,No,false,false,true,true,true,false,Month-to-month,true,Bank transfer (automatic),86.73,86.73,false
CUST-00935,Male,0,false,true,54,true,false,DSL,true,false,false,false,true,true,One year,true,Credit card (automatic),88.79,4794.66,false
CUST-00936,Male,1,true,false,65,true,true,Fiber optic,true,false,true,true,true,false,Month-to-month,true,Mailed check,37.04,2407.6,false
CUST-00937,Female,0,true,false,31,false,true,Fiber optic,true,false,true,true,false,false,One year,false,Electronic check,22.83,707.73,false
CUST-00938,Female,0,false,false,62,false,false,DSL,false,true,false,true,true,true,Two year,false,Mailed check,86.95,5390.9,false
CUST-00939,Male,0,true,true,24,false,true,Fiber optic,true,true,false,true,false,true,One year,true,Mailed check,49.77,1194.48,true
CUST-00940,Male,1,false,true,6,false,false,Fiber optic,false,false,false,true,true,false,Two year,false,Bank transfer (automatic),45.79,274.74,false
CUST-00941,Female,0,true,false,10,true,true,No,true,false,true,true,false,true,One year,true,Mailed check,112,1120,false
CUST-00942,Male,0,false,false,32,false,false,DSL,true,false,true,true,true,true,Month-to-month,true,Mailed check,50.73,1623.36,true
CUST-00943,Female,1,false,false,53,false,false,No,true,false,true,false,true,true,Month-to-month,true,Bank transfer (automatic),103.83,5502.99,true
CUST-00944,Female,0,false,false,47,true,false,Fiber optic,false,false,false,false,true,true,Month-to-month,false,Credit card (automatic),26.2,1231.4,false
CUST-00945,Female,0,false,true,62,true,true,Fiber optic,false,false,false,true,false,false,Month-to-month,true,Credit card (automatic),62.29,3861.98,false
CUST-00946,Female,0,true,false,2,true,true,DSL,false,true,false,true,true,false,Two year,false,Credit card (automatic),102.44,204.88,false
CUST-00947,Female,0,true,false,24,false,false,No,false,false,true,false,false,false,Two year,true,Mailed check,76.63,1839.12,false
CUST-00948,Female,1,false,true,67,false,false,DSL,true,true,false,false,true,false,Month-to-month,false,Electronic check,85.7,5741.9,false
CUST-00949,Female,0,false,false,67,true,true,Fiber optic,false,false,true,true,false,true,One year,true,Credit card (automatic),94.32,6319.44,false
CUST-00950,Male,0,true,false,42,false,false,DSL,false,false,true,false,false,false,One year,true,Mailed check,48.35,2030.7,false
CUST-00951,Female,0,true,false,17,false,false,Fiber optic,true,true,true,false,false,false,Two year,false,Electronic check,40.93,695.81,false
CUST-00952,Female,1,false,true,23,true,false,DSL,true,true,false,false,false,false,Two year,false,Mailed check,95.37,2193.51,false
CUST-00953,Male,0,false,true,21,true,true,Fiber optic,false,true,false,true,true,false,Month-to-month,true,Credit card (automatic),109.12,2291.52,true
CUST-00954,Male,0,true,false,24,true,false,Fiber optic,true,true,true,true,false,true,Month-to-month,true,Mailed check,51.86,1244.64,false
CUST-00955,Male,0,false,false,42,true,true,DSL,true,true,true,false,true,false,Two year,true,Credit card (automatic),83.34,3500.28,false
CUST-00956,Male,0,false,false,68,false,true,Fiber optic,false,false,true,false,false,true,Month-to-month,false,Mailed check,49.33,3354.44,false
CUST-00957,Male,0,true,true,45,true,false,DSL,true,false,true,false,true,true,One year,true,Credit card (automatic),64.1,2884.5,false
CUST-00958,Male,0,false,true,46,false,true,DSL,false,true,false,true,false,true,One year,false,Electronic check,25.81,1187.26,false
CUST-00959,Male,1,false,true,43,false,true,No,true,false,false,true,false,false,One year,false,Credit card (automatic),88.97,3825.71,false
CUST-00960,Male,0,true,true,30,true,false,DSL,false,false,true,true,false,true,Month-to-month,false,Mailed check,79.74,2392.2,false
CUST-00961,Female,1,false,false,20,false,false,No,true,true,false,true,true,false,Two year,true,Bank transfer (automatic),95.16,1903.2,false
CUST-00962,Male,0,false,true,21,true,false,Fiber optic,false,true,true,true,true,false,One year,false,Electronic check,21.08,442.68,false
CUST-00963,Male,0,false,true,44,false,true,DSL,false,false,true,true,false,true,Month-to-month,false,Credit card (automatic),39.22,1725.68,false
CUST-00964,Male,0,true,true,41,true,false,Fiber optic,false,true,false,true,true,false,Month-to-month,false,Bank transfer (automatic),91.68,3758.88,false
CUST-00965,Female,0,false,false,50,false,false,DSL,true,true,false,true,true,false,Two year,false,Mailed check,21.7,1085,false
CUST-00966,Female,0,false,true,48,true,false,Fiber optic,true,true,true,true,false,false,Month-to-month,false,Mailed check,30.09,1444.32,false
CUST-00967,Female,1,false,false,33,false,false,Fiber optic,false,false,false,false,true,true,One year,false,Bank transfer (automatic),77.24,2548.92,false
CUST-00968,Female,1,false,false,41,false,false,DSL,false,true,true,true,true,true,Month-to-month,true,Credit card (automatic),100.11,4104.51,false
CUST-00969,Male,0,false,true,60,true,true,No,true,false,false,false,true,true,Two year,true,Electronic check,104.09,6245.4,false
CUST-00970,Female,0,false,true,16,false,false,No,true,true,true,true,false,true,One year,true,Credit card (automatic),92.85,1485.6,false
CUST-00971,Male,0,true,false,1,false,true,Fiber optic,true,false,false,false,true,false,One year,true,Bank transfer (automatic),118.1,118.1,false
CUST-00972,Female,0,true,true,29,true,false,DSL,false,false,true,false,true,true,One year,false,Electronic check,107.49,3117.21,false
CUST-00973,Female,0,true,false,54,true,false,DSL,false,true,false,true,false,true,Month-to-month,false,Bank transfer (automatic),23.66,1277.64,false
CUST-00974,Female,0,true,false,64,true,true,DSL,true,false,false,false,false,true,Two year,true,Electronic check,69.02,4417.28,false
CUST-00975,Female,1,false,true,18,false,false,Fiber optic,true,true,false,true,false,true,One year,false,Bank transfer (automatic),35.11,631.98,false
CUST-00976,Female,0,true,true,25,true,false,No,false,true,true,true,true,true,Month-to-month,false,Bank transfer (automatic),63.22,1580.5,false
CUST-00977,Male,0,true,true,59,false,false,Fiber optic,false,true,false,true,false,true,One year,true,Credit card (automatic),30.64,1807.76,false
CUST-00978,Female,0,true,true,68,true,false,DSL,true,false,false,false,false,false,Two year,true,Bank transfer (automatic),104.64,7115.52,false
CUST-00979,Male,0,false,true,51,false,false,Fiber optic,false,true,false,true,true,false,Two year,false,Bank transfer (automatic),47.82,2438.82,false
CUST-00980,Female,0,true,false,62,true,false,No,true,true,false,false,false,true,Month-to-month,false,Electronic check,48.15,2985.3,true
CUST-00981,Female,1,false,true,51,true,true,No,false,true,true,false,true,false,Two year,false,Electronic check,67.96,3465.96,false
CUST-00982,Male,0,true,false,24,true,false,DSL,true,true,false,true,false,true,Month-to-month,true,Credit card (automatic),46.56,1117.44,false
CUST-00983,Male,0,true,false,59,false,false,DSL,true,false,false,false,false,true,Two year,false,Bank transfer (automatic),63.83,3765.97,false
CUST-00984,Male,0,false,false,29,false,false,No,true,true,true,false,true,true,One year,false,Electronic check,102.05,2959.45,false
CUST-00985,Male,0,false,true,22,false,false,Fiber optic,true,true,false,false,false,false,One year,true,Bank transfer (automatic),46.22,1016.84,false
CUST-00986,Male,0,true,false,7,true,false,Fiber optic,true,true,true,false,false,false,One year,false,Credit card (automatic),85.54,598.78,false
CUST-00987,Male,0,false,true,20,false,true,No,true,true,true,false,false,false,Month-to-month,true,Credit card (automatic),64.43,1288.6,false
CUST-00988,Male,0,false,false,24,false,true,Fiber optic,false,false,false,false,true,true,One year,true,Mailed check,28.05,673.2,false
CUST-00989,Male,0,true,true,30,true,true,DSL,true,true,false,false,false,false,Month-to-month,false,Credit card (automatic),49.61,1488.3,false
CUST-00990,Female,1,false,false,36,false,false,DSL,false,true,false,true,true,false,Month-to-month,false,Electronic check,24.09,867.24,false
CUST-00991,Female,0,true,false,39,true,true,DSL,true,true,true,true,true,true,Two year,true,Electronic check,101.79,3969.81,false
CUST-00992,Female,0,true,false,19,true,false,No,false,true,true,true,false,true,Month-to-month,false,Mailed check,52.84,1003.96,false
CUST-00993,Female,0,false,true,47,false,false,DSL,true,false,true,true,false,false,Month-to-month,true,Bank transfer (automatic),116.62,5481.14,false
CUST-00994,Female,0,false,true,66,false,true,Fiber optic,false,true,false,false,false,false,Month-to-month,true,Bank transfer (automatic),39.75,2623.5,false
CUST-00995,Female,0,false,false,17,true,false,No,false,false,false,true,true,true,One year,true,Bank transfer (automatic),83.99,1427.83,false
CUST-00996,Female,0,true,false,36,true,false,DSL,true,true,false,false,false,true,Two year,true,Electronic check,60.29,2170.44,false
CUST-00997,Male,0,true,true,22,false,false,Fiber optic,true,true,true,false,false,true,One year,true,Bank transfer (automatic),32.56,716.32,false
CUST-00998,Female,0,false,true,21,false,true,Fiber optic,false,true,true,false,false,true,Month-to-month,true,Credit card (automatic),51.6,1083.6,true
CUST-00999,Male,0,true,false,21,true,true,Fiber optic,false,true,true,true,true,true,Two year,true,Electronic check,32.13,674.73,false
CUST-01000,Female,1,true,false,40,true,true,No,true,true,true,true,false,false,Two year,false,Credit card (automatic),47.23,1889.2,false
CUST-01001,Male,0,true,false,68,false,false,Fiber optic,false,false,false,true,true,false,Month-to-month,false,Mailed check,85.44,5809.92,true
CUST-01002,Female,0,false,false,68,true,false,DSL,false,false,false,false,true,true,Two year,false,Mailed check,51.24,3484.32,false
CUST-01003,Male,0,true,false,46,false,false,Fiber optic,false,false,true,true,false,true,One year,false,Electronic check,81.38,3743.48,false
CUST-01004,Male,0,false,false,25,true,false,Fiber optic,false,true,false,false,true,true,Month-to-month,false,Mailed check,99.12,2478,true
CUST-01005,Female,0,true,true,33,true,false,DSL,false,false,true,true,false,false,Month-to-month,false,Credit card (automatic),59.93,1977.69,true
CUST-01006,Male,0,false,true,21,true,false,No,false,false,false,true,false,true,Month-to-month,true,Credit card (automatic),68.56,1439.76,false
CUST-01007,Male,0,false,false,29,true,false,DSL,false,true,false,false,true,false,One year,true,Bank transfer (automatic),69.83,2025.07,false
CUST-01008,Male,0,true,true,72,true,true,Fiber optic,true,false,true,true,false,false,Two year,false,Electronic check,62.59,4506.48,false
CUST-01009,Male,0,false,true,13,false,false,Fiber optic,false,true,true,false,false,true,Month-to-month,true,Electronic check,21.32,277.16,true
CUST-01010,Female,0,false,false,62,false,false,Fiber optic,true,false,false,true,false,true,One year,true,Electronic check,73.7,4569.4,false
CUST-01011,Female,0,true,true,43,true,false,Fiber optic,true,true,true,true,true,true,Month-to-month,false,Mailed check,69.06,2969.58,true
CUST-01012,Female,1,false,true,66,false,false,Fiber optic,false,true,true,false,true,false,One year,true,Electronic check,115.58,7628.28,false
CUST-01013,Female,0,false,true,19,false,false,DSL,false,true,true,true,false,false,Two year,false,Bank transfer (automatic),91.33,1735.27,false
CUST-01014,Female,1,true,false,31,false,true,No,false,true,true,false,true,false,Month-to-month,true,Electronic check,37.58,1164.98,false
CUST-01015,Female,0,true,false,19,false,false,DSL,true,true,false,true,false,true,Two year,false,Mailed check,103.32,1963.08,false
CUST-01016,Male,1,false,true,65,false,false,Fiber optic,false,true,true,true,true,true,Two year,false,Credit card (automatic),76.74,4988.1,false
CUST-01017,Male,0,false,true,54,false,true,No,false,true,true,true,true,false,Month-to-month,true,Electronic check,62.89,3396.06,false
CUST-01018,Male,0,false,true,1,true,true,Fiber optic,true,true,false,false,false,false,One year,true,Credit card (automatic),59.98,59.98,false
CUST-01019,Female,0,false,false,22,true,false,Fiber optic,true,true,false,false,false,true,One year,false,Credit card (automatic),104.18,2291.96,false
CUST-01020,Female,0,false,false,16,true,false,No,false,true,true,false,false,false,One year,false,Credit card (automatic),93.87,1501.92,false
CUST-01021,Female,1,false,false,43,false,false,No,true,false,true,false,false,false,Two year,true,Electronic check,33.46,1438.78,false
CUST-01022,Male,0,true,false,54,false,true,Fiber optic,false,false,true,false,false,true,One year,false,Mailed check,38.64,2086.56,false
CUST-01023,Female,1,false,true,8,false,false,No,true,true,true,true,true,false,Month-to-month,true,Mailed check,43.21,345.68,false
CUST-01024,Female,0,false,false,71,true,false,No,false,true,true,false,true,false,Month-to-month,true,Bank transfer (automatic),112.26,7970.46,false
CUST-01025,Female,0,true,false,58,true,false,No,true,false,true,true,true,true,Two year,false,Credit card (automatic),47.74,2768.92,true
CUST-01026,Female,0,true,true,40,false,true,No,true,false,true,false,false,true,One year,false,Electronic check,75.75,3030,false
CUST-01027,Female,0,true,false,60,true,true,No,true,true,false,false,false,false,One year,false,Electronic check,65.14,3908.4,false
CUST-01028,Male,0,false,false,61,false,true,No,false,true,true,false,true,true,Two year,true,Electronic check,77.42,4722.62,false
CUST-01029,Male,0,true,false,68,true,false,Fiber optic,false,true,true,true,true,false,One year,true,Bank transfer (automatic),28.08,1909.44,true
CUST-01030,Female,0,true,false,9,false,false,Fiber optic,false,false,false,true,false,true,One year,false,Bank transfer (automatic),50.94,458.46,false
CUST-01031,Female,0,true,true,5,true,true,Fiber optic,false,false,false,true,true,true,Two year,true,Credit card (automatic),22.87,114.35,false
CUST-01032,Female,0,false,true,22,true,false,DSL,true,false,false,true,false,false,Month-to-month,true,Mailed check,28.64,630.08,true
CUST-01033,Male,0,false,true,21,false,false,No,true,false,false,true,false,false,Two year,false,Bank transfer (automatic),93.43,1962.03,false
CUST-01034,Male,0,true,true,40,true,true,Fiber optic,true,false,true,false,false,true,Month-to-month,false,Credit card (automatic),29.39,1175.6,true
CUST-01035,Male,0,false,true,22,false,true,DSL,false,true,false,true,false,false,One year,false,Mailed check,72.01,1584.22,false
CUST-01036,Male,0,false,true,28,false,true,Fiber optic,false,false,true,false,true,false,Month-to-month,true,Mailed check,106.67,2986.76,false
CUST-01037,Male,0,false,false,18,true,true,DSL,true,false,false,true,true,false,Month-to-month,false,Bank transfer (automatic),58.74,1057.32,true
CUST-01038,Male,0,true,true,2,false,true,Fiber optic,false,false,false,true,true,true,Two year,true,Bank transfer (automatic),65.29,130.58,false
CUST-01039,Female,1,true,false,64,true,true,DSL,true,true,false,true,true,false,Month-to-month,false,Mailed check,90.85,5814.4,true
CUST-01040,Female,0,true,false,27,false,false,Fiber optic,false,true,false,true,true,true,Two year,false,Bank transfer (automatic),111.91,3021.57,false
CUST-01041,Female,0,false,true,66,false,true,Fiber optic,true,false,false,false,false,false,Two year,false,Bank transfer (automatic),118.88,7846.08,false
CUST-01042,Female,0,true,true,54,false,true,Fiber optic,false,true,false,false,true,false,Two year,true,Credit card (automatic),106.17,5733.18,false
CUST-01043,Female,0,true,true,50,false,false,No,false,true,false,true,true,true,One year,true,Electronic check,117.81,5890.5,false
CUST-01044,Male,0,false,false,39,false,true,DSL,true,false,false,true,false,true,Month-to-month,false,Bank transfer (automatic),94.25,3675.75,true
CUST-01045,Male,0,false,false,64,true,false,DSL,false,false,true,true,true,false,One year,true,Electronic check,100.58,6437.12,false
CUST-01046,Male,0,false,false,62,true,true,Fiber optic,true,false,false,true,true,true,Two year,true,Mailed check,49.32,3057.84,false
CUST-01047,Female,0,true,true,67,false,false,Fiber optic,false,false,true,true,false,true,One year,true,Electronic check,37,2479,true
CUST-01048,Female,0,false,false,24,true,false,No,false,false,true,false,false,true,Two year,false,Credit card (automatic),91.35,2192.4,false
CUST-01049,Female,0,false,true,65,false,true,No,false,false,true,false,false,false,One year,false,Bank transfer (automatic),22.41,1456.65,false
CUST-01050,Male,0,true,false,59,true,true,Fiber optic,false,true,false,false,true,false,One year,true,Bank transfer (automatic),70.79,4176.61,false
CUST-01051,Female,0,true,true,68,false,true,No,false,false,true,false,true,false,Month-to-month,false,Mailed check,110.96,7545.28,false
CUST-01052,Male,0,false,true,40,false,false,No,true,false,false,true,true,false,Two year,true,Credit card (automatic),62.74,2509.6,false
CUST-01053,Male,0,true,true,53,false,true,No,false,false,true,false,false,true,Two year,false,Credit card (automatic),22.98,1217.94,false
CUST-01054,Female,0,false,true,29,true,true,No,false,false,false,true,false,true,Month-to-month,true,Mailed check,68.05,1973.45,false
CUST-01055,Male,0,true,false,54,false,true,No,false,true,false,true,false,false,Month-to-month,true,Credit card (automatic),46.91,2533.14,false
CUST-01056,Male,0,false,false,4,true,false,Fiber optic,true,false,true,false,true,true,One year,false,Credit card (automatic),40.38,161.52,false
CUST-01057,Female,0,false,false,69,true,true,No,false,true,false,true,true,false,One year,true,Bank transfer (automatic),113.16,7808.04,false
CUST-01058,Male,0,false,true,30,false,true,DSL,false,false,false,false,true,false,Month-to-month,true,Bank transfer (automatic),98.18,2945.4,false
CUST-01059,Female,0,true,true,47,true,true,DSL,true,true,false,true,false,false,Month-to-month,false,Electronic check,44.58,2095.26,false
CUST-01060,Male,0,true,false,20,true,false,Fiber optic,false,false,true,false,false,true,Month-to-month,false,Electronic check,23.88,477.6,true
CUST-01061,Male,1,true,true,19,false,false,No,false,true,false,true,false,true,Month-to-month,true,Credit card (automatic),117.68,2235.92,true
CUST-01062,Female,0,true,false,48,true,true,Fiber optic,true,false,false,true,false,false,Two year,false,Credit card (automatic),55.78,2677.44,false
CUST-01063,Male,0,false,true,41,false,false,DSL,true,false,false,true,false,false,One year,false,Bank transfer (automatic),66.34,2719.94,false
CUST-01064,Female,0,true,false,33,true,true,DSL,false,false,false,false,false,false,Two year,false,Bank transfer (automatic),32.06,1057.98,false
CUST-01065,Female,0,false,true,42,false,false,No,false,true,false,true,true,false,Two year,true,Mailed check,80.19,3367.98,false
CUST-01066,Female,1,true,false,16,true,false,Fiber optic,true,true,false,true,false,true,Month-to-month,false,Mailed check,86.91,1390.56,false
CUST-01067,Female,0,false,true,27,true,false,Fiber optic,false,false,true,false,true,false,Month-to-month,false,Mailed check,28.73,775.71,true
CUST-01068,Female,0,false,true,54,false,false,DSL,true,true,true,false,true,false,One year,false,Bank transfer (automatic),72.39,3909.06,false
CUST-01069,Male,0,false,true,63,true,true,Fiber optic,false,false,false,false,true,true,Month-to-month,true,Electronic check,119.8,7547.4,true
CUST-01070,Female,0,true,false,54,true,true,Fiber optic,true,true,true,false,true,false,One year,true,Bank transfer (automatic),78.34,4230.36,false
CUST-01071,Female,0,true,false,45,false,false,Fiber optic,false,false,true,true,true,false,Two year,true,Mailed check,59.32,2669.4,false
CUST-01072,Female,1,false,false,18,false,true,Fiber optic,false,true,false,false,true,false,Two year,false,Electronic check,70.59,1270.62,false
CUST-01073,Male,0,true,false,39,false,false,No,true,true,true,true,true,true,Month-to-month,false,Bank transfer (automatic),64.94,2532.66,false
CUST-01074,Male,0,true,true,61,false,false,DSL,true,false,true,true,false,false,Month-to-month,true,Electronic check,27.46,1675.06,false
CUST-01075,Male,0,true,false,62,true,true,No,false,false,false,false,false,true,Month-to-month,false,Electronic check,103.7,6429.4,false
CUST-01076,Female,1,true,false,23,true,false,No,false,false,false,true,false,true,Two year,true,Credit card (automatic),95.04,2185.92,false
CUST-01077,Male,0,false,true,29,true,true,Fiber optic,false,false,true,true,false,true,Two year,true,Bank transfer (automatic),70.59,2047.11,false
CUST-01078,Male,0,true,false,28,false,true,DSL,true,true,true,true,true,true,Two year,false,Credit card (automatic),95.92,2685.76,false
CUST-01079,Male,1,false,true,72,true,false,No,true,false,true,false,false,false,Two year,true,Credit card (automatic),34.28,2468.16,false
CUST-01080,Male,0,true,false,41,true,false,No,true,false,false,false,false,true,One year,true,Electronic check,53.89,2209.49,false
CUST-01081,Male,0,false,true,42,false,true,Fiber optic,false,false,false,false,false,false,Month-to-month,false,Electronic check,60.03,2521.26,false
CUST-01082,Female,0,false,true,41,true,true,No,false,true,false,true,false,true,Month-to-month,true,Electronic check,70.95,2908.95,false
CUST-01083,Female,0,false,true,49,true,false,Fiber optic,true,true,false,true,false,true,Two year,false,Electronic check,75.92,3720.08,false
CUST-01084,Female,0,true,false,41,true,false,Fiber optic,false,true,false,false,false,true,Month-to-month,false,Electronic check,73.59,3017.19,true
CUST-01085,Female,1,false,false,66,false,true,Fiber optic,true,false,false,false,false,false,Two year,false,Bank transfer (automatic),114.34,7546.44,false
CUST-01086,Female,0,false,true,36,false,false,No,true,false,true,false,true,true,One year,false,Electronic check,92.27,3321.72,false
CUST-01087,Female,0,false,false,49,false,true,Fiber optic,true,false,false,false,true,true,Two year,true,Electronic check,44.77,2193.73,false
CUST-01088,Female,0,false,true,35,false,true,DSL,false,false,false,true,false,false,Month-to-month,false,Bank transfer (automatic),92.03,3221.05,false
CUST-01089,Female,0,true,false,35,false,false,Fiber optic,false,true,false,false,false,false,Two year,true,Credit card (automatic),20.07,702.45,false
CUST-01090,Female,1,true,true,1,true,false,No,true,true,true,true,false,false,One year,false,Electronic check,113.1,113.1,false
CUST-01091,Male,0,true,false,46,true,true,DSL,true,false,false,false,false,false,One year,false,Electronic check,28.51,1311.46,false
CUST-01092,Female,0,true,true,58,false,true,No,true,false,true,false,true,false,Two year,false,Credit card (automatic),51.66,2996.28,false
CUST-01093,Female,0,false,false,14,false,false,Fiber optic,false,true,true,false,false,false,One year,false,Mailed check,31.16,436.24,false
CUST-01094,Male,0,false,false,18,false,true,Fiber optic,true,true,true,true,true,false,Two year,false,Credit card (automatic),37.53,675.54,true
CUST-01095,Female,0,false,true,52,false,true,No,false,true,true,true,false,false,Month-to-month,true,Electronic check,45.51,2366.52,false
CUST-01096,Female,0,true,true,42,true,false,Fiber optic,false,false,false,false,true,false,One year,false,Credit card (automatic),72.38,3039.96,false
CUST-01097,Female,0,false,true,35,false,false,DSL,false,false,true,false,false,false,One year,false,Electronic check,106.67,3733.45,false
CUST-01098,Female,0,true,false,4,true,false,Fiber optic,true,false,false,true,false,false,Two year,false,Bank transfer (automatic),84.53,338.12,false
CUST-01099,Female,0,false,false,22,true,false,No,false,true,true,true,true,true,Two year,true,Mailed check,87.4,1922.8,false
CUST-01100,Female,0,true,false,70,true,true,Fiber optic,true,false,true,true,true,false,One year,true,Bank transfer (automatic),61.46,4302.2,false
CUST-01101,Male,0,false,false,45,true,true,No,true,true,true,false,false,false,One year,false,Electronic check,79.83,3592.35,false
CUST-01102,Male,0,false,true,10,false,true,Fiber optic,true,true,false,false,false,true,Month-to-month,false,Credit card (automatic),106.65,1066.5,true
CUST-01103,Male,1,false,false,69,true,true,No,false,true,false,false,false,false,Two year,false,Credit card (automatic),113.65,7841.85,false
CUST-01104,Male,0,false,true,66,false,false,Fiber optic,false,true,false,false,true,true,Two year,true,Mailed check,108.7,7174.2,false
CUST-01105,Female,0,false,false,38,true,false,Fiber optic,true,false,true,true,false,false,Two year,true,Electronic check,92.11,3500.18,false
CUST-01106,Female,0,false,true,19,false,false,DSL,false,true,false,false,true,false,Two year,false,Bank transfer (automatic),63.47,1205.93,false
CUST-01107,Female,0,false,false,60,true,false,Fiber optic,false,false,true,true,true,true,Two year,false,Electronic check,113.06,6783.6,false
CUST-01108,Male,0,true,false,1,false,false,Fiber optic,true,false,false,true,false,false,One year,true,Electronic check,28.88,28.88,false
CUST-01109,Female,1,true,false,28,false,false,DSL,false,false,false,true,true,false,One year,true,Electronic check,72.22,2022.16,true
CUST-01110,Female,1,false,false,24,false,true,DSL,true,true,false,true,false,false,Two year,false,Electronic check,71.69,1720.56,false
CUST-01111,Female,0,true,false,25,false,true,Fiber optic,true,true,false,false,false,false,Month-to-month,false,Electronic check,84.28,2107,true
CUST-01112,Female,1,false,false,35,true,true,No,false,false,true,true,false,false,Two year,false,Bank transfer (automatic),33.01,1155.35,false
CUST-01113,Female,0,true,true,10,true,true,DSL,false,false,false,true,true,true,Two year,true,Electronic check,33.16,331.6,false
CUST-01114,Female,1,true,false,47,true,false,Fiber optic,false,true,false,true,false,true,Two year,false,Electronic check,115.38,5422.86,false
CUST-01115,Male,0,true,false,44,false,true,No,false,true,false,true,true,true,Two year,true,Credit card (automatic),34.53,1519.32,false
CUST-01116,Female,0,true,false,14,false,true,Fiber optic,true,false,false,false,false,true,One year,true,Electronic check,68.88,964.32,false
CUST-01117,Male,0,true,true,33,false,false,DSL,false,false,false,true,false,false,Month-to-month,false,Mailed check,46.02,1518.66,false
CUST-01118,Male,0,false,false,30,false,false,Fiber optic,false,false,false,true,false,false,Month-to-month,true,Credit card (automatic),58.79,1763.7,false
CUST-01119,Male,1,true,false,45,true,true,No,false,true,true,false,true,false,One year,true,Credit card (automatic),73.3,3298.5,false
CUST-01120,Male,0,true,true,69,false,true,DSL,true,false,true,false,true,false,Month-to-month,true,Bank transfer (automatic),118.12,8150.28,false
CUST-01121,Female,0,true,true,34,true,false,DSL,true,true,false,true,false,false,Two year,false,Electronic check,68.46,2327.64,false
CUST-01122,Male,0,false,true,39,false,false,No,true,false,true,true,false,true,One year,true,Bank transfer (automatic),97.04,3784.56,false
CUST-01123,Male,1,true,true,29,false,false,Fiber optic,false,false,true,true,true,true,One year,true,Mailed check,90.2,2615.8,true
CUST-01124,Female,0,false,true,45,true,true,No,false,false,true,false,false,false,Month-to-month,true,Bank transfer (automatic),96.51,4342.95,false
CUST-01125,Female,1,true,false,64,false,true,DSL,false,true,false,false,false,false,One year,true,Electronic check,100.84,6453.76,false
CUST-01126,Male,1,false,false,18,false,false,DSL,true,false,true,true,false,false,Month-to-month,true,Credit card (automatic),96.31,1733.58,false
CUST-01127,Male,0,false,false,70,false,true,Fiber optic,true,false,true,false,false,false,One year,false,Mailed check,90.29,6320.3,false
CUST-01128,Male,0,false,true,64,false,true,Fiber optic,true,false,false,true,false,true,One year,false,Electronic check,79.67,5098.88,false
CUST-01129,Female,0,false,true,1,false,true,DSL,false,false,true,true,true,false,Month-to-month,false,Electronic check,49.55,49.55,true
CUST-01130,Male,0,false,false,13,true,false,No,true,false,false,true,true,true,Two year,true,Bank transfer (automatic),115.97,1507.61,false
CUST-01131,Male,1,true,false,66,false,false,No,false,true,false,true,true,true,One year,true,Electronic check,35.77,2360.82,true
CUST-01132,Female,0,true,true,43,false,true,No,false,false,false,true,true,false,Two year,false,Bank transfer (automatic),44.09,1895.87,false
CUST-01133,Female,0,false,false,14,true,false,DSL,true,true,true,true,true,false,Two year,false,Credit card (automatic),117.41,1643.74,false
CUST-01134,Female,0,false,true,51,false,false,DSL,false,false,false,false,true,true,One year,false,Mailed check,94.13,4800.63,false
CUST-01135,Male,1,true,true,10,true,true,No,false,true,true,true,true,true,Month-to-month,true,Bank transfer (automatic),45.08,450.8,false
CUST-01136,Female,0,false,false,52,false,true,DSL,true,false,false,false,true,true,Two year,false,Bank transfer (automatic),98.4,5116.8,false
CUST-01137,Female,0,false,true,35,true,true,DSL,true,false,false,false,true,false,One year,false,Mailed check,79.01,2765.35,false
CUST-01138,Male,1,true,true,24,false,false,DSL,true,false,true,true,true,true,Month-to-month,true,Bank transfer (automatic),42.01,1008.24,false
CUST-01139,Male,0,true,true,35,true,true,No,true,false,false,true,true,true,Month-to-month,false,Bank transfer (automatic),112.05,3921.75,true
CUST-01140,Female,1,false,false,62,false,false,DSL,true,true,true,false,true,true,Month-to-month,true,Mailed check,63.22,3919.64,true
CUST-01141,Male,0,true,true,63,true,true,DSL,false,true,false,false,true,true,Month-to-month,true,Mailed check,38.2,2406.6,false
CUST-01142,Male,0,false,true,31,true,false,DSL,true,false,true,true,true,true,One year,false,Electronic check,50.71,1572.01,false
CUST-01143,Female,0,true,false,43,false,true,No,false,false,false,false,true,true,One year,true,Mailed check,59.68,2566.24,true
CUST-01144,Male,1,false,false,15,true,false,Fiber optic,false,true,false,true,true,true,Month-to-month,false,Credit card (automatic),29.08,436.2,true
CUST-01145,Female,0,true,true,41,false,false,No,true,false,true,true,true,false,One year,true,Bank transfer (automatic),88.56,3630.96,false
CUST-01146,Female,0,false,false,39,true,true,DSL,false,false,true,true,true,false,Two year,true,Mailed check,54.58,2128.62,false
CUST-01147,Female,1,true,true,5,true,false,Fiber optic,true,false,true,true,false,false,Month-to-month,true,Electronic check,75.02,375.1,false
CUST-01148,Male,0,false,true,50,false,true,DSL,true,true,false,false,true,false,Two year,true,Mailed check,40.66,2033,false
CUST-01149,Male,0,false,false,47,false,false,Fiber optic,false,true,true,true,true,false,Two year,true,Mailed check,115.55,5430.85,false
CUST-01150,Male,0,true,false,13,false,false,No,false,true,true,false,true,false,One year,false,Electronic check,39.68,515.84,false
CUST-01151,Female,1,true,false,60,true,true,DSL,false,true,false,false,false,false,Month-to-month,false,Bank transfer (automatic),91.94,5516.4,false
CUST-01152,Female,0,true,false,11,true,true,No,true,false,true,true,true,true,Month-to-month,false,Bank transfer (automatic),29.51,324.61,false
CUST-01153,Male,0,false,false,65,false,false,No,true,false,false,true,true,false,One year,false,Credit card (automatic),48.43,3147.95,true
CUST-01154,Male,0,false,false,67,false,false,No,false,false,false,false,true,true,Two year,false,Bank transfer (automatic),61.47,4118.49,false
CUST-01155,Male,1,false,false,39,false,false,Fiber optic,true,false,true,true,false,true,One year,false,Electronic check,23.89,931.71,false
CUST-01156,Female,0,true,true,56,true,false,No,false,true,false,false,false,false,Month-to-month,true,Electronic check,28.14,1575.84,false
CUST-01157,Male,0,false,true,32,true,true,DSL,false,false,false,true,false,false,Two year,false,Credit card (automatic),86.93,2781.76,false
CUST-01158,Male,0,true,true,39,true,true,Fiber optic,true,false,true,false,true,true,Month-to-month,false,Mailed check,104.79,4086.81,false
CUST-01159,Female,0,false,true,44,true,true,DSL,false,false,false,false,false,false,Two year,true,Credit card (automatic),64.99,2859.56,false
CUST-01160,Male,0,false,false,54,false,false,No,false,false,true,false,false,true,One year,true,Credit card (automatic),73.95,3993.3,false
CUST-01161,Male,0,true,false,1,false,false,No,false,true,false,true,true,true,Two year,true,Mailed check,39.64,39.64,false
CUST-01162,Female,0,false,false,23,true,true,No,false,true,true,false,false,false,Two year,false,Bank transfer (automatic),34.47,792.81,false
CUST-01163,Female,0,false,false,72,true,true,No,true,false,false,true,false,false,Two year,true,Mailed check,57.78,4160.16,false
CUST-01164,Male,1,false,true,55,true,false,DSL,true,true,false,true,true,true,Two year,true,Bank transfer (automatic),102.73,5650.15,false
CUST-01165,Female,0,true,true,22,true,false,No,false,false,false,false,true,false,One year,true,Credit card (automatic),20.81,457.82,false
CUST-01166,Male,0,true,false,38,true,true,No,true,false,true,true,true,false,Month-to-month,false,Electronic check,67.33,2558.54,false
CUST-01167,Male,0,false,false,18,false,true,No,false,true,true,false,true,true,Month-to-month,false,Mailed check,106.33,1913.94,true
CUST-01168,Female,0,true,false,40,false,true,DSL,false,false,false,false,true,true,Month-to-month,true,Bank transfer (automatic),45.33,1813.2,false
CUST-01169,Female,1,true,false,44,true,true,Fiber optic,false,true,false,false,true,false,Month-to-month,false,Mailed check,27.04,1189.76,false
CUST-01170,Female,0,true,false,48,true,true,Fiber optic,true,false,true,true,true,false,One year,false,Credit card (automatic),28.53,1369.44,false
CUST-01171,Female,0,false,true,1,false,true,Fiber optic,true,false,false,true,true,false,One year,true,Mailed check,67.78,67.78,false
CUST-01172,Male,0,false,false,13,false,false,No,true,false,false,true,false,false,Two year,false,Credit card (automatic),61.25,796.25,false
CUST-01173,Male,0,false,false,28,true,false,No,true,true,true,true,true,false,Month-to-month,false,Electronic check,94.52,2646.56,true
CUST-01174,Male,1,true,false,52,true,true,Fiber optic,false,false,true,false,true,true,Month-to-month,false,Bank transfer (automatic),70.54,3668.08,false
CUST-01175,Male,1,true,false,48,true,false,Fiber optic,true,true,true,true,true,false,Two year,false,Credit card (automatic),66.81,3206.88,false
CUST-01176,Female,0,false,true,56,false,false,DSL,true,true,false,false,false,true,Month-to-month,false,Electronic check,75.59,4233.04,false
CUST-01177,Male,0,true,false,17,false,true,No,false,false,true,false,false,true,One year,true,Mailed check,109.88,1867.96,false
CUST-01178,Female,0,true,true,29,true,false,No,false,false,true,true,false,false,One year,true,Bank transfer (automatic),41.28,1197.12,false
CUST-01179,Female,1,true,true,22,false,true,Fiber optic,false,false,false,true,true,false,Month-to-month,true,Bank transfer (automatic),61.22,1346.84,false
CUST-01180,Male,0,true,true,52,false,true,DSL,true,false,true,false,true,true,Month-to-month,true,Credit card (automatic),76.79,3993.08,true
CUST-01181,Male,1,true,false,31,false,false,DSL,true,true,false,true,false,true,Month-to-month,false,Mailed check,77.31,2396.61,false
CUST-01182,Female,0,false,true,53,false,false,Fiber optic,true,true,false,false,false,false,Two year,false,Bank transfer (automatic),111.75,5922.75,false
CUST-01183,Female,0,true,false,16,false,false,No,true,false,true,true,true,true,Month-to-month,true,Credit card (automatic),110.43,1766.88,true
CUST-01184,Male,0,true,true,26,false,true,Fiber optic,false,true,true,false,false,false,Two year,true,Bank transfer (automatic),54.25,1410.5,false
CUST-01185,Male,1,false,false,46,false,true,Fiber optic,false,false,false,true,false,true,Month-to-month,false,Bank transfer (automatic),35.48,1632.08,true
CUST-01186,Male,0,false,false,20,true,true,DSL,false,false,false,false,false,true,Month-to-month,true,Bank transfer (automatic),69.41,1388.2,false
CUST-01187,Female,0,false,true,2,true,false,Fiber optic,true,false,true,true,false,true,One year,true,Electronic check,57.52,115.04,false
CUST-01188,Female,0,false,false,4,true,false,No,true,true,false,true,false,true,Month-to-month,false,Electronic check,101.88,407.52,true
CUST-01189,Male,0,true,true,9,true,true,DSL,true,true,true,true,false,false,Month-to-month,true,Electronic check,106.11,954.99,true
CUST-01190,Male,0,false,false,70,false,true,No,true,true,false,false,true,false,One year,true,Bank transfer (automatic),22.25,1557.5,false
CUST-01191,Female,0,true,false,62,false,true,No,false,true,false,true,true,false,Month-to-month,true,Mailed check,91.22,5655.64,true
CUST-01192,Male,0,true,false,67,false,false,Fiber optic,false,true,true,false,false,false,Two year,false,Mailed check,33.76,2261.92,false
CUST-01193,Female,0,false,true,29,false,false,DSL,true,true,false,false,true,true,Two year,true,Bank transfer (automatic),115.05,3336.45,false
CUST-01194,Female,0,true,true,2,true,false,DSL,false,false,true,false,false,false,Two year,false,Electronic check,81.1,162.2,false
CUST-01195,Male,0,true,false,59,true,true,Fiber optic,false,true,true,true,false,true,One year,false,Mailed check,43.58,2571.22,true
CUST-01196,Male,0,true,true,68,false,false,Fiber optic,true,false,true,true,false,false,Month-to-month,false,Credit card (automatic),66.72,4536.96,false
CUST-01197,Female,1,false,true,31,true,false,Fiber optic,false,true,false,false,true,true,Month-to-month,true,Mailed check,68.15,2112.65,false
CUST-01198,Female,0,false,true,15,false,false,DSL,false,true,false,true,true,false,Month-to-month,false,Bank transfer (automatic),74.86,1122.9,false
CUST-01199,Female,0,true,true,26,false,true,DSL,true,true,true,false,false,true,Month-to-month,false,Credit card (automatic),42.38,1101.88,false
CUST-01200,Male,0,false,false,72,true,true,Fiber optic,false,true,false,true,true,false,Month-to-month,false,Bank transfer (automatic),109.78,7904.16,false
CUST-01201,Female,0,false,true,28,true,false,DSL,true,false,true,false,true,false,One year,false,Electronic check,55.3,1548.4,false
CUST-01202,Male,0,false,false,28,false,false,No,true,true,false,true,true,true,One year,true,Mailed check,99.12,2775.36,true
CUST-01203,Male,1,false,false,52,false,false,Fiber optic,false,true,false,false,false,true,One year,true,Electronic check,106.17,5520.84,false
CUST-01204,Female,0,true,true,49,false,false,Fiber optic,true,true,true,true,true,false,Two year,false,Mailed check,67.89,3326.61,false
CUST-01205,Female,0,true,true,33,true,false,Fiber optic,true,false,true,false,false,false,Two year,false,Mailed check,93.5,3085.5,false
CUST-01206,Female,0,false,true,27,true,false,Fiber optic,false,true,true,true,true,true,Two year,false,Credit card (automatic),104.75,2828.25,false
CUST-01207,Female,0,true,false,67,false,true,DSL,true,false,false,true,true,false,Two year,false,Mailed check,41.71,2794.57,false
CUST-01208,Male,0,false,false,18,true,true,No,false,true,false,true,false,false,Two year,false,Credit card (automatic),53.18,957.24,false
CUST-01209,Male,0,true,true,29,false,true,No,true,true,false,true,false,false,Two year,true,Credit card (automatic),42.22,1224.38,false
CUST-01210,Male,0,false,false,33,true,true,No,false,true,false,false,true,false,Month-to-month,true,Mailed check,40.63,1340.79,true
CUST-01211,Male,0,false,true,46,true,true,No,false,false,true,false,false,false,Two year,true,Bank transfer (automatic),52.64,2421.44,false
CUST-01212,Male,0,false,true,51,false,true,No,false,false,true,true,true,true,Month-to-month,false,Mailed check,57.3,2922.3,false
CUST-01213,Female,0,false,true,10,true,false,No,false,true,true,true,false,false,Two year,true,Electronic check,40.45,404.5,false
CUST-01214,Female,1,true,false,55,false,true,DSL,true,false,false,true,true,false,Month-to-month,true,Bank transfer (automatic),37.5,2062.5,false
CUST-01215,Female,0,true,true,72,false,false,Fiber optic,false,false,false,false,true,true,Month-to-month,true,Electronic check,115.33,8303.76,true
CUST-01216,Male,0,true,false,25,false,false,Fiber optic,true,true,true,false,false,true,Two year,false,Mailed check,75.97,1899.25,false
CUST-01217,Male,0,false,false,35,false,false,No,true,true,true,true,false,true,Month-to-month,true,Bank transfer (automatic),27.97,978.95,false
CUST-01218,Male,0,true,false,50,true,false,DSL,false,true,true,true,true,false,Two year,true,Bank transfer (automatic),64.03,3201.5,false
CUST-01219,Male,0,false,true,7,false,true,DSL,false,true,true,true,true,true,Two year,true,Bank transfer (automatic),92.7,648.9,false
CUST-01220,Female,0,false,false,5,true,true,No,true,false,false,true,true,false,Month-to-month,true,Bank transfer (automatic),49.33,246.65,false
CUST-01221,Female,0,false,true,68,true,false,Fiber optic,false,false,true,false,true,false,Two year,true,Bank transfer (automatic),52.17,3547.56,false
CUST-01222,Male,0,false,false,21,true,true,No,false,false,false,true,false,true,One year,false,Mailed check,83.53,1754.13,false
CUST-01223,Female,0,false,true,31,true,true,Fiber optic,true,false,false,false,true,false,One year,true,Bank transfer (automatic),37.25,1154.75,false
CUST-01224,Male,0,false,false,22,true,false,Fiber optic,true,true,false,true,true,false,Month-to-month,true,Electronic check,49.69,1093.18,false
CUST-01225,Male,1,true,true,27,true,false,DSL,false,false,false,true,true,false,One year,true,Mailed check,26.43,713.61,false
CUST-01226,Female,0,true,true,62,true,true,Fiber optic,true,true,true,false,true,false,Two year,false,Mailed check,36.53,2264.86,false
CUST-01227,Female,0,false,false,4,true,false,No,true,false,false,false,false,false,One year,true,Mailed check,83.74,334.96,false
CUST-01228,Male,1,false,false,1,true,true,Fiber optic,true,false,true,true,true,false,One year,false,Mailed check,34.31,34.31,true
CUST-01229,Male,1,true,true,21,false,false,Fiber optic,true,true,false,true,true,true,Month-to-month,false,Bank transfer (automatic),24.54,515.34,true
CUST-01230,Male,0,true,true,52,false,false,No,true,false,true,false,false,false,Two year,false,Mailed check,75.43,3922.36,true
CUST-01231,Male,1,true,false,15,false,true,Fiber optic,false,false,true,false,false,false,Month-to-month,true,Electronic check,60.57,908.55,false
CUST-01232,Male,0,false,false,13,true,true,No,false,false,true,true,true,false,One year,false,Credit card (automatic),69.77,907.01,false
CUST-01233,Male,0,true,true,66,true,false,DSL,false,true,true,true,false,true,Two year,true,Mailed check,63.03,4159.98,false
CUST-01234,Male,0,true,false,27,true,true,Fiber optic,false,true,false,true,true,false,Two year,true,Bank transfer (automatic),108.59,2931.93,false
CUST-01235,Female,1,false,true,28,false,true,No,true,true,false,true,true,false,Two year,false,Bank transfer (automatic),74.07,2073.96,false
CUST-01236,Female,0,true,true,8,true,false,DSL,true,true,true,false,false,true,One year,false,Mailed check,72.76,582.08,true
CUST-01237,Male,0,true,false,35,false,true,Fiber optic,false,false,false,false,true,true,Month-to-month,true,Bank transfer (automatic),37.53,1313.55,false
CUST-01238,Female,1,false,true,7,true,true,Fiber optic,true,false,false,false,true,false,Month-to-month,true,Mailed check,56.2,393.4,false
CUST-01239,Female,0,true,true,55,false,true,Fiber optic,false,true,true,true,true,false,Month-to-month,true,Mailed check,25.7,1413.5,true
CUST-01240,Male,1,true,false,1,true,true,DSL,true,false,true,true,true,false,One year,false,Bank transfer (automatic),77.11,77.11,false
CUST-01241,Female,0,false,false,69,false,false,DSL,true,true,false,false,true,false,One year,true,Mailed check,101.59,7009.71,false
CUST-01242,Female,0,false,true,52,true,false,DSL,false,false,true,true,false,false,One year,true,Bank transfer (automatic),52.52,2731.04,false
CUST-01243,Male,1,false,true,40,false,false,Fiber optic,true,false,true,false,false,false,One year,false,Bank transfer (automatic),106.12,4244.8,false
CUST-01244,Male,0,true,false,33,false,false,DSL,true,true,false,true,true,false,Two year,false,Bank transfer (automatic),26.43,872.19,false
CUST-01245,Male,0,true,true,20,false,true,No,true,true,true,true,false,false,Month-to-month,true,Credit card (automatic),91.29,1825.8,true
CUST-01246,Female,1,true,false,28,false,false,No,false,false,true,false,false,true,Month-to-month,false,Mailed check,52.63,1473.64,false
CUST-01247,Male,0,true,false,49,true,true,No,true,false,false,false,true,false,Two year,false,Electronic check,91.7,4493.3,false
CUST-01248,Female,0,false,false,20,true,false,No,true,false,false,true,true,false,One year,false,Mailed check,30.24,604.8,false
CUST-01249,Male,0,false,true,21,false,false,Fiber optic,false,false,false,false,true,true,Two year,false,Electronic check,111.25,2336.25,false
CUST-01250,Male,0,false,true,50,false,true,No,true,false,true,true,true,false,One year,false,Electronic check,64.46,3223,false
CUST-01251,Male,0,true,false,69,true,false,No,false,true,true,false,false,true,One year,false,Mailed check,91.35,6303.15,false
CUST-01252,Male,0,true,true,66,false,true,DSL,false,true,true,false,true,true,Month-to-month,true,Credit card (automatic),108.2,7141.2,true
CUST-01253,Male,1,true,false,48,true,true,DSL,false,false,false,false,false,false,One year,true,Electronic check,119.38,5730.24,false
CUST-01254,Female,0,false,false,37,true,true,Fiber optic,true,false,false,false,true,true,Two year,true,Electronic check,87.48,3236.76,false
CUST-01255,Female,0,true,false,43,false,false,Fiber optic,false,true,true,true,false,false,Two year,false,Credit card (automatic),34.07,1465.01,false
CUST-01256,Female,0,true,false,22,false,true,DSL,false,false,false,true,true,true,Two year,false,Bank transfer (automatic),25.25,555.5,false
CUST-01257,Female,0,false,true,61,true,false,Fiber optic,false,false,false,false,true,false,Two year,false,Bank transfer (automatic),98.54,6010.94,false
CUST-01258,Male,0,true,true,46,true,false,Fiber optic,false,false,false,true,true,true,One year,false,Bank transfer (automatic),43.36,1994.56,false
CUST-01259,Male,1,true,true,16,true,false,No,false,false,false,true,false,true,One year,false,Mailed check,80.65,1290.4,false
CUST-01260,Female,0,true,true,27,true,false,Fiber optic,true,false,false,false,true,false,One year,true,Credit card (automatic),111.27,3004.29,false
CUST-01261,Female,0,false,false,12,false,true,DSL,false,false,false,true,false,false,Two year,false,Electronic check,106.19,1274.28,false
CUST-01262,Male,0,true,false,31,true,true,DSL,true,false,true,true,true,false,Month-to-month,false,Mailed check,89.63,2778.53,true
CUST-01263,Male,0,true,false,62,true,false,DSL,true,false,false,true,false,true,Month-to-month,true,Mailed check,91.26,5658.12,false
CUST-01264,Female,0,true,false,42,true,true,No,false,true,false,true,false,false,One year,false,Electronic check,84.48,3548.16,false
CUST-01265,Female,0,false,false,25,false,false,Fiber optic,true,true,true,false,true,true,Two year,false,Bank transfer (automatic),107.09,2677.25,false
CUST-01266,Female,0,false,false,42,true,true,Fiber optic,false,false,false,true,true,false,Two year,false,Bank transfer (automatic),48.51,2037.42,false
CUST-01267,Male,0,false,false,18,false,true,DSL,true,false,true,false,false,false,Month-to-month,false,Credit card (automatic),32.68,588.24,true
CUST-01268,Male,0,true,true,45,false,false,Fiber optic,false,true,true,true,false,true,One year,true,Bank transfer (automatic),119.39,5372.55,false
CUST-01269,Male,0,true,true,37,true,false,DSL,true,true,true,true,false,true,One year,false,Bank transfer (automatic),51.27,1896.99,false
CUST-01270,Male,1,false,false,7,false,true,DSL,false,true,true,false,false,false,Month-to-month,true,Mailed check,114.89,804.23,true
CUST-01271,Female,0,false,false,19,true,true,DSL,false,true,false,false,false,true,Two year,false,Credit card (automatic),43.12,819.28,false
CUST-01272,Female,0,true,true,43,true,false,DSL,true,false,false,true,false,true,Month-to-month,false,Credit card (automatic),76.06,3270.58,false
CUST-01273,Female,1,true,false,2,true,false,DSL,true,true,true,false,false,true,Month-to-month,true,Credit card (automatic),99.12,198.24,false
CUST-01274,Female,0,false,true,50,false,false,No,true,true,false,false,false,true,Two year,true,Mailed check,52.85,2642.5,false
CUST-01275,Female,0,false,true,52,false,false,DSL,true,false,true,true,false,true,Two year,true,Bank transfer (automatic),109.18,5677.36,false
CUST-01276,Male,0,false,false,20,false,true,Fiber optic,false,true,true,true,true,true,Month-to-month,false,Credit card (automatic),27.49,549.8,true
CUST-01277,Female,0,true,true,7,true,false,DSL,false,false,true,true,false,true,Month-to-month,true,Mailed check,60.38,422.66,false
CUST-01278,Male,0,true,true,3,false,true,Fiber optic,false,false,false,true,true,true,One year,false,Bank transfer (automatic),45.2,135.6,false
CUST-01279,Female,0,false,false,33,true,true,DSL,true,false,false,true,false,true,Month-to-month,false,Bank transfer (automatic),72.58,2395.14,false
CUST-01280,Male,0,false,true,25,true,false,DSL,false,true,true,true,false,true,Month-to-month,false,Electronic check,84.98,2124.5,true
CUST-01281,Male,0,true,false,25,false,true,No,false,false,true,true,false,false,Two year,false,Credit card (automatic),55.41,1385.25,false
CUST-01282,Female,0,false,false,7,false,true,No,false,true,true,true,true,true,Month-to-month,true,Electronic check,73.79,516.53,true
CUST-01283,Male,1,true,true,6,true,false,Fiber optic,true,false,false,false,true,false,Month-to-month,true,Bank transfer (automatic),110.68,664.08,false
CUST-01284,Male,0,false,false,28,true,true,DSL,false,false,false,false,true,true,One year,false,Electronic check,85.81,2402.68,false
CUST-01285,Female,0,true,false,37,true,false,No,true,true,false,false,false,false,One year,false,Mailed check,97.28,3599.36,false
CUST-01286,Male,1,false,true,3,false,false,No,true,true,false,true,false,true,Month-to-month,false,Bank transfer (automatic),113.96,341.88,true
CUST-01287,Male,0,false,true,70,false,false,Fiber optic,false,false,false,true,false,true,One year,true,Credit card (automatic),93.31,6531.7,false
CUST-01288,Male,1,true,false,64,true,false,No,false,true,false,false,true,false,Two year,true,Credit card (automatic),67.26,4304.64,false
CUST-01289,Female,0,true,true,28,false,false,Fiber optic,false,false,true,false,false,true,One year,false,Credit card (automatic),114.11,3195.08,true
CUST-01290,Female,0,true,false,30,true,false,DSL,false,false,false,true,false,true,One year,true,Credit card (automatic),109.38,3281.4,false
CUST-01291,Female,0,true,false,18,false,false,No,true,true,false,true,true,false,Month-to-month,true,Mailed check,64.75,1165.5,false
CUST-01292,Male,0,true,true,43,false,true,Fiber optic,true,false,true,false,false,true,Two year,false,Credit card (automatic),55.84,2401.12,false
CUST-01293,Male,0,false,false,44,true,false,DSL,false,true,true,false,false,true,Two year,false,Mailed check,111.25,4895,false
CUST-01294,Male,0,true,false,35,false,false,No,false,false,false,false,false,true,One year,true,Mailed check,65.5,2292.5,false
CUST-01295,Male,0,false,true,42,true,true,Fiber optic,true,false,true,false,false,true,One year,true,Credit card (automatic),119.96,5038.32,false
CUST-01296,Female,1,false,false,6,true,true,No,false,false,false,false,true,true,Two year,false,Credit card (automatic),80.25,481.5,false
CUST-01297,Male,0,false,false,18,true,true,No,true,true,true,false,false,false,One year,false,Mailed check,21.68,390.24,false
CUST-01298,Female,0,false,true,16,true,false,Fiber optic,false,false,true,true,true,true,Two year,true,Mailed check,27.33,437.28,false
CUST-01299,Male,0,false,false,8,false,true,No,false,true,false,false,true,true,One year,false,Credit card (automatic),86.13,689.04,false
CUST-01300,Male,1,false,true,17,false,true,No,true,true,true,true,true,false,Two year,true,Electronic check,72.82,1237.94,false
CUST-01301,Male,0,true,false,71,true,true,DSL,true,false,false,false,true,true,One year,true,Mailed check,97.26,6905.46,false
CUST-01302,Female,0,false,false,51,false,false,No,true,false,false,true,false,true,One year,false,Mailed check,100.66,5133.66,false
CUST-01303,Male,0,true,false,23,true,false,Fiber optic,false,true,false,true,false,true,One year,true,Mailed check,56.06,1289.38,false
CUST-01304,Male,0,true,false,63,false,false,No,false,true,true,false,true,false,One year,true,Credit card (automatic),55.9,3521.7,false
CUST-01305,Female,0,false,false,22,false,true,Fiber optic,false,true,false,true,false,true,One year,true,Credit card (automatic),71.69,1577.18,false
CUST-01306,Male,0,false,false,61,false,true,No,false,false,false,false,false,true,One year,false,Credit card (automatic),82.15,5011.15,false
CUST-01307,Male,1,false,false,59,true,false,DSL,false,true,true,false,true,false,One year,true,Electronic check,27.16,1602.44,false
CUST-01308,Male,0,true,true,39,true,true,DSL,false,true,true,true,false,true,Month-to-month,false,Mailed check,86.95,3391.05,false
CUST-01309,Female,0,true,true,50,false,true,DSL,true,true,true,true,false,false,One year,true,Credit card (automatic),35.2,1760,false
CUST-01310,Male,1,true,false,11,true,false,DSL,true,true,true,true,true,false,One year,true,Credit card (automatic),81.31,894.41,false
CUST-01311,Male,0,false,false,18,false,false,Fiber optic,false,false,false,true,false,true,Two year,true,Credit card (automatic),84.58,1522.44,false
CUST-01312,Female,0,true,true,16,false,true,DSL,true,false,false,false,false,true,Two year,true,Credit card (automatic),79.12,1265.92,false
CUST-01313,Male,0,false,true,26,true,false,Fiber optic,false,false,true,false,false,true,Month-to-month,true,Mailed check,94.53,2457.78,false
CUST-01314,Female,0,true,true,27,true,true,Fiber optic,false,false,false,false,true,false,Month-to-month,true,Credit card (automatic),65.35,1764.45,false
CUST-01315,Male,0,false,false,3,false,true,No,true,false,false,false,true,false,Month-to-month,true,Credit card (automatic),52.97,158.91,false
CUST-01316,Male,0,true,false,35,false,true,Fiber optic,true,true,true,true,false,false,Month-to-month,false,Mailed check,37.42,1309.7,false
CUST-01317,Female,0,true,false,59,true,true,DSL,false,false,false,true,true,false,One year,false,Electronic check,116.09,6849.31,false
CUST-01318,Male,0,false,false,41,false,false,No,true,false,true,false,true,true,Month-to-month,true,Electronic check,75.31,3087.71,false
CUST-01319,Female,1,false,true,8,true,true,DSL,false,false,false,true,true,false,One year,false,Credit card (automatic),23.06,184.48,true
CUST-01320,Female,0,true,false,19,false,false,DSL,false,false,true,false,false,false,Two year,false,Credit card (automatic),58.64,1114.16,true
CUST-01321,Male,0,true,false,3,false,false,Fiber optic,true,false,false,true,true,true,Month-to-month,true,Mailed check,117.79,353.37,false
CUST-01322,Male,0,false,false,42,false,false,Fiber optic,false,true,true,false,false,false,Month-to-month,false,Electronic check,101.23,4251.66,true
CUST-01323,Female,0,false,true,51,false,true,DSL,false,true,false,true,false,true,One year,true,Electronic check,73.45,3745.95,false
CUST-01324,Female,0,true,true,4,true,false,DSL,false,false,false,false,false,false,Month-to-month,false,Bank transfer (automatic),32.09,128.36,false
CUST-01325,Female,0,false,false,10,true,true,Fiber optic,false,true,true,true,false,true,Two year,false,Electronic check,29.24,292.4,false
CUST-01326,Male,0,false,true,45,true,true,Fiber optic,false,true,true,false,false,false,One year,false,Electronic check,39.28,1767.6,false
CUST-01327,Female,0,true,true,29,true,true,Fiber optic,false,false,false,false,false,true,Month-to-month,true,Electronic check,105.38,3056.02,true
CUST-01328,Male,1,false,false,9,true,true,No,true,false,false,false,false,false,One year,true,Credit card (automatic),76.31,686.79,true
CUST-01329,Male,0,false,true,67,true,false,No,true,true,true,true,false,false,Month-to-month,false,Credit card (automatic),74.57,4996.19,false
CUST-01330,Male,0,false,true,43,false,true,Fiber optic,true,false,true,true,false,false,Month-to-month,true,Electronic check,49.62,2133.66,false
CUST-01331,Female,0,false,true,45,false,true,DSL,true,false,true,true,false,false,One year,false,Bank transfer (automatic),25.33,1139.85,false
CUST-01332,Male,1,false,false,6,true,true,DSL,true,true,true,false,true,true,One year,true,Credit card (automatic),68.53,411.18,false
CUST-01333,Male,0,false,false,35,true,false,Fiber optic,false,true,false,true,true,false,One year,true,Credit card (automatic),108.15,3785.25,false
CUST-01334,Male,0,false,false,72,true,true,DSL,true,false,true,false,true,false,Two year,false,Bank transfer (automatic),118.38,8523.36,false
CUST-01335,Female,0,true,false,24,true,true,No,true,false,true,false,false,true,Month-to-month,false,Credit card (automatic),59.34,1424.16,true
CUST-01336,Male,0,true,false,16,false,true,No,false,true,false,true,true,true,Month-to-month,true,Mailed check,23.89,382.24,false
CUST-01337,Female,0,true,false,39,true,true,DSL,false,false,true,false,false,true,Month-to-month,false,Electronic check,48.31,1884.09,false
CUST-01338,Male,0,true,true,35,true,true,DSL,true,false,false,false,true,true,One year,false,Electronic check,118.61,4151.35,false
CUST-01339,Female,0,true,false,71,true,false,DSL,false,true,true,true,false,true,One year,false,Mailed check,109.62,7783.02,true
CUST-01340,Male,1,true,false,61,false,false,Fiber optic,true,false,false,false,false,false,One year,false,Mailed check,104.66,6384.26,false
CUST-01341,Female,1,true,true,21,false,true,DSL,true,false,true,false,true,false,Two year,false,Bank transfer (automatic),105.57,2216.97,false
CUST-01342,Male,0,true,true,48,false,true,DSL,true,false,true,true,false,false,Two year,true,Electronic check,108.46,5206.08,false
CUST-01343,Female,0,false,true,53,true,false,Fiber optic,true,true,true,true,false,false,Two year,true,Credit card (automatic),88.4,4685.2,false
CUST-01344,Female,0,false,true,61,false,false,Fiber optic,true,false,false,false,true,false,One year,true,Electronic check,25.29,1542.69,true
CUST-01345,Male,0,false,true,7,false,false,Fiber optic,false,true,true,true,false,true,Two year,false,Electronic check,20.4,142.8,false
CUST-01346,Male,0,false,false,6,true,false,DSL,true,true,true,true,false,false,Month-to-month,true,Electronic check,70.68,424.08,false
CUST-01347,Female,0,false,true,2,false,false,DSL,true,true,true,true,false,true,Month-to-month,true,Electronic check,37.91,75.82,true
CUST-01348,Male,0,false,true,46,true,true,Fiber optic,true,false,true,false,true,true,Two year,false,Bank transfer (automatic),91.72,4219.12,false
CUST-01349,Female,0,false,true,38,true,false,Fiber optic,true,false,false,false,true,false,Month-to-month,true,Credit card (automatic),103.39,3928.82,true
CUST-01350,Female,0,false,false,72,false,false,No,true,false,false,true,true,false,Month-to-month,false,Credit card (automatic),82.38,5931.36,true
CUST-01351,Female,0,true,false,18,true,true,DSL,true,false,false,false,false,true,Two year,true,Electronic check,45.2,813.6,false
CUST-01352,Female,1,false,false,71,false,true,No,false,false,true,false,true,false,One year,false,Credit card (automatic),32.46,2304.66,false
CUST-01353,Female,0,false,false,32,true,false,No,true,true,true,false,true,true,Month-to-month,true,Mailed check,36,1152,true
CUST-01354,Male,0,false,true,33,false,false,No,true,false,true,false,false,true,Two year,false,Credit card (automatic),31.29,1032.57,false
CUST-01355,Male,0,false,true,55,false,true,Fiber optic,false,false,false,false,false,false,One year,false,Mailed check,45.1,2480.5,false
CUST-01356,Male,0,false,true,42,false,true,No,false,false,false,false,true,true,Month-to-month,false,Credit card (automatic),75.49,3170.58,false
CUST-01357,Female,1,false,true,65,true,false,Fiber optic,false,false,false,false,true,true,One year,false,Mailed check,81.22,5279.3,false
CUST-01358,Male,0,false,true,43,false,true,DSL,true,true,true,false,true,true,Two year,true,Credit card (automatic),42.47,1826.21,false
CUST-01359,Male,0,true,true,58,false,false,No,false,false,false,true,true,true,Two year,false,Electronic check,102.8,5962.4,false
CUST-01360,Male,0,false,true,32,false,false,No,true,true,false,false,false,true,Two year,false,Mailed check,68.72,2199.04,false
CUST-01361,Female,0,true,true,69,false,true,DSL,false,false,false,true,true,true,Month-to-month,true,Electronic check,63.85,4405.65,false
CUST-01362,Male,0,false,false,66,true,true,Fiber optic,false,true,false,false,true,true,Two year,true,Mailed check,97.27,6419.82,false
CUST-01363,Female,0,true,false,23,false,true,No,false,true,true,true,false,false,One year,false,Electronic check,92.86,2135.78,false
CUST-01364,Female,0,false,true,52,true,true,Fiber optic,true,true,false,false,false,true,One year,true,Electronic check,115.91,6027.32,true
CUST-01365,Male,1,false,true,19,true,true,No,true,false,true,false,true,false,Month-to-month,true,Mailed check,26.29,499.51,true
CUST-01366,Female,1,true,false,24,true,true,No,false,false,false,true,false,true,Two year,false,Mailed check,56.86,1364.64,false
CUST-01367,Female,0,false,true,22,false,true,DSL,true,true,false,false,true,true,One year,true,Bank transfer (automatic),36.3,798.6,false
CUST-01368,Male,0,true,false,58,true,false,DSL,false,false,false,true,false,true,One year,false,Bank transfer (automatic),57.11,3312.38,true
CUST-01369,Female,0,true,false,29,false,true,Fiber optic,false,false,true,true,false,true,Month-to-month,false,Mailed check,103.87,3012.23,false
CUST-01370,Male,0,true,false,12,true,false,No,false,false,false,true,true,true,Two year,false,Electronic check,104,1248,true
CUST-01371,Female,1,true,false,50,false,true,Fiber optic,false,false,true,false,true,false,Two year,true,Electronic check,40.71,2035.5,false
CUST-01372,Female,0,false,false,24,false,false,No,true,true,false,false,true,false,One year,true,Electronic check,31.97,767.28,false
CUST-01373,Female,0,false,false,61,true,false,No,true,true,true,false,false,true,One year,false,Bank transfer (automatic),71.53,4363.33,false
CUST-01374,Male,0,false,true,9,true,true,Fiber optic,false,false,false,false,false,true,One year,true,Bank transfer (automatic),26.12,235.08,false
CUST-01375,Female,0,false,true,8,false,false,Fiber optic,true,true,false,true,false,false,Two year,false,Credit card (automatic),73.5,588,false
CUST-01376,Female,1,true,false,39,true,true,No,true,true,false,false,true,false,Month-to-month,true,Electronic check,43.32,1689.48,false
CUST-01377,Male,0,false,true,28,true,false,Fiber optic,false,true,false,false,true,false,One year,true,Credit card (automatic),36.61,1025.08,false
CUST-01378,Female,0,true,false,23,false,false,Fiber optic,false,true,true,false,false,false,One year,true,Bank transfer (automatic),102.67,2361.41,false
CUST-01379,Female,0,true,true,23,true,false,Fiber optic,false,false,true,false,true,true,Month-to-month,true,Credit card (automatic),23.34,536.82,false
CUST-01380,Female,0,true,false,40,true,false,Fiber optic,false,true,false,false,false,false,One year,false,Credit card (automatic),42.24,1689.6,false
CUST-01381,Male,0,true,true,60,true,false,DSL,false,true,true,false,true,true,Two year,true,Bank transfer (automatic),35.46,2127.6,false
CUST-01382,Male,0,true,false,20,false,true,Fiber optic,true,false,true,false,false,false,One year,true,Bank transfer (automatic),40.64,812.8,false
CUST-01383,Male,0,true,false,2,false,true,No,false,true,false,false,true,false,One year,true,Bank transfer (automatic),109.37,218.74,false
CUST-01384,Female,0,true,true,41,false,true,No,false,false,true,true,true,true,Month-to-month,true,Bank transfer (automatic),95.02,3895.82,false
CUST-01385,Female,0,false,true,12,true,true,Fiber optic,true,false,false,false,true,true,Two year,false,Credit card (automatic),40.01,480.12,false
CUST-01386,Male,1,false,false,31,true,true,No,false,false,true,true,true,true,Month-to-month,false,Bank transfer (automatic),57.02,1767.62,true
CUST-01387,Female,0,true,false,8,false,true,Fiber optic,false,true,true,true,false,true,One year,true,Electronic check,64.49,515.92,false
CUST-01388,Female,0,true,true,19,true,false,Fiber optic,false,true,false,true,false,true,Two year,false,Bank transfer (automatic),63.25,1201.75,false
CUST-01389,Male,0,false,false,1,true,false,No,false,false,true,true,false,true,Two year,true,Credit card (automatic),62.19,62.19,false
CUST-01390,Female,0,false,true,8,false,true,No,false,true,false,true,true,false,One year,false,Credit card (automatic),37.14,297.12,false
CUST-01391,Female,0,false,true,28,true,true,DSL,true,false,false,true,true,true,Two year,true,Bank transfer (automatic),53.99,1511.72,false
CUST-01392,Male,0,false,false,32,true,true,DSL,true,false,true,true,true,true,Two year,true,Electronic check,111.76,3576.32,false
CUST-01393,Female,1,false,false,38,false,false,Fiber optic,true,false,false,false,true,true,Month-to-month,true,Electronic check,94.14,3577.32,false
CUST-01394,Male,1,true,false,32,false,false,No,false,false,true,true,false,true,Month-to-month,false,Credit card (automatic),83.6,2675.2,true
CUST-01395,Male,0,false,false,2,true,true,No,true,false,false,true,true,true,Month-to-month,false,Electronic check,61.46,122.92,false
CUST-01396,Male,0,false,false,45,true,false,No,true,false,false,false,true,false,One year,true,Electronic check,51.87,2334.15,false
CUST-01397,Female,0,false,false,21,true,false,Fiber optic,false,true,true,false,false,true,Month-to-month,false,Credit card (automatic),22.37,469.77,true
CUST-01398,Male,1,true,false,65,true,false,DSL,false,true,true,false,true,false,Month-to-month,false,Credit card (automatic),37.81,2457.65,true
CUST-01399,Male,1,false,false,25,true,true,DSL,true,false,false,false,true,false,Two year,false,Mailed check,58.6,1465,false
CUST-01400,Female,0,true,false,29,true,true,No,true,true,true,true,false,false,Two year,false,Credit card (automatic),62.51,1812.79,false
CUST-01401,Male,0,true,true,18,true,false,Fiber optic,true,false,false,true,false,false,Two year,false,Credit card (automatic),100.59,1810.62,false
CUST-01402,Female,0,false,true,42,true,true,Fiber optic,false,false,false,true,true,true,Two year,false,Electronic check,95.05,3992.1,false
CUST-01403,Male,1,false,false,23,true,false,DSL,false,false,false,false,true,false,Month-to-month,true,Bank transfer (automatic),96.91,2228.93,false
CUST-01404,Female,0,true,true,59,false,false,DSL,false,true,true,false,true,true,Month-to-month,true,Credit card (automatic),47.12,2780.08,false
CUST-01405,Male,0,false,false,29,false,true,Fiber optic,true,true,true,false,false,true,Month-to-month,true,Credit card (automatic),63.69,1847.01,true
CUST-01406,Female,1,false,true,71,false,false,No,true,false,true,true,true,true,Two year,true,Credit card (automatic),70.86,5031.06,false
CUST-01407,Female,0,true,false,52,true,false,No,true,true,true,false,false,true,Two year,false,Electronic check,62.28,3238.56,false
CUST-01408,Female,1,true,false,59,true,false,Fiber optic,true,false,true,false,true,false,Two year,true,Electronic check,35.67,2104.53,false
CUST-01409,Male,0,false,false,63,false,false,No,true,true,false,true,true,true,One year,false,Credit card (automatic),45.56,2870.28,false
CUST-01410,Male,0,true,true,67,false,false,DSL,false,false,false,false,true,true,Month-to-month,true,Mailed check,78.13,5234.71,false
CUST-01411,Female,0,true,true,35,false,false,DSL,true,true,false,false,true,true,Month-to-month,true,Bank transfer (automatic),81.76,2861.6,false
CUST-01412,Female,0,false,false,32,true,false,Fiber optic,true,false,false,true,false,true,Two year,true,Electronic check,41.8,1337.6,false
CUST-01413,Male,0,true,false,6,true,true,No,false,false,false,true,false,true,Month-to-month,false,Mailed check,57.24,343.44,true
CUST-01414,Male,0,false,true,38,false,true,Fiber optic,true,false,true,false,true,true,Two year,true,Credit card (automatic),96.57,3669.66,false
CUST-01415,Male,0,false,false,1,false,false,Fiber optic,true,false,false,false,true,false,One year,false,Mailed check,98.38,98.38,false
CUST-01416,Female,1,false,true,23,true,true,Fiber optic,false,false,true,false,false,true,Two year,false,Mailed check,23.95,550.85,false
CUST-01417,Female,0,true,true,3,true,true,No,false,false,true,false,true,false,One year,false,Credit card (automatic),86.37,259.11,false
CUST-01418,Male,0,false,true,69,false,true,No,true,false,false,true,false,true,Month-to-month,true,Bank transfer (automatic),57.09,3939.21,true
CUST-01419,Male,0,false,true,62,false,false,DSL,false,false,true,true,true,true,Two year,false,Mailed check,104.17,6458.54,false
CUST-01420,Female,0,true,false,23,false,false,No,false,false,true,true,false,false,Month-to-month,false,Mailed check,81.84,1882.32,false
CUST-01421,Female,0,false,false,44,true,false,DSL,true,true,false,false,true,true,One year,true,Mailed check,65.18,2867.92,false
CUST-01422,Male,0,false,true,68,false,true,No,true,true,false,false,true,false,Two year,false,Bank transfer (automatic),43.92,2986.56,false
CUST-01423,Male,0,true,true,47,false,false,DSL,true,true,true,true,true,true,Month-to-month,true,Bank transfer (automatic),80.52,3784.44,false
CUST-01424,Male,0,true,false,57,true,false,Fiber optic,false,false,false,false,false,false,Two year,true,Bank transfer (automatic),100.43,5724.51,false
CUST-01425,Female,0,false,true,41,false,true,DSL,true,true,false,false,true,true,Month-to-month,true,Bank transfer (automatic),56.8,2328.8,false
CUST-01426,Female,0,false,false,41,true,true,Fiber optic,false,true,true,false,true,true,Month-to-month,false,Mailed check,27.86,1142.26,false
CUST-01427,Female,0,true,true,41,false,false,DSL,false,false,true,true,false,false,One year,true,Bank transfer (automatic),21.48,880.68,true
CUST-01428,Female,0,true,false,38,false,true,Fiber optic,false,true,true,false,false,false,One year,true,Electronic check,101.69,3864.22,false
CUST-01429,Female,0,true,true,23,false,false,DSL,false,false,true,false,false,true,One year,true,Mailed check,98.8,2272.4,false
CUST-01430,Male,0,false,false,55,true,false,Fiber optic,true,true,false,false,false,false,Two year,true,Credit card (automatic),58.56,3220.8,false
CUST-01431,Male,1,false,true,69,false,true,No,false,false,false,false,true,true,Month-to-month,true,Electronic check,75.74,5226.06,true
CUST-01432,Female,0,false,false,33,true,true,DSL,false,false,false,true,true,false,Month-to-month,true,Bank transfer (automatic),105.84,3492.72,false
CUST-01433,Female,0,false,true,16,false,true,Fiber optic,false,true,false,false,false,false,Two year,false,Bank transfer (automatic),44.29,708.64,false
CUST-01434,Male,1,false,false,61,true,false,DSL,true,false,false,true,false,true,One year,false,Electronic check,32.47,1980.67,false
CUST-01435,Female,0,true,true,59,false,true,No,false,true,true,false,true,true,Month-to-month,true,Electronic check,116.32,6862.88,false
CUST-01436,Female,0,true,true,1,true,true,DSL,true,true,true,false,false,false,One year,false,Electronic check,88.26,88.26,true
CUST-01437,Male,0,false,false,5,true,false,DSL,true,true,true,true,true,false,Two year,false,Mailed check,117.78,588.9,false
CUST-01438,Male,0,true,false,58,false,true,DSL,true,true,false,false,true,false,Two year,true,Mailed check,86.64,5025.12,true
CUST-01439,Female,0,false,true,32,true,true,Fiber optic,false,false,false,true,true,false,Month-to-month,true,Electronic check,34.43,1101.76,false
CUST-01440,Female,0,false,false,36,false,false,No,true,false,false,false,false,true,Two year,false,Bank transfer (automatic),90.53,3259.08,false
CUST-01441,Female,0,false,false,43,false,true,No,true,false,false,true,false,false,Month-to-month,false,Bank transfer (automatic),69.95,3007.85,false
CUST-01442,Female,0,true,true,66,false,true,DSL,false,true,true,true,true,false,Month-to-month,true,Credit card (automatic),114.49,7556.34,true
CUST-01443,Female,1,true,false,8,false,true,No,false,true,false,true,false,true,Month-to-month,false,Bank transfer (automatic),60.66,485.28,false
CUST-01444,Female,1,true,true,60,true,true,No,true,false,false,false,true,true,Month-to-month,false,Credit card (automatic),21.08,1264.8,false
CUST-01445,Male,1,true,false,33,false,true,DSL,true,true,false,false,true,true,Month-to-month,false,Bank transfer (automatic),57.94,1912.02,true
CUST-01446,Male,0,true,true,12,false,true,Fiber optic,false,true,false,false,true,true,Month-to-month,true,Bank transfer (automatic),77.51,930.12,false
CUST-01447,Female,0,false,true,12,false,false,No,false,true,true,false,false,true,One year,false,Credit card (automatic),90.08,1080.96,false
CUST-01448,Female,0,true,true,43,true,true,DSL,false,false,true,false,false,false,Month-to-month,true,Bank transfer (automatic),92.78,3989.54,true
CUST-01449,Male,0,false,true,10,true,true,DSL,true,false,false,true,true,false,One year,true,Credit card (automatic),47.16,471.6,true
CUST-01450,Male,0,false,false,64,true,false,DSL,true,true,false,false,true,false,One year,true,Bank transfer (automatic),118.47,7582.08,false
CUST-01451,Female,1,false,false,17,false,true,DSL,true,false,false,true,false,true,Two year,false,Bank transfer (automatic),77.25,1313.25,false
CUST-01452,Male,0,true,true,35,true,true,Fiber optic,false,false,true,true,true,true,Month-to-month,false,Mailed check,86.75,3036.25,false
CUST-01453,Female,0,true,true,17,false,true,No,false,false,false,true,false,true,One year,true,Mailed check,78.99,1342.83,true
CUST-01454,Male,0,true,true,44,true,false,No,true,true,true,true,false,false,One year,false,Credit card (automatic),63.34,2786.96,false
CUST-01455,Female,0,false,true,68,false,false,No,true,false,false,true,false,false,Two year,true,Bank transfer (automatic),67.07,4560.76,false
CUST-01456,Female,0,true,false,40,false,false,DSL,false,false,false,false,true,true,One year,false,Mailed check,29.87,1194.8,false
CUST-01457,Female,0,false,true,49,true,true,DSL,true,true,true,true,false,true,Month-to-month,false,Bank transfer (automatic),43.86,2149.14,false
CUST-01458,Male,1,true,false,67,false,true,Fiber optic,false,false,true,false,true,true,One year,true,Electronic check,62.96,4218.32,false
CUST-01459,Female,0,true,false,2,false,false,DSL,true,false,false,true,false,true,Month-to-month,true,Mailed check,20.43,40.86,false
CUST-01460,Female,0,false,true,22,true,true,DSL,false,false,true,false,true,false,One year,true,Bank transfer (automatic),61.69,1357.18,false
CUST-01461,Female,0,false,false,70,true,false,Fiber optic,false,false,false,true,true,false,One year,false,Credit card (automatic),78.22,5475.4,true
CUST-01462,Male,1,true,true,32,true,true,Fiber optic,true,false,true,true,false,true,Two year,false,Credit card (automatic),41.8,1337.6,false
CUST-01463,Female,1,true,false,68,false,true,DSL,false,true,false,true,false,true,One year,true,Bank transfer (automatic),51.13,3476.84,false
CUST-01464,Male,0,false,false,37,false,true,No,false,true,false,true,false,false,Month-to-month,true,Credit card (automatic),91.25,3376.25,false
CUST-01465,Female,0,false,false,44,false,false,Fiber optic,true,false,true,true,false,true,Two year,true,Electronic check,89.46,3936.24,false
CUST-01466,Female,0,false,false,71,false,true,Fiber optic,true,true,true,true,false,false,Two year,true,Credit card (automatic),31.85,2261.35,false
CUST-01467,Male,1,false,true,60,true,true,No,true,false,false,true,false,true,Two year,true,Electronic check,106.77,6406.2,false
CUST-01468,Male,1,true,false,24,false,false,Fiber optic,false,false,true,false,true,false,Two year,true,Electronic check,33.05,793.2,true
CUST-01469,Female,0,false,false,45,false,false,No,false,false,false,true,true,true,Month-to-month,true,Bank transfer (automatic),85.78,3860.1,false
CUST-01470,Female,0,true,false,11,false,false,DSL,false,false,true,false,false,true,One year,true,Credit card (automatic),103.62,1139.82,false
CUST-01471,Female,0,false,false,1,false,false,No,false,false,true,false,true,false,Two year,true,Bank transfer (automatic),101.24,101.24,false
CUST-01472,Female,0,false,false,46,false,true,No,false,false,true,true,false,true,One year,false,Credit card (automatic),35,1610,false
CUST-01473,Female,1,false,true,9,true,true,DSL,false,false,false,true,true,false,Month-to-month,true,Electronic check,76.47,688.23,true
CUST-01474,Male,0,true,true,55,false,false,DSL,false,true,true,false,true,false,One year,true,Bank transfer (automatic),72.89,4008.95,false
CUST-01475,Female,1,true,false,21,true,true,Fiber optic,true,false,false,false,false,false,Two year,false,Bank transfer (automatic),34.4,722.4,false
CUST-01476,Female,0,false,true,11,false,true,DSL,true,true,false,true,true,false,Month-to-month,true,Electronic check,28.82,317.02,true
CUST-01477,Male,0,true,true,19,true,false,Fiber optic,true,false,true,true,false,false,Month-to-month,true,Bank transfer (automatic),32.73,621.87,false
CUST-01478,Male,0,false,false,6,true,true,DSL,false,true,false,true,false,false,Month-to-month,false,Bank transfer (automatic),61.27,367.62,false
CUST-01479,Male,1,true,false,36,true,true,No,false,false,true,true,false,false,Month-to-month,false,Bank transfer (automatic),50.25,1809,true
CUST-01480,Female,0,false,false,44,true,false,No,false,true,true,false,false,true,Two year,false,Bank transfer (automatic),84.35,3711.4,false
CUST-01481,Male,0,false,false,15,false,true,DSL,true,false,false,false,false,true,Month-to-month,false,Mailed check,59.78,896.7,false
CUST-01482,Female,0,true,true,44,true,false,Fiber optic,false,false,false,false,false,false,Month-to-month,true,Mailed check,112.99,4971.56,false
CUST-01483,Male,0,false,true,28,true,true,No,true,false,false,true,true,true,One year,false,Bank transfer (automatic),42.5,1190,false
CUST-01484,Male,0,true,false,60,false,true,No,true,true,false,false,false,true,Two year,true,Credit card (automatic),21.94,1316.4,false
CUST-01485,Male,0,true,false,66,true,false,DSL,true,false,true,false,true,true,Month-to-month,true,Bank transfer (automatic),91.34,6028.44,false
CUST-01486,Female,0,true,true,25,false,false,Fiber optic,false,true,true,false,false,false,Two year,true,Electronic check,42.69,1067.25,false
CUST-01487,Female,0,false,true,20,true,true,Fiber optic,true,false,true,true,false,true,One year,true,Electronic check,47.33,946.6,false
CUST-01488,Female,0,false,false,2,false,true,DSL,false,true,false,false,false,true,Month-to-month,true,Credit card (automatic),54.41,108.82,true
CUST-01489,Female,0,true,false,8,true,false,Fiber optic,false,false,false,true,false,false,Month-to-month,true,Electronic check,46.84,374.72,true
CUST-01490,Female,0,false,false,10,false,true,DSL,true,true,true,false,true,true,Two year,true,Bank transfer (automatic),55.42,554.2,false
CUST-01491,Female,0,false,false,27,true,true,No,false,true,false,true,true,false,Month-to-month,false,Credit card (automatic),85.9,2319.3,false
CUST-01492,Female,0,false,false,42,false,true,No,false,true,true,false,false,true,Month-to-month,false,Mailed check,71.72,3012.24,false
CUST-01493,Female,0,true,false,6,false,true,No,false,true,true,true,true,true,Month-to-month,true,Bank transfer (automatic),87.35,524.1,false
CUST-01494,Female,1,true,true,55,true,false,Fiber optic,false,false,true,true,false,false,One year,false,Mailed check,79.18,4354.9,true
CUST-01495,Male,0,false,false,22,true,false,No,true,true,true,true,false,false,Two year,false,Mailed check,94.94,2088.68,false
CUST-01496,Female,1,false,true,50,true,true,Fiber optic,true,true,false,true,false,true,Two year,true,Mailed check,82.34,4117,false
CUST-01497,Male,0,false,false,60,true,true,No,false,false,true,false,true,false,Month-to-month,true,Electronic check,101.93,6115.8,false
CUST-01498,Female,0,false,false,28,false,false,Fiber optic,false,true,true,true,true,false,Month-to-month,true,Electronic check,114.45,3204.6,false
CUST-01499,Male,0,true,true,9,false,false,DSL,true,false,false,true,true,true,Two year,false,Electronic check,115,1035,false
CUST-01500,Female,0,true,false,67,true,true,No,true,true,false,false,false,false,Two year,false,Credit card (automatic),62.02,4155.34,false
CUST-01501,Female,0,false,true,42,false,true,Fiber optic,true,true,true,false,false,true,One year,false,Mailed check,41.23,1731.66,false
CUST-01502,Female,0,false,true,72,true,true,No,false,false,false,false,false,false,One year,true,Mailed check,101.43,7302.96,false
CUST-01503,Male,0,true,true,48,true,true,DSL,true,false,true,false,true,false,Two year,true,Mailed check,22.07,1059.36,false
CUST-01504,Female,0,true,true,20,true,false,No,true,false,true,false,false,true,Two year,false,Electronic check,78.38,1567.6,false
CUST-01505,Female,0,false,false,28,false,true,DSL,true,false,true,true,true,true,Month-to-month,true,Bank transfer (automatic),111.59,3124.52,false
CUST-01506,Female,0,false,true,15,false,false,No,true,true,false,true,true,true,Month-to-month,true,Credit card (automatic),53.4,801,false
CUST-01507,Female,0,true,true,55,true,true,No,true,true,false,false,true,true,Two year,true,Electronic check,63.83,3510.65,false
CUST-01508,Male,0,true,true,35,true,false,Fiber optic,true,true,true,true,true,false,Two year,false,Electronic check,84.2,2947,false
CUST-01509,Male,0,true,false,21,true,false,Fiber optic,true,false,false,false,true,true,Month-to-month,false,Electronic check,119.31,2505.51,false
CUST-01510,Male,0,true,false,46,true,false,No,true,false,false,true,true,false,Month-to-month,true,Bank transfer (automatic),29.01,1334.46,false
CUST-01511,Male,0,false,true,36,false,true,DSL,false,false,true,false,true,false,Month-to-month,false,Mailed check,88.38,3181.68,false
CUST-01512,Male,1,false,true,13,false,false,No,true,false,true,false,false,true,One year,false,Electronic check,20.42,265.46,false
CUST-01513,Male,0,false,false,71,true,false,Fiber optic,true,false,false,true,true,false,Two year,false,Bank transfer (automatic),50.42,3579.82,false
CUST-01514,Female,0,false,true,36,false,false,No,false,true,false,false,true,true,One year,false,Credit card (automatic),76.35,2748.6,false
CUST-01515,Male,0,false,false,60,true,true,DSL,true,false,false,false,true,true,Two year,true,Bank transfer (automatic),55.48,3328.8,false
CUST-01516,Male,1,true,true,64,true,true,No,false,true,true,false,false,true,One year,false,Electronic check,57.07,3652.48,false
CUST-01517,Male,1,true,true,60,true,true,Fiber optic,true,false,true,true,true,false,One year,false,Mailed check,105.65,6339,false
CUST-01518,Male,0,true,true,29,false,true,Fiber optic,false,false,true,true,true,false,Two year,true,Mailed check,58.96,1709.84,false
CUST-01519,Female,1,false,false,61,true,true,Fiber optic,false,true,false,false,true,true,Two year,true,Mailed check,57.75,3522.75,false
CUST-01520,Female,0,true,true,21,true,false,Fiber optic,false,true,false,true,false,false,Two year,true,Electronic check,93.76,1968.96,false
CUST-01521,Female,0,true,true,45,true,false,Fiber optic,true,true,false,true,false,false,Month-to-month,false,Bank transfer (automatic),83.57,3760.65,false
CUST-01522,Male,0,false,true,34,false,true,DSL,false,false,true,false,false,true,Month-to-month,false,Electronic check,95.35,3241.9,false
CUST-01523,Male,0,true,false,59,true,true,DSL,false,false,true,false,true,false,Month-to-month,false,Credit card (automatic),113.65,6705.35,false
CUST-01524,Male,1,true,false,38,false,true,No,false,false,false,true,false,false,Two year,true,Credit card (automatic),21.53,818.14,false
CUST-01525,Male,1,false,false,52,true,false,DSL,true,false,true,true,false,true,One year,true,Bank transfer (automatic),107.39,5584.28,false
CUST-01526,Male,0,true,false,52,true,false,Fiber optic,true,true,false,true,false,false,Month-to-month,true,Mailed check,84.18,4377.36,true
CUST-01527,Male,0,false,true,42,true,true,No,true,false,true,true,true,false,Month-to-month,false,Bank transfer (automatic),51.13,2147.46,false
CUST-01528,Female,0,true,true,10,true,false,No,true,true,false,false,false,true,One year,true,Bank transfer (automatic),65.05,650.5,false
CUST-01529,Female,0,false,true,68,true,false,DSL,false,false,false,true,false,true,Two year,false,Bank transfer (automatic),101.69,6914.92,false
CUST-01530,Female,0,true,false,2,true,false,No,false,true,false,false,true,false,Month-to-month,true,Credit card (automatic),28.45,56.9,true
CUST-01531,Male,0,false,false,11,true,true,No,false,true,false,true,false,false,Month-to-month,false,Electronic check,53.43,587.73,false
CUST-01532,Male,1,true,false,26,false,false,Fiber optic,false,true,true,false,true,false,Month-to-month,true,Credit card (automatic),65.33,1698.58,false
CUST-01533,Female,1,false,false,25,false,false,DSL,true,true,false,false,true,true,Month-to-month,false,Electronic check,20.54,513.5,false
CUST-01534,Male,1,true,false,46,true,true,Fiber optic,false,false,false,false,false,false,Two year,true,Credit card (automatic),55.35,2546.1,false
CUST-01535,Male,0,false,false,63,false,true,Fiber optic,false,true,false,false,true,true,Two year,true,Credit card (automatic),116.62,7347.06,false
CUST-01536,Male,0,false,true,30,true,true,No,false,true,true,true,true,false,Two year,false,Bank transfer (automatic),20.5,615,false
CUST-01537,Male,0,false,true,63,false,false,No,false,true,false,false,false,true,Month-to-month,false,Credit card (automatic),76.77,4836.51,false
CUST-01538,Male,1,false,false,12,true,false,No,false,false,false,true,false,false,Two year,true,Mailed check,42.79,513.48,false
CUST-01539,Male,1,true,false,14,false,false,Fiber optic,true,false,false,true,false,false,Month-to-month,false,Mailed check,72.73,1018.22,true
CUST-01540,Female,0,true,true,28,false,false,Fiber optic,false,false,false,true,true,true,Month-to-month,false,Bank transfer (automatic),111.42,3119.76,false
CUST-01541,Female,0,false,true,11,false,true,No,true,true,true,false,true,true,Two year,true,Credit card (automatic),75.52,830.72,false
CUST-01542,Male,0,true,true,42,true,true,DSL,false,false,true,false,false,true,Month-to-month,false,Mailed check,89.89,3775.38,true
CUST-01543,Male,0,false,false,34,false,false,DSL,true,false,true,true,true,true,Two year,true,Electronic check,49.4,1679.6,false
CUST-01544,Female,1,true,true,47,false,true,Fiber optic,true,false,true,true,false,false,One year,true,Credit card (automatic),79.21,3722.87,false
CUST-01545,Female,0,true,false,48,false,true,Fiber optic,false,true,false,false,true,true,Month-to-month,false,Mailed check,31.92,1532.16,false
CUST-01546,Male,1,false,true,60,true,true,DSL,false,true,false,true,false,true,One year,true,Electronic check,47.15,2829,false
CUST-01547,Male,0,false,false,7,false,true,No,true,true,true,false,false,true,Two year,false,Bank transfer (automatic),82.96,580.72,true
CUST-01548,Female,1,false,true,33,true,true,DSL,true,false,true,true,true,false,Two year,false,Credit card (automatic),95.32,3145.56,false
CUST-01549,Male,1,true,true,51,true,false,Fiber optic,false,true,false,true,true,false,Month-to-month,false,Credit card (automatic),20.73,1057.23,false
CUST-01550,Male,0,false,true,60,false,false,DSL,true,true,false,true,true,false,One year,false,Mailed check,51.66,3099.6,false
CUST-01551,Male,0,true,false,23,false,false,DSL,false,false,false,true,true,true,Month-to-month,true,Mailed check,50.31,1157.13,true
CUST-01552,Male,0,false,false,25,true,true,DSL,true,false,false,true,true,true,One year,false,Electronic check,110.32,2758,true
CUST-01553,Female,0,false,false,53,false,false,No,true,false,true,true,false,true,One year,false,Bank transfer (automatic),35.48,1880.44,false
CUST-01554,Male,0,false,false,60,true,true,Fiber optic,true,false,false,true,false,false,Month-to-month,true,Electronic check,104.4,6264,false
CUST-01555,Female,0,false,false,1,false,true,DSL,true,false,false,true,true,false,One year,true,Electronic check,76.79,76.79,false
CUST-01556,Male,0,false,true,37,true,true,DSL,true,true,false,false,true,false,Two year,true,Electronic check,58.7,2171.9,false
CUST-01557,Female,0,true,true,7,true,true,DSL,true,false,false,true,true,false,Month-to-month,true,Bank transfer (automatic),26.72,187.04,false
CUST-01558,Male,0,false,false,8,true,true,No,true,false,true,true,false,false,One year,false,Credit card (automatic),31.04,248.32,true
CUST-01559,Male,0,true,false,17,false,true,DSL,true,true,true,false,false,true,Two year,true,Bank transfer (automatic),32.51,552.67,false
CUST-01560,Female,0,true,false,9,true,false,DSL,true,true,false,true,true,true,One year,false,Credit card (automatic),80.25,722.25,true
CUST-01561,Female,0,true,true,63,true,false,Fiber optic,false,false,true,true,true,true,One year,true,Electronic check,56.36,3550.68,false
CUST-01562,Female,0,false,false,9,false,true,Fiber optic,false,false,true,true,true,false,Month-to-month,true,Electronic check,115.26,1037.34,false
CUST-01563,Female,0,false,false,5,false,false,DSL,false,false,false,true,true,false,Month-to-month,true,Electronic check,51.33,256.65,false
CUST-01564,Female,0,true,false,51,false,true,No,false,false,false,false,true,false,Month-to-month,false,Electronic check,34.74,1771.74,false
CUST-01565,Male,0,false,false,21,false,false,DSL,false,true,false,false,true,true,One year,true,Electronic check,86.52,1816.92,false
CUST-01566,Male,0,true,false,48,false,false,Fiber optic,false,false,false,false,true,true,Two year,false,Electronic check,28.56,1370.88,false
CUST-01567,Female,0,false,false,20,true,false,Fiber optic,true,true,true,true,true,true,Two year,true,Mailed check,88.99,1779.8,false
CUST-01568,Female,0,false,false,36,true,false,DSL,true,false,false,true,false,false,Month-to-month,true,Bank transfer (automatic),55.72,2005.92,true
CUST-01569,Male,0,false,true,18,false,true,DSL,false,true,true,false,true,true,Month-to-month,false,Electronic check,35.81,644.58,false
CUST-01570,Female,0,true,false,1,false,true,DSL,true,false,true,true,false,false,Two year,true,Credit card (automatic),85.8,85.8,false
CUST-01571,Male,0,true,true,36,false,true,Fiber optic,true,false,true,true,false,false,One year,true,Mailed check,106.67,3840.12,true
CUST-01572,Female,1,false,true,23,true,true,Fiber optic,true,false,false,true,false,true,Month-to-month,false,Mailed check,46.48,1069.04,true
CUST-01573,Male,0,false,false,38,true,false,Fiber optic,false,false,false,true,false,true,Month-to-month,false,Electronic check,82.74,3144.12,false
CUST-01574,Female,0,false,false,50,true,true,Fiber optic,false,false,true,false,true,false,Two year,true,Bank transfer (automatic),36,1800,false
CUST-01575,Male,0,false,true,53,false,true,No,true,true,false,true,true,true,Two year,false,Credit card (automatic),86.49,4583.97,false
CUST-01576,Female,0,false,false,8,false,true,No,true,true,true,true,true,true,Two year,false,Electronic check,46.41,371.28,false
CUST-01577,Female,0,true,false,29,true,false,No,true,true,true,true,false,true,One year,true,Electronic check,72.08,2090.32,false
CUST-01578,Female,0,true,true,62,true,true,DSL,false,false,false,false,true,true,Month-to-month,true,Bank transfer (automatic),41.86,2595.32,false
CUST-01579,Male,0,true,true,49,false,true,No,true,false,false,false,false,false,Two year,true,Credit card (automatic),115.02,5635.98,false
CUST-01580,Male,0,false,true,54,true,false,No,true,true,true,false,true,false,Month-to-month,true,Mailed check,69.18,3735.72,true
CUST-01581,Female,0,true,false,13,false,true,No,false,false,false,false,false,false,One year,false,Bank transfer (automatic),107.09,1392.17,false
CUST-01582,Male,0,true,false,20,false,true,Fiber optic,true,false,false,true,false,true,One year,true,Bank transfer (automatic),72.23,1444.6,false
CUST-01583,Male,0,false,true,17,false,false,DSL,false,false,true,true,true,false,One year,false,Electronic check,94.68,1609.56,false
CUST-01584,Male,0,true,true,70,false,true,No,true,true,true,true,true,false,Two year,false,Mailed check,56.43,3950.1,false
CUST-01585,Female,1,false,true,53,false,true,Fiber optic,true,false,true,false,true,false,Two year,true,Mailed check,97.73,5179.69,false
CUST-01586,Female,1,true,false,71,true,false,DSL,false,true,false,false,true,true,One year,true,Bank transfer (automatic),119.22,8464.62,false
CUST-01587,Female,0,true,true,31,false,false,DSL,true,false,true,true,false,false,One year,true,Electronic check,24.91,772.21,false
CUST-01588,Female,0,false,true,57,false,false,Fiber optic,false,true,false,false,true,true,One year,true,Mailed check,30.56,1741.92,false
CUST-01589,Female,0,false,false,1,true,false,No,false,false,true,false,true,true,Two year,false,Credit card (automatic),99.92,99.92,false
CUST-01590,Female,0,false,false,2,false,true,No,true,false,false,false,false,false,Month-to-month,true,Electronic check,33.6,67.2,false
CUST-01591,Female,0,false,true,62,false,false,No,true,true,true,true,false,false,Two year,false,Mailed check,73.1,4532.2,false
CUST-01592,Female,0,false,false,41,false,true,DSL,true,true,false,true,false,false,Two year,false,Bank transfer (automatic),106.43,4363.63,false
CUST-01593,Male,0,true,true,59,false,true,Fiber optic,true,true,false,true,false,false,One year,true,Mailed check,89.36,5272.24,false
CUST-01594,Female,0,false,true,11,true,true,Fiber optic,false,false,true,true,true,true,Two year,true,Electronic check,81.92,901.12,false
CUST-01595,Male,0,false,false,8,false,true,No,true,false,false,true,true,true,Two year,true,Electronic check,53.28,426.24,false
CUST-01596,Male,0,true,false,49,false,false,No,false,false,true,false,false,false,Month-to-month,true,Mailed check,51.4,2518.6,false
CUST-01597,Male,0,false,true,57,true,true,Fiber optic,false,false,true,false,true,true,Month-to-month,false,Credit card (automatic),67.3,3836.1,false
CUST-01598,Male,0,false,true,45,false,false,Fiber optic,false,true,false,false,false,true,Two year,true,Bank transfer (automatic),56.51,2542.95,false
CUST-01599,Male,0,false,true,24,true,true,DSL,false,true,false,false,false,true,Two year,false,Mailed check,119.48,2867.52,false
CUST-01600,Male,0,false,false,52,false,true,No,true,false,true,true,false,false,Month-to-month,false,Bank transfer (automatic),39.38,2047.76,false
CUST-01601,Male,0,true,false,5,false,true,DSL,false,true,false,false,false,false,One year,true,Credit card (automatic),41.5,207.5,false
CUST-01602,Female,1,true,true,29,false,true,Fiber optic,false,false,false,true,false,false,One year,false,Mailed check,100.18,2905.22,false
CUST-01603,Male,0,true,true,35,true,true,Fiber optic,false,true,true,true,true,true,Month-to-month,true,Electronic check,60.46,2116.1,false
CUST-01604,Female,0,false,true,30,true,false,No,false,false,false,true,true,true,Month-to-month,false,Mailed check,61.86,1855.8,true
CUST-01605,Male,0,false,true,57,false,true,DSL,true,false,false,false,true,false,Two year,true,Bank transfer (automatic),75.2,4286.4,false
CUST-01606,Female,0,false,false,27,true,false,No,true,false,false,true,true,true,Two year,true,Bank transfer (automatic),31.79,858.33,false
CUST-01607,Male,0,true,false,20,false,false,DSL,false,false,false,true,true,true,One year,true,Credit card (automatic),77.42,1548.4,false
CUST-01608,Male,1,true,false,68,false,true,No,false,false,true,true,true,false,Month-to-month,false,Electronic check,84.22,5726.96,true
CUST-01609,Male,0,false,false,23,false,false,Fiber optic,false,true,false,false,false,true,One year,true,Bank transfer (automatic),77.1,1773.3,true
CUST-01610,Female,0,false,false,49,true,true,Fiber optic,true,true,true,true,false,false,One year,false,Mailed check,34.21,1676.29,true
CUST-01611,Male,0,true,true,62,false,false,Fiber optic,true,false,false,true,true,true,Month-to-month,true,Mailed check,30.49,1890.38,false
CUST-01612,Male,0,true,false,37,false,false,No,false,true,true,false,false,false,One year,true,Electronic check,87.73,3246.01,false
CUST-01613,Male,0,true,true,43,false,true,Fiber optic,false,true,true,true,false,false,Two year,false,Mailed check,64.83,2787.69,false
CUST-01614,Female,0,false,false,38,false,false,DSL,true,true,false,true,false,false,Two year,false,Credit card (automatic),25.2,957.6,false
CUST-01615,Female,0,false,false,47,false,true,Fiber optic,true,false,false,true,true,false,One year,false,Bank transfer (automatic),117.85,5538.95,false
CUST-01616,Male,0,false,false,63,true,true,Fiber optic,true,false,false,true,false,true,Month-to-month,false,Credit card (automatic),58,3654,true
CUST-01617,Male,1,true,true,62,true,true,DSL,false,true,true,false,false,false,Month-to-month,true,Credit card (automatic),96.22,5965.64,false
CUST-01618,Female,0,false,true,21,false,false,No,false,false,true,false,false,false,Two year,false,Credit card (automatic),118.84,2495.64,false
CUST-01619,Male,0,true,true,18,true,true,Fiber optic,true,false,false,true,false,true,Month-to-month,true,Credit card (automatic),99.32,1787.76,true
CUST-01620,Female,0,true,true,49,false,true,Fiber optic,true,false,false,true,true,false,Two year,true,Bank transfer (automatic),47.73,2338.77,false
CUST-01621,Male,0,true,true,60,true,true,DSL,true,true,true,true,false,true,One year,true,Electronic check,74.2,4452,false
CUST-01622,Male,1,true,false,69,true,true,DSL,true,true,true,true,false,false,Two year,false,Electronic check,83,5727,false
CUST-01623,Male,1,false,true,31,false,false,DSL,true,false,true,false,false,false,Two year,true,Credit card (automatic),77.16,2391.96,false
CUST-01624,Male,0,false,true,1,false,true,Fiber optic,false,true,false,true,false,false,One year,true,Mailed check,50.89,50.89,false
CUST-01625,Female,0,false,false,65,true,false,DSL,false,true,true,true,true,true,Month-to-month,true,Bank transfer (automatic),44.05,2863.25,true
CUST-01626,Female,0,false,true,66,true,false,No,false,false,true,true,false,true,Two year,true,Electronic check,89.22,5888.52,false
CUST-01627,Female,0,false,false,37,true,false,No,false,true,false,false,false,false,Month-to-month,true,Bank transfer (automatic),52.1,1927.7,false
CUST-01628,Female,0,true,true,23,false,true,Fiber optic,false,false,false,false,false,true,Two year,true,Mailed check,56.92,1309.16,false
CUST-01629,Male,0,true,true,16,true,false,DSL,true,false,true,true,true,true,Two year,false,Electronic check,22.34,357.44,false
CUST-01630,Female,0,true,false,11,true,false,DSL,true,false,true,false,false,true,Two year,true,Bank transfer (automatic),74.38,818.18,false
CUST-01631,Male,0,false,true,48,false,true,Fiber optic,false,false,false,false,true,false,Two year,false,Mailed check,82.72,3970.56,false
CUST-01632,Male,0,true,true,30,true,true,DSL,false,false,false,true,false,false,Month-to-month,true,Credit card (automatic),23.69,710.7,false
CUST-01633,Male,0,false,true,47,true,false,Fiber optic,true,true,true,false,true,false,Two year,false,Credit card (automatic),106,4982,false
CUST-01634,Male,0,false,true,11,true,false,No,false,true,false,false,false,true,One year,true,Electronic check,51.26,563.86,false
CUST-01635,Male,0,true,true,67,true,false,No,true,false,false,false,true,false,Two year,true,Credit card (automatic),64.88,4346.96,false
CUST-01636,Male,0,true,true,32,false,false,DSL,true,false,true,false,false,false,One year,false,Bank transfer (automatic),24.84,794.88,false
CUST-01637,Male,0,true,false,42,true,false,Fiber optic,true,false,false,true,true,false,Month-to-month,false,Electronic check,81.87,3438.54,true
CUST-01638,Female,0,true,false,3,true,false,No,false,false,false,true,false,false,One year,false,Electronic check,30.41,91.23,false
CUST-01639,Male,0,false,true,67,true,true,No,true,true,false,true,false,true,Two year,true,Mailed check,69.76,4673.92,false
CUST-01640,Male,0,false,false,67,true,true,Fiber optic,true,false,true,true,false,true,One year,false,Mailed check,21.89,1466.63,false
CUST-01641,Male,0,false,false,72,false,true,Fiber optic,true,false,false,true,true,false,One year,false,Bank transfer (automatic),76.54,5510.88,false
CUST-01642,Female,0,false,true,32,false,true,DSL,true,false,true,true,false,true,Two year,false,Electronic check,64.39,2060.48,false
CUST-01643,Male,0,true,true,1,true,true,DSL,true,true,false,true,true,true,Two year,false,Mailed check,63.82,63.82,false
CUST-01644,Male,0,false,true,8,false,true,No,false,false,true,false,true,false,Two year,false,Mailed check,64.25,514,true
CUST-01645,Female,0,true,true,9,true,true,No,true,true,true,true,false,false,Two year,false,Mailed check,56.59,509.31,false
CUST-01646,Female,0,false,false,1,false,true,No,true,false,false,false,true,false,One year,false,Electronic check,42.84,42.84,false
CUST-01647,Female,0,false,false,52,true,false,Fiber optic,true,true,false,true,false,true,Two year,true,Credit card (automatic),93.97,4886.44,false
CUST-01648,Female,1,true,false,12,false,false,Fiber optic,true,false,true,false,true,false,Month-to-month,false,Mailed check,49.23,590.76,true
CUST-01649,Female,1,false,false,21,true,false,No,true,false,false,true,false,false,One year,true,Bank transfer (automatic),104.63,2197.23,false
CUST-01650,Female,0,false,true,15,true,true,No,false,true,false,true,false,true,Month-to-month,true,Electronic check,48.61,729.15,false
CUST-01651,Male,0,false,true,44,false,false,DSL,false,true,true,true,false,true,Two year,false,Bank transfer (automatic),70.64,3108.16,false
CUST-01652,Male,0,false,true,19,false,true,Fiber optic,false,true,true,false,false,true,One year,true,Mailed check,41.2,782.8,false
CUST-01653,Female,0,true,true,62,false,true,DSL,true,false,false,false,true,true,One year,false,Mailed check,62.64,3883.68,false
CUST-01654,Female,0,false,false,66,false,false,Fiber optic,true,false,true,false,false,true,One year,false,Mailed check,115.49,7622.34,false
CUST-01655,Male,0,false,true,16,false,true,DSL,false,true,false,false,true,false,One year,true,Bank transfer (automatic),90.52,1448.32,false
CUST-01656,Female,1,false,false,46,false,false,DSL,false,true,false,true,true,true,One year,true,Credit card (automatic),114.21,5253.66,false
CUST-01657,Male,0,true,false,9,true,true,DSL,false,false,false,true,true,true,Two year,false,Bank transfer (automatic),87.97,791.73,false
CUST-01658,Male,0,true,false,62,true,false,Fiber optic,false,false,true,true,false,false,Two year,false,Electronic check,64.05,3971.1,false
CUST-01659,Female,0,false,true,59,false,false,DSL,true,false,false,false,true,true,One year,true,Mailed check,42.16,2487.44,false
CUST-01660,Male,0,false,true,8,true,false,No,true,true,false,true,true,true,Two year,false,Credit card (automatic),22.15,177.2,false
CUST-01661,Female,0,false,true,34,true,true,No,true,true,false,false,false,false,One year,false,Credit card (automatic),48.06,1634.04,true
CUST-01662,Male,0,true,false,46,true,true,Fiber optic,false,true,true,true,false,false,Two year,false,Mailed check,24.01,1104.46,false
CUST-01663,Female,0,true,false,5,false,true,DSL,true,true,true,false,false,true,One year,false,Mailed check,73.62,368.1,false
CUST-01664,Male,0,true,false,39,false,false,No,false,false,true,true,true,true,Month-to-month,false,Credit card (automatic),80.91,3155.49,true
CUST-01665,Male,0,false,true,48,true,false,DSL,false,true,true,false,true,true,Month-to-month,false,Credit card (automatic),39.32,1887.36,false
CUST-01666,Female,0,false,true,58,true,true,No,true,true,false,true,false,true,Month-to-month,true,Credit card (automatic),53.27,3089.66,false
CUST-01667,Male,0,true,true,21,false,true,Fiber optic,true,true,true,false,false,true,One year,true,Mailed check,22.03,462.63,false
CUST-01668,Female,0,false,true,60,false,true,DSL,false,false,true,true,true,true,Two year,false,Electronic check,117.74,7064.4,false
CUST-01669,Female,1,false,true,55,false,true,DSL,false,false,false,true,false,true,One year,false,Electronic check,90.57,4981.35,true
CUST-01670,Male,1,false,true,14,false,true,No,false,false,false,true,false,false,Two year,true,Mailed check,108.6,1520.4,false
CUST-01671,Female,1,true,false,44,true,true,No,true,false,true,true,false,false,Two year,false,Credit card (automatic),84.77,3729.88,false
CUST-01672,Male,0,true,false,19,false,true,No,false,false,true,false,false,true,One year,false,Bank transfer (automatic),33.55,637.45,false
CUST-01673,Female,0,false,false,45,true,false,DSL,false,false,true,false,true,false,One year,true,Credit card (automatic),99.76,4489.2,false
CUST-01674,Female,0,true,true,54,false,false,Fiber optic,true,false,false,true,false,false,One year,false,Mailed check,64.63,3490.02,true
CUST-01675,Female,0,false,false,26,true,true,Fiber optic,true,true,true,false,false,false,Two year,false,Bank transfer (automatic),94.48,2456.48,false
CUST-01676,Female,1,true,true,71,false,true,DSL,true,true,true,false,false,true,One year,true,Electronic check,119.93,8515.03,true
CUST-01677,Male,1,false,false,65,false,true,DSL,false,true,false,true,true,true,Month-to-month,true,Bank transfer (automatic),79.88,5192.2,false
CUST-01678,Female,0,false,true,41,false,true,Fiber optic,false,true,false,true,false,false,Month-to-month,true,Bank transfer (automatic),57.78,2368.98,false
CUST-01679,Female,0,true,true,69,true,false,Fiber optic,true,false,true,true,true,false,Month-to-month,true,Credit card (automatic),45.42,3133.98,true
CUST-01680,Female,0,true,false,10,true,true,Fiber optic,false,true,true,false,true,true,Two year,false,Electronic check,53.57,535.7,false
CUST-01681,Male,0,false,true,50,false,false,No,false,false,false,true,true,false,One year,true,Bank transfer (automatic),111.71,5585.5,false
CUST-01682,Female,0,false,false,1,true,true,DSL,true,false,false,false,false,false,One year,false,Electronic check,91.78,91.78,false
CUST-01683,Female,0,false,false,52,true,true,Fiber optic,true,false,true,true,true,false,One year,false,Credit card (automatic),29.2,1518.4,false
CUST-01684,Female,1,false,false,36,true,true,No,true,true,true,true,true,true,Month-to-month,false,Credit card (automatic),90.78,3268.08,true
CUST-01685,Male,0,true,false,68,false,true,No,false,true,false,false,true,true,Month-to-month,true,Credit card (automatic),34.8,2366.4,false
CUST-01686,Male,0,true,false,18,false,true,DSL,false,true,false,false,false,true,Two year,false,Mailed check,49.74,895.32,true
CUST-01687,Male,0,true,true,20,true,false,DSL,false,true,true,false,true,false,One year,false,Bank transfer (automatic),39.21,784.2,false
CUST-01688,Male,0,false,false,20,true,true,Fiber optic,false,true,false,false,false,false,Month-to-month,false,Electronic check,110.78,2215.6,true
CUST-01689,Female,0,true,true,72,false,true,DSL,false,false,true,false,false,true,Two year,true,Mailed check,106.89,7696.08,false
CUST-01690,Female,0,false,false,67,true,false,Fiber optic,false,true,false,true,true,false,Two year,true,Mailed check,84.14,5637.38,false
CUST-01691,Male,0,false,false,6,true,false,DSL,true,true,true,true,false,false,One year,false,Mailed check,60.98,365.88,false
CUST-01692,Male,0,false,true,24,true,false,DSL,false,false,true,false,true,true,Two year,false,Mailed check,52.25,1254,false
CUST-01693,Female,0,false,true,48,false,false,No,false,false,true,false,false,true,Two year,true,Bank transfer (automatic),74.74,3587.52,false
CUST-01694,Male,0,true,false,58,true,false,No,false,true,true,false,false,false,One year,true,Credit card (automatic),87.01,5046.58,false
CUST-01695,Female,0,true,false,45,false,false,DSL,false,false,true,false,false,true,Two year,true,Bank transfer (automatic),100.79,4535.55,false
CUST-01696,Female,0,false,true,15,true,true,DSL,true,false,false,false,false,true,One year,false,Mailed check,101.91,1528.65,false
CUST-01697,Male,0,true,false,31,true,false,DSL,true,true,true,false,false,false,Month-to-month,false,Electronic check,118.11,3661.41,true
CUST-01698,Female,0,true,true,71,false,true,DSL,false,false,true,true,true,true,One year,false,Electronic check,87.51,6213.21,false
CUST-01699,Female,1,true,false,7,false,false,Fiber optic,true,false,true,false,false,false,Month-to-month,false,Credit card (automatic),71.8,502.6,false
CUST-01700,Male,0,false,false,13,false,true,DSL,true,true,false,false,true,false,Two year,false,Bank transfer (automatic),114.46,1487.98,false
CUST-01701,Female,0,true,false,48,true,false,No,true,false,false,false,true,true,One year,false,Electronic check,40.66,1951.68,true
CUST-01702,Female,0,true,false,67,false,true,DSL,false,true,true,false,true,false,Two year,true,Electronic check,73.51,4925.17,false
CUST-01703,Female,1,false,false,11,true,true,Fiber optic,true,false,true,false,false,true,Month-to-month,false,Electronic check,83.99,923.89,false
CUST-01704,Female,0,true,false,63,true,false,DSL,false,true,false,false,true,false,Month-to-month,true,Mailed check,44.89,2828.07,true
CUST-01705,Female,0,true,false,14,false,false,DSL,true,true,true,true,false,false,Month-to-month,false,Bank transfer (automatic),53.27,745.78,true
CUST-01706,Female,1,true,false,19,true,false,No,false,false,false,true,true,false,One year,false,Electronic check,90.17,1713.23,true
CUST-01707,Male,0,false,false,31,true,true,DSL,false,true,false,true,false,false,Two year,false,Electronic check,100.69,3121.39,false
CUST-01708,Female,1,false,true,51,false,false,Fiber optic,false,false,true,false,false,false,Two year,true,Bank transfer (automatic),74.61,3805.11,false
CUST-01709,Female,1,false,false,51,false,true,No,true,false,false,false,true,false,Month-to-month,false,Electronic check,74.66,3807.66,false
CUST-01710,Female,0,true,false,28,false,false,Fiber optic,false,true,false,false,false,false,Two year,true,Mailed check,70.9,1985.2,false
CUST-01711,Male,0,false,false,26,true,true,Fiber optic,true,true,true,true,false,false,Month-to-month,true,Mailed check,88.67,2305.42,true
CUST-01712,Male,0,false,true,14,false,true,No,true,false,false,false,false,true,Month-to-month,false,Electronic check,48.51,679.14,false
CUST-01713,Female,0,true,false,4,true,false,No,true,false,true,false,false,true,One year,false,Credit card (automatic),35.28,141.12,false
CUST-01714,Male,0,false,false,39,false,true,No,false,true,false,true,true,true,One year,true,Bank transfer (automatic),87.37,3407.43,false
CUST-01715,Male,1,true,true,40,false,false,Fiber optic,true,true,false,false,true,true,Month-to-month,true,Credit card (automatic),42.84,1713.6,false
CUST-01716,Male,1,false,false,52,false,false,Fiber optic,true,true,false,false,false,true,One year,true,Bank transfer (automatic),94.71,4924.92,false
CUST-01717,Male,1,false,false,27,true,false,Fiber optic,true,true,true,false,true,true,Two year,false,Bank transfer (automatic),46.58,1257.66,false
CUST-01718,Male,0,true,true,4,false,true,No,true,true,false,true,true,false,Month-to-month,false,Credit card (automatic),89.7,358.8,true
CUST-01719,Female,0,true,false,40,false,false,DSL,true,false,true,true,false,false,Two year,false,Mailed check,23.19,927.6,false
CUST-01720,Male,0,true,false,58,false,false,No,false,false,true,true,true,true,One year,true,Mailed check,101.24,5871.92,false
CUST-01721,Male,0,true,false,68,false,false,DSL,true,true,true,true,true,true,One year,false,Electronic check,83.82,5699.76,true
CUST-01722,Male,0,false,false,33,true,true,DSL,true,false,false,false,false,true,One year,true,Bank transfer (automatic),73.95,2440.35,false
CUST-01723,Male,0,true,false,62,false,true,DSL,true,false,false,true,false,true,One year,true,Credit card (automatic),23.49,1456.38,true
CUST-01724,Male,0,false,false,50,false,true,No,true,true,false,true,true,true,Two year,true,Credit card (automatic),64.07,3203.5,false
CUST-01725,Male,0,false,true,66,false,true,DSL,false,false,true,true,true,false,Two year,false,Mailed check,95.76,6320.16,false
CUST-01726,Male,0,false,true,16,false,true,Fiber optic,false,false,false,false,true,false,One year,true,Mailed check,63.24,1011.84,false
CUST-01727,Female,0,false,true,26,true,true,Fiber optic,false,true,false,true,false,true,Month-to-month,true,Mailed check,104.59,2719.34,false
CUST-01728,Male,0,false,false,58,false,true,DSL,true,true,true,true,true,true,Two year,true,Electronic check,46.88,2719.04,false
CUST-01729,Male,0,true,false,41,false,true,DSL,true,false,false,false,false,false,One year,false,Mailed check,30.91,1267.31,false
CUST-01730,Male,0,true,true,12,false,true,No,true,true,false,false,false,false,Two year,false,Bank transfer (automatic),33.94,407.28,false
CUST-01731,Male,0,true,false,11,true,false,DSL,false,false,false,false,false,true,Two year,true,Electronic check,96.07,1056.77,true
CUST-01732,Female,0,true,false,1,false,false,Fiber optic,true,false,false,true,false,true,One year,true,Electronic check,62.52,62.52,false
CUST-01733,Male,0,true,true,25,false,true,DSL,true,false,true,false,true,false,One year,true,Credit card (automatic),115.35,2883.75,false
CUST-01734,Male,0,false,true,51,false,true,No,true,false,false,true,true,true,One year,false,Bank transfer (automatic),80.23,4091.73,false
CUST-01735,Male,1,false,false,55,true,false,Fiber optic,false,true,true,true,true,true,One year,false,Electronic check,25.29,1390.95,false
CUST-01736,Female,0,true,false,31,false,false,DSL,true,false,true,false,false,false,One year,false,Credit card (automatic),40.83,1265.73,false
CUST-01737,Female,1,true,true,19,false,false,No,true,false,true,true,false,true,Month-to-month,true,Mailed check,65.58,1246.02,false
CUST-01738,Female,0,true,true,20,false,false,Fiber optic,true,true,false,true,true,true,One year,true,Credit card (automatic),70.59,1411.8,false
CUST-01739,Male,0,false,false,37,false,false,No,true,false,true,false,true,false,Two year,false,Bank transfer (automatic),114.31,4229.47,false
CUST-01740,Male,0,true,false,6,false,false,Fiber optic,false,false,false,false,false,true,One year,true,Bank transfer (automatic),80.91,485.46,false
CUST-01741,Male,0,false,false,48,false,false,Fiber optic,true,true,true,true,false,true,Month-to-month,true,Electronic check,70.22,3370.56,true
CUST-01742,Female,0,true,false,55,false,true,DSL,false,true,false,true,true,true,One year,true,Credit card (automatic),90.51,4978.05,false
CUST-01743,Female,0,true,true,71,false,true,Fiber optic,false,true,true,false,true,false,Month-to-month,true,Mailed check,59.77,4243.67,false
CUST-01744,Female,0,true,false,34,false,true,DSL,true,true,false,true,true,false,Two year,false,Bank transfer (automatic),92.32,3138.88,false
CUST-01745,Male,0,true,false,17,false,false,DSL,true,false,true,false,false,false,Two year,false,Electronic check,43.77,744.09,false
CUST-01746,Male,0,false,false,71,false,false,No,true,true,false,true,false,true,One year,false,Electronic check,95.13,6754.23,false
CUST-01747,Female,0,false,false,32,true,true,No,true,false,false,true,true,true,One year,false,Credit card (automatic),109.11,3491.52,false
CUST-01748,Female,0,true,false,33,false,true,DSL,false,false,false,false,true,true,Month-to-month,false,Credit card (automatic),58.08,1916.64,false
CUST-01749,Male,0,false,false,46,false,true,No,true,true,false,false,true,false,Month-to-month,false,Bank transfer (automatic),38.28,1760.88,false
CUST-01750,Female,0,false,false,54,true,true,No,false,true,false,false,false,false,Two year,true,Mailed check,28.42,1534.68,false
CUST-01751,Male,0,true,false,13,true,false,No,true,true,true,true,false,true,Month-to-month,false,Electronic check,24.64,320.32,false
CUST-01752,Female,0,true,true,62,true,false,No,false,true,false,false,true,true,Two year,false,Electronic check,63.39,3930.18,false
CUST-01753,Female,0,true,false,65,false,true,No,true,false,false,true,false,false,Month-to-month,false,Credit card (automatic),107.28,6973.2,true
CUST-01754,Male,1,true,false,60,false,false,No,true,true,false,false,false,true,One year,true,Credit card (automatic),22.13,1327.8,true
CUST-01755,Male,1,true,false,4,true,true,No,true,true,true,false,false,false,One year,true,Credit card (automatic),79.09,316.36,false
CUST-01756,Female,0,true,false,36,false,false,Fiber optic,false,false,true,true,false,true,Month-to-month,false,Credit card (automatic),54.1,1947.6,false
CUST-01757,Female,0,false,true,54,true,true,DSL,false,false,false,true,true,true,Two year,false,Mailed check,116.19,6274.26,false
CUST-01758,Female,0,true,false,43,true,true,DSL,true,true,false,false,false,true,Two year,true,Credit card (automatic),23.21,998.03,false
CUST-01759,Male,0,true,false,25,true,false,Fiber optic,true,true,false,false,true,false,Month-to-month,false,Bank transfer (automatic),22.92,573,false
CUST-01760,Female,0,true,false,48,true,true,Fiber optic,false,true,false,false,false,false,One year,false,Electronic check,70.73,3395.04,false
CUST-01761,Female,0,false,true,3,false,true,DSL,true,false,true,false,false,false,Two year,true,Credit card (automatic),114.66,343.98,false
CUST-01762,Male,1,false,true,27,true,false,No,false,false,false,true,false,false,Two year,true,Mailed check,115.83,3127.41,false
CUST-01763,Female,0,false,false,59,false,true,DSL,true,false,false,false,true,false,Two year,false,Electronic check,51.51,3039.09,false
CUST-01764,Female,0,false,false,61,true,false,DSL,true,false,false,true,false,false,One year,true,Electronic check,26.1,1592.1,false
CUST-01765,Female,1,true,true,6,true,true,Fiber optic,false,false,true,true,true,false,Two year,false,Mailed check,109.41,656.46,false
CUST-01766,Female,0,false,false,33,false,true,Fiber optic,true,false,true,true,false,false,One year,false,Electronic check,87.84,2898.72,true
CUST-01767,Male,0,true,false,46,true,true,Fiber optic,false,false,false,true,false,false,Month-to-month,true,Bank transfer (automatic),68.7,3160.2,false
CUST-01768,Female,1,false,true,45,false,false,Fiber optic,false,false,false,false,false,false,Month-to-month,false,Mailed check,110.02,4950.9,false
CUST-01769,Female,0,true,true,55,true,true,No,true,true,true,false,false,true,Month-to-month,false,Electronic check,98.38,5410.9,false
CUST-01770,Female,1,true,true,51,false,true,DSL,false,true,false,false,true,true,Month-to-month,true,Electronic check,54.79,2794.29,false
CUST-01771,Female,1,true,false,15,false,false,No,false,true,true,false,true,true,One year,true,Bank transfer (automatic),31.06,465.9,false
CUST-01772,Male,0,true,true,40,false,true,DSL,true,true,true,true,false,false,Two year,true,Bank transfer (automatic),33,1320,false
CUST-01773,Male,0,false,false,45,true,true,No,false,true,false,true,false,true,Two year,false,Electronic check,89.01,4005.45,false
CUST-01774,Male,1,false,true,28,true,false,Fiber optic,true,true,true,true,false,false,Two year,false,Credit card (automatic),107.89,3020.92,false
CUST-01775,Female,0,false,false,24,true,false,No,true,false,true,true,false,true,One year,true,Mailed check,104.26,2502.24,false
CUST-01776,Male,1,true,false,60,false,false,No,true,true,true,true,true,false,Month-to-month,true,Credit card (automatic),85.99,5159.4,false
CUST-01777,Male,0,false,true,10,false,false,Fiber optic,true,false,true,true,true,true,Two year,true,Credit card (automatic),51.94,519.4,false
CUST-01778,Female,0,true,false,48,true,true,No,true,false,true,false,false,true,Month-to-month,true,Bank transfer (automatic),78.3,3758.4,true
CUST-01779,Male,1,true,false,43,true,false,No,false,false,false,true,false,false,One year,false,Bank transfer (automatic),43.27,1860.61,false
CUST-01780,Male,0,false,false,33,false,true,No,true,false,false,true,true,false,Month-to-month,false,Bank transfer (automatic),68.04,2245.32,false
CUST-01781,Male,0,false,true,18,false,false,DSL,true,false,true,true,false,false,Two year,false,Credit card (automatic),81.77,1471.86,false
CUST-01782,Female,0,false,true,16,false,true,Fiber optic,true,false,true,false,true,false,Two year,true,Mailed check,76.49,1223.84,false
CUST-01783,Female,1,true,true,35,false,true,No,true,true,false,false,true,false,Two year,true,Bank transfer (automatic),63.42,2219.7,false
CUST-01784,Female,0,false,false,35,false,true,No,true,true,true,false,false,false,Month-to-month,true,Electronic check,30.16,1055.6,false
CUST-01785,Female,0,true,true,41,true,true,DSL,true,true,true,true,false,true,Month-to-month,true,Credit card (automatic),69.76,2860.16,true
CUST-01786,Male,0,false,true,70,false,true,No,false,true,true,false,true,false,Two year,false,Bank transfer (automatic),24.59,1721.3,false
CUST-01787,Female,0,true,true,11,false,true,No,false,false,true,false,false,false,Two year,true,Credit card (automatic),118.28,1301.08,false
CUST-01788,Male,0,false,true,70,true,true,DSL,true,true,true,false,false,true,Two year,false,Electronic check,26.05,1823.5,false
CUST-01789,Female,1,false,true,9,false,true,No,true,true,true,false,false,true,Two year,true,Credit card (automatic),58.08,522.72,false
CUST-01790,Male,0,true,true,52,false,true,No,false,false,false,true,false,true,Month-to-month,true,Bank transfer (automatic),23.23,1207.96,true
CUST-01791,Female,0,false,false,48,true,true,Fiber optic,false,false,true,false,true,false,One year,true,Bank transfer (automatic),51.41,2467.68,false
CUST-01792,Female,1,true,false,70,true,true,No,false,true,false,true,false,false,Two year,true,Mailed check,85.19,5963.3,false
CUST-01793,Male,0,false,true,18,true,false,DSL,false,true,true,false,true,true,Month-to-month,false,Electronic check,104.2,1875.6,false
CUST-01794,Female,0,true,true,41,false,true,Fiber optic,true,false,false,false,false,true,Month-to-month,true,Electronic check,78.12,3202.92,false
CUST-01795,Female,0,true,false,20,false,true,DSL,false,true,false,false,false,false,Month-to-month,false,Bank transfer (automatic),67.26,1345.2,true
CUST-01796,Female,1,true,true,58,false,true,Fiber optic,false,false,true,false,true,true,One year,true,Credit card (automatic),64.47,3739.26,false
CUST-01797,Male,0,false,true,32,true,false,Fiber optic,true,true,false,true,true,false,One year,true,Credit card (automatic),110.76,3544.32,true
CUST-01798,Male,0,false,false,38,false,true,No,true,true,true,true,false,true,Month-to-month,true,Credit card (automatic),57.75,2194.5,false
CUST-01799,Male,0,false,false,38,false,false,Fiber optic,false,false,false,true,true,true,One year,true,Electronic check,36.3,1379.4,false
CUST-01800,Female,0,false,false,10,false,true,No,false,true,false,false,false,true,Month-to-month,false,Credit card (automatic),57.86,578.6,true
CUST-01801,Male,1,false,true,49,true,true,No,false,false,true,false,true,false,Month-to-month,true,Credit card (automatic),103.44,5068.56,false
CUST-01802,Female,1,true,false,29,false,false,No,true,false,false,false,true,false,One year,true,Bank transfer (automatic),97.36,2823.44,false
CUST-01803,Female,0,true,true,2,true,false,No,true,false,true,true,true,false,Month-to-month,false,Credit card (automatic),55.2,110.4,true
CUST-01804,Male,0,true,false,29,false,true,DSL,false,true,true,false,true,false,One year,false,Bank transfer (automatic),31.48,912.92,false
CUST-01805,Male,0,false,true,66,true,false,Fiber optic,true,true,true,true,false,true,Two year,false,Electronic check,113.51,7491.66,false
CUST-01806,Male,0,true,true,35,true,true,Fiber optic,false,true,false,true,false,true,Two year,false,Mailed check,48.55,1699.25,false
CUST-01807,Female,0,false,true,3,false,true,DSL,false,false,true,false,true,true,One year,false,Credit card (automatic),86.68,260.04,false
CUST-01808,Female,0,false,true,47,true,true,DSL,false,true,false,false,true,false,Two year,false,Bank transfer (automatic),99.37,4670.39,false
CUST-01809,Male,0,false,false,4,true,true,No,true,true,false,false,true,false,Two year,true,Electronic check,79.94,319.76,false
CUST-01810,Male,0,false,false,11,false,true,DSL,true,true,false,true,false,false,Two year,false,Bank transfer (automatic),91.86,1010.46,false
CUST-01811,Female,0,false,false,62,false,true,No,false,true,false,false,true,true,Month-to-month,true,Electronic check,90.94,5638.28,false
CUST-01812,Female,0,true,false,4,false,false,DSL,true,false,false,false,true,true,One year,true,Electronic check,40.8,163.2,false
CUST-01813,Male,0,false,false,49,false,false,DSL,true,true,true,false,false,false,Two year,false,Bank transfer (automatic),85.96,4212.04,false
CUST-01814,Female,0,false,true,71,true,false,DSL,false,true,true,true,false,false,One year,true,Mailed check,88.16,6259.36,false
CUST-01815,Male,0,false,false,51,false,true,No,false,true,false,false,true,true,Two year,true,Bank transfer (automatic),74.42,3795.42,false
CUST-01816,Female,0,true,true,68,true,false,Fiber optic,true,true,true,false,true,true,Month-to-month,false,Electronic check,94.54,6428.72,true
CUST-01817,Male,0,false,true,57,true,false,Fiber optic,false,false,true,false,false,false,One year,true,Electronic check,37.01,2109.57,false
CUST-01818,Female,0,false,false,12,true,true,DSL,true,true,false,false,false,true,Month-to-month,false,Bank transfer (automatic),88.31,1059.72,false
CUST-01819,Female,1,true,true,67,false,false,No,true,false,true,false,false,false,Month-to-month,true,Bank transfer (automatic),24.48,1640.16,true
CUST-01820,Male,0,false,false,45,false,false,Fiber optic,false,false,true,false,false,true,Month-to-month,true,Credit card (automatic),76.36,3436.2,false
CUST-01821,Female,0,true,true,25,true,true,No,false,true,false,true,false,false,One year,false,Electronic check,109.13,2728.25,false
CUST-01822,Female,0,false,true,71,false,false,DSL,false,false,false,true,false,false,One year,false,Electronic check,39.09,2775.39,false
CUST-01823,Female,0,true,true,10,true,false,Fiber optic,false,false,true,false,false,true,Two year,true,Electronic check,37.64,376.4,false
CUST-01824,Female,0,false,false,22,false,false,No,true,true,true,false,true,true,Month-to-month,false,Mailed check,63.48,1396.56,false
CUST-01825,Female,0,false,false,14,false,true,Fiber optic,false,true,true,false,false,true,Month-to-month,true,Bank transfer (automatic),46.84,655.76,false
CUST-01826,Female,0,false,true,31,true,false,Fiber optic,false,true,true,true,true,false,Two year,false,Bank transfer (automatic),66.89,2073.59,false
CUST-01827,Male,0,true,false,55,false,true,Fiber optic,true,false,true,true,false,false,Two year,true,Electronic check,61.51,3383.05,true
CUST-01828,Female,0,false,false,23,false,false,DSL,true,true,true,true,false,true,One year,true,Credit card (automatic),40.13,922.99,false
CUST-01829,Male,0,true,true,12,true,false,No,false,false,false,false,true,false,Two year,true,Bank transfer (automatic),116.03,1392.36,false
CUST-01830,Female,0,true,false,30,false,true,Fiber optic,false,true,true,true,false,false,Two year,false,Bank transfer (automatic),92.4,2772,false
CUST-01831,Female,0,false,true,24,true,false,Fiber optic,true,false,true,false,true,true,Two year,true,Credit card (automatic),84.46,2027.04,false
CUST-01832,Male,0,true,true,42,false,true,No,false,true,false,true,true,false,Two year,false,Bank transfer (automatic),61.94,2601.48,false
CUST-01833,Female,1,false,true,46,false,true,Fiber optic,false,false,true,false,true,false,One year,true,Credit card (automatic),115.67,5320.82,false
CUST-01834,Female,1,false,true,22,true,true,Fiber optic,false,false,false,false,false,false,Two year,true,Mailed check,40.46,890.12,true
CUST-01835,Male,0,true,true,35,true,false,Fiber optic,false,true,false,false,false,false,One year,false,Bank transfer (automatic),68.27,2389.45,false
CUST-01836,Male,0,true,true,21,false,false,No,false,true,false,false,false,true,Two year,true,Credit card (automatic),86.84,1823.64,false
CUST-01837,Female,0,false,true,10,false,false,No,false,false,true,false,true,false,Two year,false,Bank transfer (automatic),54.31,543.1,false
CUST-01838,Male,0,false,false,22,false,true,DSL,true,true,true,true,true,false,One year,true,Electronic check,91.39,2010.58,false
CUST-01839,Male,0,true,true,3,false,false,No,false,true,false,false,false,true,Month-to-month,false,Bank transfer (automatic),42.73,128.19,false
CUST-01840,Female,1,true,false,29,false,true,DSL,true,false,true,false,true,true,One year,true,Credit card (automatic),87.15,2527.35,true
CUST-01841,Female,0,true,false,35,false,true,No,true,false,false,true,true,false,One year,false,Electronic check,75.29,2635.15,false
CUST-01842,Male,0,false,true,37,true,true,No,false,true,false,true,false,true,Month-to-month,false,Electronic check,57.98,2145.26,false
CUST-01843,Male,1,false,true,28,false,true,Fiber optic,false,true,true,false,true,true,Two year,true,Electronic check,95.33,2669.24,false
CUST-01844,Female,0,true,true,43,false,true,No,true,true,false,true,false,false,Month-to-month,true,Electronic check,70.3,3022.9,true
CUST-01845,Male,0,true,true,62,true,false,Fiber optic,true,true,false,false,true,false,One year,false,Electronic check,57.04,3536.48,false
CUST-01846,Female,0,true,false,54,true,true,Fiber optic,true,true,true,false,true,false,Two year,true,Electronic check,115.08,6214.32,false
CUST-01847,Male,0,true,false,47,true,false,Fiber optic,false,true,true,false,true,true,Month-to-month,false,Bank transfer (automatic),28.87,1356.89,false
CUST-01848,Female,0,false,false,59,true,true,DSL,false,false,true,false,false,true,One year,true,Bank transfer (automatic),87.67,5172.53,false
CUST-01849,Female,0,true,false,13,true,false,No,true,true,false,false,false,false,One year,false,Electronic check,56.86,739.18,false
CUST-01850,Male,1,true,true,5,false,true,DSL,false,true,false,true,true,false,One year,true,Credit card (automatic),52.29,261.45,false
CUST-01851,Female,0,true,false,9,true,true,No,true,true,false,false,false,true,Two year,false,Bank transfer (automatic),21.14,190.26,false
CUST-01852,Female,0,true,true,46,false,true,DSL,true,true,true,true,false,true,Month-to-month,false,Credit card (automatic),37.8,1738.8,false
CUST-01853,Male,1,false,true,50,false,false,Fiber optic,true,true,false,false,true,false,Month-to-month,false,Bank transfer (automatic),53.69,2684.5,false
CUST-01854,Female,0,true,true,12,true,true,No,true,true,false,true,true,false,One year,false,Mailed check,117.82,1413.84,false
CUST-01855,Female,0,true,true,25,true,false,Fiber optic,false,false,true,false,true,true,Month-to-month,true,Credit card (automatic),98.2,2455,true
CUST-01856,Male,0,true,false,10,false,false,Fiber optic,true,false,false,false,true,false,Two year,false,Bank transfer (automatic),91.24,912.4,false
CUST-01857,Female,0,true,true,26,false,true,No,true,false,true,false,false,true,Two year,false,Credit card (automatic),59.6,1549.6,false
CUST-01858,Female,1,true,false,11,true,false,DSL,false,false,false,true,true,false,One year,false,Mailed check,112.97,1242.67,true
CUST-01859,Male,1,false,true,25,true,true,No,true,true,true,false,false,false,Month-to-month,true,Mailed check,74.59,1864.75,true
CUST-01860,Female,0,false,false,64,true,false,DSL,false,true,false,true,false,false,Two year,true,Bank transfer (automatic),50.26,3216.64,false
CUST-01861,Male,0,true,false,57,false,true,Fiber optic,false,false,true,true,false,false,One year,false,Bank transfer (automatic),64.93,3701.01,false
CUST-01862,Male,0,true,true,38,true,false,Fiber optic,true,false,false,true,false,false,Month-to-month,true,Mailed check,101.14,3843.32,false
CUST-01863,Female,0,true,true,53,false,false,Fiber optic,true,false,true,true,false,true,Two year,true,Mailed check,51.75,2742.75,false
CUST-01864,Male,0,true,true,30,false,false,No,true,true,false,false,true,true,Two year,true,Electronic check,89.29,2678.7,false
CUST-01865,Female,0,false,false,51,false,true,Fiber optic,true,true,false,false,false,false,Two year,true,Credit card (automatic),27.5,1402.5,false
CUST-01866,Female,0,true,true,11,true,false,No,false,true,true,false,true,false,One year,true,Mailed check,98.65,1085.15,false
CUST-01867,Female,0,true,false,41,true,false,Fiber optic,false,false,true,false,false,false,Month-to-month,false,Bank transfer (automatic),51.67,2118.47,false
CUST-01868,Male,1,true,false,4,false,true,DSL,true,true,true,false,false,false,One year,false,Mailed check,37.18,148.72,false
CUST-01869,Female,0,false,false,17,true,false,No,false,false,true,false,true,true,Two year,false,Mailed check,47.31,804.27,false
CUST-01870,Male,0,true,false,25,true,false,DSL,false,true,false,true,true,true,Two year,false,Mailed check,81.82,2045.5,false
CUST-01871,Female,0,false,true,69,false,false,Fiber optic,true,false,true,false,false,false,Month-to-month,true,Electronic check,42.63,2941.47,false
CUST-01872,Female,0,true,false,23,true,true,DSL,true,false,true,false,true,false,One year,true,Bank transfer (automatic),104.4,2401.2,true
CUST-01873,Male,0,false,false,58,true,true,Fiber optic,true,false,false,false,false,false,Two year,false,Credit card (automatic),28.11,1630.38,false
CUST-01874,Male,0,false,true,3,true,true,No,true,true,false,true,false,true,One year,false,Credit card (automatic),57.01,171.03,false
CUST-01875,Female,0,true,true,29,false,false,No,true,true,false,false,true,true,Month-to-month,true,Bank transfer (automatic),96.55,2799.95,true
CUST-01876,Male,0,false,true,52,true,true,No,true,true,false,false,false,false,Month-to-month,true,Credit card (automatic),38.47,2000.44,true
CUST-01877,Male,0,false,false,11,false,true,No,true,false,true,true,true,false,One year,true,Bank transfer (automatic),34.12,375.32,false
CUST-01878,Male,0,true,true,32,false,false,Fiber optic,true,false,false,true,false,true,Month-to-month,false,Mailed check,42.97,1375.04,true
CUST-01879,Male,0,false,true,14,false,true,DSL,true,false,false,false,false,false,One year,false,Bank transfer (automatic),22.52,315.28,false
CUST-01880,Male,1,false,true,16,false,true,No,true,false,true,true,true,false,Two year,true,Credit card (automatic),28.94,463.04,false
CUST-01881,Female,0,false,false,19,false,true,Fiber optic,true,true,false,false,true,false,Two year,false,Bank transfer (automatic),38.4,729.6,false
CUST-01882,Female,0,true,false,29,false,false,No,false,false,false,true,true,false,Month-to-month,true,Electronic check,106.1,3076.9,true
CUST-01883,Female,0,true,true,59,true,true,No,false,false,true,false,false,false,One year,false,Credit card (automatic),104.22,6148.98,false
CUST-01884,Female,0,false,true,59,false,true,No,true,true,true,true,true,false,Two year,false,Credit card (automatic),75.37,4446.83,false
CUST-01885,Female,1,true,false,47,false,false,DSL,true,true,true,true,true,true,Month-to-month,true,Credit card (automatic),77.2,3628.4,false
CUST-01886,Male,0,true,false,35,false,false,No,false,true,false,true,true,true,Two year,true,Mailed check,67.35,2357.25,false
CUST-01887,Female,0,true,false,25,false,true,No,true,false,false,true,false,false,Two year,false,Electronic check,68.74,1718.5,false
CUST-01888,Male,0,false,false,71,true,false,Fiber optic,false,false,true,true,true,true,One year,true,Bank transfer (automatic),105.34,7479.14,false
CUST-01889,Female,1,true,true,19,false,false,Fiber optic,true,false,false,true,false,false,Two year,true,Electronic check,64.78,1230.82,false
CUST-01890,Female,1,true,false,33,true,true,Fiber optic,false,true,false,true,true,true,Month-to-month,true,Electronic check,68.19,2250.27,false
CUST-01891,Female,0,false,false,8,false,false,Fiber optic,true,true,false,false,true,true,One year,true,Mailed check,111.47,891.76,false
CUST-01892,Male,0,true,false,37,false,true,No,false,true,true,true,false,true,Month-to-month,true,Mailed check,79.32,2934.84,false
CUST-01893,Male,0,true,false,54,true,true,Fiber optic,false,false,true,true,true,false,Two year,true,Electronic check,72.7,3925.8,false
CUST-01894,Female,0,true,false,6,false,false,Fiber optic,true,false,false,false,false,true,Month-to-month,false,Mailed check,46.57,279.42,true
CUST-01895,Female,0,false,false,16,false,false,No,false,false,true,true,false,true,One year,true,Bank transfer (automatic),110.63,1770.08,false
CUST-01896,Male,0,false,true,33,true,true,No,false,false,true,false,false,true,One year,false,Credit card (automatic),43.1,1422.3,false
CUST-01897,Female,1,false,true,64,true,true,Fiber optic,true,true,false,true,true,false,One year,false,Bank transfer (automatic),98.5,6304,false
CUST-01898,Female,0,true,true,56,true,false,Fiber optic,true,false,true,true,true,true,One year,true,Electronic check,47.56,2663.36,false
CUST-01899,Male,0,false,true,6,true,false,Fiber optic,true,false,false,true,true,true,Two year,false,Electronic check,30.12,180.72,false
CUST-01900,Female,0,false,false,14,false,true,DSL,true,true,false,false,false,false,Two year,false,Bank transfer (automatic),65.76,920.64,false
CUST-01901,Male,1,false,true,2,true,true,No,true,false,false,false,false,true,Month-to-month,false,Credit card (automatic),98.12,196.24,false
CUST-01902,Male,0,true,true,61,true,true,Fiber optic,false,true,false,true,true,false,One year,true,Electronic check,25.59,1560.99,false
CUST-01903,Female,0,true,true,37,true,false,DSL,true,false,true,true,true,true,Month-to-month,false,Mailed check,114.7,4243.9,false
CUST-01904,Female,0,false,true,29,true,true,No,false,false,false,true,false,false,Two year,true,Mailed check,93.99,2725.71,false
CUST-01905,Female,1,true,false,20,true,false,DSL,false,false,false,false,false,false,Two year,true,Bank transfer (automatic),48.95,979,false
CUST-01906,Male,0,false,true,36,false,false,No,true,true,true,true,false,false,One year,true,Mailed check,33.73,1214.28,false
CUST-01907,Female,0,true,false,15,false,true,DSL,false,false,false,false,true,true,Month-to-month,true,Mailed check,54.4,816,false
CUST-01908,Female,0,true,false,30,false,false,Fiber optic,false,false,true,true,true,true,One year,false,Credit card (automatic),81.71,2451.3,false
CUST-01909,Female,1,false,true,34,false,false,DSL,true,true,true,true,false,false,One year,false,Mailed check,31.74,1079.16,false
CUST-01910,Female,0,false,false,36,true,true,DSL,false,true,false,false,true,false,Two year,true,Mailed check,29.09,1047.24,false
CUST-01911,Female,0,true,false,25,false,true,Fiber optic,true,true,false,true,true,false,Two year,false,Bank transfer (automatic),59.2,1480,false
CUST-01912,Male,0,false,false,26,false,false,Fiber optic,false,false,false,false,true,true,One year,false,Bank transfer (automatic),77.59,2017.34,false
CUST-01913,Female,0,true,true,31,false,false,No,true,true,false,true,true,false,Month-to-month,true,Electronic check,69.04,2140.24,false
CUST-01914,Female,0,true,true,68,false,true,DSL,true,true,true,false,false,true,Month-to-month,true,Mailed check,27.26,1853.68,true
CUST-01915,Male,0,true,false,53,false,false,DSL,true,true,false,true,false,false,Two year,false,Electronic check,104.36,5531.08,false
CUST-01916,Male,0,true,false,57,true,false,No,true,false,false,false,false,false,Two year,true,Mailed check,113.38,6462.66,false
CUST-01917,Male,0,false,false,63,false,false,DSL,true,true,true,false,true,true,One year,true,Electronic check,95.93,6043.59,false
CUST-01918,Female,1,false,true,9,false,false,DSL,true,true,false,false,true,true,Two year,true,Bank transfer (automatic),33.79,304.11,false
CUST-01919,Female,0,true,true,29,true,false,DSL,false,true,false,true,true,false,Two year,true,Mailed check,20.08,582.32,false
CUST-01920,Female,0,true,false,27,true,true,No,true,true,false,false,true,false,One year,false,Bank transfer (automatic),96.01,2592.27,false
CUST-01921,Female,0,true,false,15,false,true,DSL,true,true,true,true,false,false,Month-to-month,true,Electronic check,88.25,1323.75,true
CUST-01922,Male,0,false,false,59,false,true,No,true,true,true,false,false,true,Two year,false,Mailed check,83.31,4915.29,false
CUST-01923,Male,0,true,true,34,true,true,No,true,false,false,false,false,false,One year,false,Mailed check,86.7,2947.8,true
CUST-01924,Female,0,true,true,20,false,true,Fiber optic,true,true,true,true,false,false,Month-to-month,false,Credit card (automatic),52.25,1045,true
CUST-01925,Male,0,true,true,55,true,true,No,true,false,true,false,true,false,Month-to-month,true,Credit card (automatic),34.45,1894.75,false
CUST-01926,Female,0,true,false,6,true,false,DSL,true,false,false,false,true,true,Two year,false,Bank transfer (automatic),37.86,227.16,false
CUST-01927,Male,0,true,true,5,false,true,No,false,true,true,true,true,true,Two year,true,Electronic check,38.52,192.6,false
CUST-01928,Female,1,false,true,9,true,true,DSL,false,false,false,false,true,false,One year,true,Mailed check,89.14,802.26,false
CUST-01929,Female,0,true,true,19,false,false,Fiber optic,false,true,false,false,false,false,Month-to-month,true,Mailed check,26.2,497.8,false
CUST-01930,Female,1,false,false,33,false,true,DSL,false,false,false,false,false,false,One year,true,Credit card (automatic),113.51,3745.83,true
CUST-01931,Female,0,false,false,42,true,true,DSL,true,true,false,false,true,true,One year,true,Electronic check,109.16,4584.72,false
CUST-01932,Female,0,false,true,51,true,false,Fiber optic,false,true,false,true,false,true,One year,true,Electronic check,80.77,4119.27,false
CUST-01933,Female,0,false,false,51,false,false,DSL,false,false,true,true,true,false,Two year,false,Credit card (automatic),39.45,2011.95,false
CUST-01934,Female,0,false,true,15,false,true,No,true,true,true,true,true,true,Month-to-month,true,Credit card (automatic),84.04,1260.6,false
CUST-01935,Male,0,false,false,72,false,false,Fiber optic,false,false,false,true,true,true,Month-to-month,true,Electronic check,26.29,1892.88,false
CUST-01936,Male,0,false,true,27,true,false,No,true,true,false,false,true,false,Month-to-month,false,Bank transfer (automatic),106.79,2883.33,true
CUST-01937,Male,0,true,false,63,false,true,Fiber optic,true,false,false,true,false,false,One year,false,Electronic check,111.7,7037.1,true
CUST-01938,Male,0,true,false,15,true,false,No,false,true,false,true,false,false,Two year,false,Bank transfer (automatic),43.25,648.75,false
CUST-01939,Female,1,false,true,53,false,false,DSL,true,true,false,false,false,false,Month-to-month,false,Mailed check,84.7,4489.1,false
CUST-01940,Female,0,true,false,36,true,true,No,true,false,true,false,true,true,One year,true,Credit card (automatic),115.32,4151.52,false
CUST-01941,Female,0,false,false,45,true,true,No,true,true,false,true,true,true,Two year,false,Bank transfer (automatic),40.42,1818.9,false
CUST-01942,Male,0,true,false,37,true,true,DSL,false,false,true,false,false,false,Two year,false,Electronic check,58.8,2175.6,false
CUST-01943,Male,0,true,true,35,false,true,DSL,true,false,true,false,true,false,Month-to-month,true,Bank transfer (automatic),65.36,2287.6,false
CUST-01944,Male,1,true,true,56,true,false,DSL,false,false,true,false,false,false,One year,true,Mailed check,116.89,6545.84,false
CUST-01945,Male,0,false,true,61,false,false,No,false,false,true,false,false,true,Month-to-month,false,Credit card (automatic),67.05,4090.05,true
CUST-01946,Female,0,true,false,4,false,true,DSL,true,false,false,true,false,true,One year,false,Electronic check,34.7,138.8,false
CUST-01947,Female,0,false,true,40,false,true,No,false,false,true,false,true,false,Two year,true,Electronic check,24.41,976.4,false
CUST-01948,Male,0,false,false,70,false,false,Fiber optic,true,true,true,true,true,false,Two year,true,Electronic check,59.89,4192.3,false
CUST-01949,Male,0,true,true,12,false,false,No,false,true,false,true,false,false,Two year,false,Mailed check,106.08,1272.96,false
CUST-01950,Female,0,true,true,62,false,false,Fiber optic,true,true,false,false,true,true,Two year,true,Bank transfer (automatic),99.93,6195.66,false
CUST-01951,Female,0,false,false,28,true,true,Fiber optic,true,false,false,true,true,false,Month-to-month,false,Credit card (automatic),28.85,807.8,false
CUST-01952,Male,0,false,false,10,true,true,Fiber optic,true,false,false,true,true,true,Month-to-month,false,Electronic check,34.06,340.6,false
CUST-01953,Male,0,false,false,57,true,false,DSL,false,false,true,false,false,false,One year,true,Credit card (automatic),53.96,3075.72,false
CUST-01954,Male,0,true,true,10,true,false,DSL,false,false,true,false,false,false,One year,true,Mailed check,46.66,466.6,false
CUST-01955,Male,0,false,true,62,true,false,Fiber optic,false,true,true,true,false,false,Two year,true,Mailed check,85.86,5323.32,false
CUST-01956,Male,0,true,true,63,false,true,DSL,true,false,true,true,false,false,One year,true,Bank transfer (automatic),70.56,4445.28,false
CUST-01957,Male,1,true,true,13,true,false,No,false,false,true,true,false,true,Two year,true,Credit card (automatic),27.31,355.03,false
CUST-01958,Male,0,false,true,22,true,false,No,true,false,false,false,false,false,Month-to-month,false,Electronic check,117.17,2577.74,false
CUST-01959,Female,0,true,false,53,false,true,DSL,true,true,true,false,false,true,Month-to-month,true,Credit card (automatic),53.16,2817.48,true
CUST-01960,Male,1,false,true,22,false,false,No,false,true,true,false,false,false,Two year,true,Electronic check,105.83,2328.26,false
CUST-01961,Female,0,false,true,65,true,true,DSL,false,true,false,true,false,true,Two year,false,Mailed check,75.38,4899.7,false
CUST-01962,Female,0,false,false,37,false,true,Fiber optic,false,false,false,false,true,false,Two year,true,Mailed check,59.23,2191.51,false
CUST-01963,Female,0,false,false,51,true,false,Fiber optic,false,false,false,false,true,true,One year,false,Electronic check,85.6,4365.6,false
CUST-01964,Female,0,true,false,60,true,true,DSL,false,false,true,true,true,true,Two year,true,Bank transfer (automatic),106.59,6395.4,false
CUST-01965,Male,1,true,false,24,true,true,No,true,false,true,true,true,false,Two year,false,Mailed check,65.44,1570.56,false
CUST-01966,Male,0,true,false,63,true,true,DSL,false,true,false,true,false,false,Two year,false,Electronic check,62.45,3934.35,false
CUST-01967,Male,0,false,true,59,false,false,No,false,false,false,true,true,false,Month-to-month,false,Credit card (automatic),83.76,4941.84,false
CUST-01968,Male,0,true,true,72,false,false,No,false,true,false,false,true,true,Two year,false,Electronic check,75.71,5451.12,false
CUST-01969,Male,0,true,false,26,true,true,Fiber optic,false,true,true,false,true,true,Two year,true,Bank transfer (automatic),40.36,1049.36,false
CUST-01970,Female,0,false,false,25,false,false,Fiber optic,false,true,false,false,true,true,Month-to-month,false,Credit card (automatic),58.83,1470.75,false
CUST-01971,Female,0,false,false,63,false,true,No,true,true,true,false,false,true,Month-to-month,false,Electronic check,118.38,7457.94,false
CUST-01972,Female,0,true,false,54,false,true,Fiber optic,true,true,true,false,true,false,Two year,false,Credit card (automatic),75.4,4071.6,false
CUST-01973,Male,0,false,false,55,true,true,No,false,true,true,true,false,true,Month-to-month,false,Mailed check,57.38,3155.9,false
CUST-01974,Female,0,false,false,51,false,true,No,true,true,false,false,true,true,Month-to-month,false,Mailed check,112.84,5754.84,false
CUST-01975,Male,0,true,true,59,false,true,No,true,true,true,false,false,false,Two year,false,Credit card (automatic),77.27,4558.93,false
CUST-01976,Female,0,true,false,45,true,true,No,true,false,false,true,false,true,Month-to-month,false,Mailed check,21.68,975.6,false
CUST-01977,Female,0,false,false,29,true,false,No,true,true,false,false,false,false,Month-to-month,false,Mailed check,27.07,785.03,false
CUST-01978,Male,0,false,false,15,false,false,DSL,true,false,false,true,true,true,One year,true,Electronic check,50.8,762,true
CUST-01979,Male,0,false,true,25,false,true,DSL,true,false,false,true,false,true,Month-to-month,false,Mailed check,27.36,684,false
CUST-01980,Male,0,true,false,62,false,true,No,true,true,false,false,false,false,One year,false,Credit card (automatic),96.23,5966.26,false
CUST-01981,Female,1,true,false,3,true,false,DSL,true,true,false,true,false,true,Month-to-month,false,Bank transfer (automatic),110.49,331.47,false
CUST-01982,Female,0,false,true,56,true,false,Fiber optic,false,false,true,true,false,false,One year,false,Bank transfer (automatic),91.73,5136.88,false
CUST-01983,Male,0,false,true,57,false,false,DSL,false,false,true,false,true,true,Month-to-month,true,Credit card (automatic),109.51,6242.07,false
CUST-01984,Male,0,true,false,27,true,false,No,false,false,false,false,true,false,Month-to-month,false,Electronic check,33.1,893.7,false
CUST-01985,Female,0,false,true,4,false,false,No,true,false,false,false,false,false,Month-to-month,false,Mailed check,65.78,263.12,false
CUST-01986,Female,0,false,true,43,false,false,Fiber optic,true,true,false,true,false,false,Month-to-month,true,Mailed check,62.69,2695.67,false
CUST-01987,Male,0,false,false,33,true,true,DSL,true,false,false,true,true,true,Month-to-month,true,Electronic check,66.46,2193.18,true
CUST-01988,Female,0,false,true,67,false,true,Fiber optic,true,false,false,true,true,true,Two year,true,Credit card (automatic),40.32,2701.44,false
CUST-01989,Female,0,true,true,72,true,false,DSL,true,false,true,true,true,true,One year,false,Credit card (automatic),90.15,6490.8,false
CUST-01990,Male,0,false,false,55,true,true,No,true,false,false,true,true,true,Two year,true,Mailed check,105.44,5799.2,false
CUST-01991,Female,1,true,false,54,true,true,DSL,false,false,true,false,true,false,Two year,true,Credit card (automatic),105.74,5709.96,false
CUST-01992,Male,0,true,true,48,false,true,No,true,true,false,true,true,true,One year,true,Bank transfer (automatic),51.94,2493.12,false
CUST-01993,Female,0,false,true,71,true,false,Fiber optic,true,false,false,false,true,true,Month-to-month,false,Bank transfer (automatic),20.95,1487.45,true
CUST-01994,Male,0,true,false,72,false,true,Fiber optic,false,false,true,true,true,false,One year,true,Mailed check,85.63,6165.36,false
CUST-01995,Male,0,true,true,63,true,false,Fiber optic,false,true,true,true,false,false,Month-to-month,true,Bank transfer (automatic),101.71,6407.73,true
CUST-01996,Female,0,true,false,70,false,false,No,false,true,false,true,true,false,One year,true,Mailed check,54.91,3843.7,false
CUST-01997,Female,1,true,false,33,true,true,No,true,true,true,false,false,true,Two year,false,Electronic check,49.49,1633.17,false
CUST-01998,Female,0,false,true,66,true,false,Fiber optic,false,true,false,true,true,false,One year,false,Mailed check,113.13,7466.58,false
CUST-01999,Female,0,false,true,50,false,false,Fiber optic,true,true,false,true,false,true,Two year,false,Credit card (automatic),43.55,2177.5,false
CUST-02000,Female,0,true,false,51,true,false,Fiber optic,false,false,false,false,true,true,One year,true,Credit card (automatic),72.86,3715.86,false
CUST-02001,Female,0,false,false,61,true,true,No,false,true,true,true,false,true,One year,false,Bank transfer (automatic),103.85,6334.85,false
CUST-02002,Male,0,false,true,63,true,true,No,true,false,true,true,false,false,Month-to-month,true,Bank transfer (automatic),48.59,3061.17,false
CUST-02003,Male,0,false,false,69,true,false,Fiber optic,true,false,false,true,true,false,One year,true,Mailed check,95.1,6561.9,false
CUST-02004,Male,1,false,false,20,false,false,Fiber optic,false,true,false,true,false,true,One year,true,Electronic check,73.22,1464.4,false
CUST-02005,Male,0,true,true,7,true,true,Fiber optic,true,true,true,false,true,false,Two year,false,Bank transfer (automatic),99.89,699.23,false
CUST-02006,Male,0,false,false,45,true,false,Fiber optic,false,true,false,true,true,true,Month-to-month,false,Mailed check,57.17,2572.65,false
CUST-02007,Male,0,true,false,48,true,false,DSL,false,true,true,true,true,false,One year,true,Electronic check,78.9,3787.2,false
CUST-02008,Female,1,true,false,59,true,true,No,true,true,true,true,true,false,Two year,true,Mailed check,39.35,2321.65,false
CUST-02009,Female,1,false,true,54,false,false,No,true,false,false,true,true,true,Month-to-month,false,Mailed check,68.08,3676.32,false
CUST-02010,Female,0,false,true,66,true,true,Fiber optic,false,true,true,true,false,true,Month-to-month,false,Credit card (automatic),62.96,4155.36,false
CUST-02011,Female,1,true,false,7,false,true,DSL,true,true,false,false,false,false,One year,true,Credit card (automatic),37.14,259.98,false
CUST-02012,Female,0,false,true,28,false,false,DSL,true,true,false,false,true,true,One year,false,Mailed check,83.85,2347.8,true
CUST-02013,Female,0,true,false,20,true,true,Fiber optic,false,false,true,false,false,true,One year,false,Mailed check,92.81,1856.2,false
CUST-02014,Male,0,true,false,49,true,false,DSL,false,true,false,true,true,false,One year,true,Bank transfer (automatic),76.2,3733.8,true
CUST-02015,Female,0,true,false,9,false,false,Fiber optic,false,true,true,false,false,false,Month-to-month,true,Bank transfer (automatic),61.45,553.05,false
CUST-02016,Female,0,false,true,47,true,false,Fiber optic,true,true,true,true,false,true,Month-to-month,true,Bank transfer (automatic),105.9,4977.3,false
CUST-02017,Female,0,false,false,58,true,true,DSL,true,true,false,true,false,false,Month-to-month,true,Credit card (automatic),90.35,5240.3,false
CUST-02018,Male,0,true,true,11,true,false,No,true,true,true,true,false,true,Two year,true,Mailed check,54.03,594.33,false
CUST-02019,Female,0,false,true,27,false,false,DSL,false,false,true,false,true,false,Two year,false,Bank transfer (automatic),100.48,2712.96,false
CUST-02020,Male,0,true,false,58,false,true,Fiber optic,true,true,false,true,true,false,One year,false,Mailed check,63.99,3711.42,false
CUST-02021,Female,1,false,true,64,false,false,Fiber optic,true,false,false,true,true,false,One year,false,Credit card (automatic),117.6,7526.4,false
CUST-02022,Male,0,true,true,69,true,true,Fiber optic,true,false,false,true,true,true,One year,false,Credit card (automatic),87.98,6070.62,false
CUST-02023,Female,0,true,false,16,true,true,Fiber optic,true,true,false,true,true,true,One year,false,Bank transfer (automatic),75.69,1211.04,false
CUST-02024,Female,0,false,true,69,false,true,No,true,true,false,false,true,false,Month-to-month,false,Electronic check,102.24,7054.56,false
CUST-02025,Male,0,true,false,23,false,false,Fiber optic,false,false,true,true,false,true,Month-to-month,true,Bank transfer (automatic),71.87,1653.01,false
CUST-02026,Male,0,false,true,69,true,true,Fiber optic,true,false,true,true,true,true,Month-to-month,true,Electronic check,42.13,2906.97,true
CUST-02027,Female,0,true,true,56,false,true,No,false,true,true,true,false,false,Month-to-month,true,Bank transfer (automatic),112.65,6308.4,false
CUST-02028,Female,0,false,false,15,false,true,DSL,false,true,false,false,true,true,One year,true,Mailed check,24.17,362.55,false
CUST-02029,Female,0,true,true,46,true,false,DSL,true,true,true,false,true,true,Month-to-month,true,Bank transfer (automatic),119.97,5518.62,true
CUST-02030,Male,0,true,true,42,false,true,No,true,true,false,false,false,false,Month-to-month,true,Mailed check,71.87,3018.54,true
CUST-02031,Male,0,true,true,17,true,false,Fiber optic,true,false,false,true,true,false,Two year,true,Bank transfer (automatic),73.05,1241.85,false
CUST-02032,Female,1,false,false,48,true,true,DSL,false,false,true,true,true,false,One year,true,Credit card (automatic),107.41,5155.68,false
CUST-02033,Male,1,false,true,17,true,false,DSL,true,false,true,true,false,true,Two year,false,Credit card (automatic),23.79,404.43,false
CUST-02034,Male,0,true,false,30,false,true,No,false,false,false,false,true,true,Two year,false,Mailed check,60.84,1825.2,false
CUST-02035,Female,1,false,false,40,false,false,No,false,false,true,true,false,true,Month-to-month,true,Mailed check,29.25,1170,true
CUST-02036,Male,0,true,false,3,false,true,DSL,false,true,true,true,false,true,Two year,false,Electronic check,61.49,184.47,false
CUST-02037,Female,0,true,true,22,false,true,DSL,false,false,true,true,true,true,Two year,true,Credit card (automatic),57.15,1257.3,false
CUST-02038,Male,0,false,false,63,false,false,DSL,false,false,true,true,false,true,Two year,true,Mailed check,107.98,6802.74,false
CUST-02039,Male,0,true,true,22,false,true,No,true,true,true,true,false,true,One year,false,Credit card (automatic),28.59,628.98,false
CUST-02040,Female,0,true,true,68,false,false,Fiber optic,true,true,false,true,false,false,Month-to-month,true,Mailed check,109.7,7459.6,true
CUST-02041,Male,0,true,true,72,true,false,Fiber optic,true,true,false,false,true,true,Two year,true,Mailed check,42.22,3039.84,false
CUST-02042,Female,0,true,true,47,false,false,No,false,false,false,false,false,true,One year,true,Mailed check,103.64,4871.08,false
CUST-02043,Male,0,false,false,8,false,false,Fiber optic,false,false,true,false,false,true,One year,true,Credit card (automatic),21.42,171.36,false
CUST-02044,Female,0,false,false,4,true,true,DSL,true,false,false,false,false,false,One year,true,Bank transfer (automatic),45.1,180.4,false
CUST-02045,Male,0,false,true,39,false,true,No,true,false,true,false,true,false,Two year,false,Mailed check,21.1,822.9,false
CUST-02046,Female,0,false,false,44,false,false,DSL,false,true,false,true,true,false,Month-to-month,true,Bank transfer (automatic),90.78,3994.32,false
CUST-02047,Female,0,false,true,69,false,true,DSL,false,false,true,false,false,false,Month-to-month,true,Credit card (automatic),83.14,5736.66,true
CUST-02048,Male,0,false,true,24,true,true,Fiber optic,false,true,false,false,true,false,Two year,true,Mailed check,96.7,2320.8,false
CUST-02049,Female,0,false,true,68,false,false,Fiber optic,true,true,false,false,true,true,Two year,true,Mailed check,68.41,4651.88,false
CUST-02050,Female,1,true,true,13,true,false,No,true,true,true,true,false,true,Month-to-month,false,Mailed check,94.56,1229.28,false
CUST-02051,Female,0,true,false,62,true,false,DSL,true,true,false,false,false,true,Month-to-month,true,Electronic check,93.1,5772.2,false
CUST-02052,Female,0,true,false,30,true,true,No,false,false,false,false,false,true,Month-to-month,true,Bank transfer (automatic),100.52,3015.6,true
CUST-02053,Male,0,true,true,38,true,false,DSL,true,false,false,true,false,false,One year,true,Credit card (automatic),70.45,2677.1,false
CUST-02054,Male,0,false,false,1,true,false,Fiber optic,true,false,true,true,true,false,Two year,false,Bank transfer (automatic),47.43,47.43,false
CUST-02055,Female,0,true,false,28,true,false,DSL,true,true,false,true,true,false,Two year,false,Electronic check,105.39,2950.92,false
CUST-02056,Male,0,false,false,51,false,false,Fiber optic,false,true,false,true,false,false,One year,false,Mailed check,118.47,6041.97,false
CUST-02057,Female,0,false,false,15,false,true,Fiber optic,true,false,true,true,true,false,One year,false,Bank transfer (automatic),55.06,825.9,false
CUST-02058,Male,0,true,true,20,false,false,Fiber optic,false,false,true,false,false,true,One year,true,Electronic check,100.82,2016.4,true
CUST-02059,Male,1,false,true,47,false,false,DSL,false,true,false,false,false,false,One year,false,Mailed check,87.67,4120.49,false
CUST-02060,Male,0,false,true,56,false,false,DSL,true,false,true,true,false,false,Month-to-month,false,Bank transfer (automatic),50.85,2847.6,true
CUST-02061,Male,0,true,true,47,true,true,No,true,false,true,false,false,true,Two year,true,Electronic check,55.98,2631.06,false
CUST-02062,Female,0,true,true,3,true,true,DSL,true,false,true,true,true,false,Two year,true,Bank transfer (automatic),111.45,334.35,false
CUST-02063,Male,1,true,true,71,true,true,Fiber optic,true,true,true,true,true,true,Two year,false,Bank transfer (automatic),59.92,4254.32,false
CUST-02064,Male,0,false,true,53,false,true,Fiber optic,true,false,false,true,true,true,One year,false,Bank transfer (automatic),31.32,1659.96,false
CUST-02065,Male,0,true,false,37,true,true,No,false,true,false,true,false,true,Month-to-month,true,Bank transfer (automatic),39.17,1449.29,false
CUST-02066,Male,0,true,false,19,true,false,No,false,true,true,true,false,true,One year,true,Credit card (automatic),111.91,2126.29,false
CUST-02067,Male,0,false,true,43,true,true,No,true,false,true,false,false,true,Two year,true,Credit card (automatic),56.44,2426.92,false
CUST-02068,Male,1,false,false,20,false,true,Fiber optic,false,true,true,true,false,false,One year,true,Bank transfer (automatic),57.84,1156.8,false
CUST-02069,Male,0,false,false,53,false,true,DSL,false,true,true,true,true,true,One year,false,Mailed check,88.46,4688.38,false
CUST-02070,Female,0,true,false,22,false,true,No,false,false,false,true,false,true,One year,false,Mailed check,86.96,1913.12,false
CUST-02071,Female,0,false,true,57,true,false,No,true,false,true,true,false,false,One year,false,Electronic check,42.17,2403.69,false
CUST-02072,Male,0,true,true,11,true,true,DSL,false,false,true,true,true,false,Two year,true,Electronic check,36.73,404.03,false
CUST-02073,Male,0,false,true,40,true,true,DSL,false,false,true,true,true,false,Month-to-month,false,Bank transfer (automatic),45.56,1822.4,false
CUST-02074,Male,0,true,true,59,false,true,DSL,false,false,false,false,true,false,Two year,false,Credit card (automatic),28,1652,false
CUST-02075,Male,0,true,true,61,true,true,Fiber optic,false,true,true,true,false,false,One year,false,Bank transfer (automatic),75.67,4615.87,false
CUST-02076,Female,0,false,false,17,true,false,No,false,false,false,true,false,false,Month-to-month,false,Credit card (automatic),55.15,937.55,true
CUST-02077,Female,0,true,true,66,true,true,Fiber optic,true,true,false,true,true,true,One year,true,Mailed check,38.98,2572.68,false
CUST-02078,Female,0,true,true,24,true,false,Fiber optic,true,false,true,true,true,false,Two year,false,Mailed check,83.27,1998.48,false
CUST-02079,Female,0,true,false,64,false,true,DSL,true,false,false,false,false,false,Two year,true,Credit card (automatic),22.95,1468.8,false
CUST-02080,Male,0,true,false,2,false,false,Fiber optic,false,false,true,true,false,true,One year,false,Mailed check,23.24,46.48,false
CUST-02081,Male,0,false,true,49,false,false,No,true,false,false,true,true,false,Month-to-month,false,Mailed check,59.21,2901.29,true
CUST-02082,Male,0,false,false,62,true,false,Fiber optic,true,true,true,true,false,false,Month-to-month,true,Bank transfer (automatic),99.74,6183.88,true
CUST-02083,Male,0,false,true,57,false,true,Fiber optic,false,true,true,true,false,true,Two year,false,Credit card (automatic),99.62,5678.34,false
CUST-02084,Female,0,true,false,4,true,true,DSL,false,true,false,false,false,true,One year,true,Mailed check,116.43,465.72,false
CUST-02085,Male,0,false,false,20,false,false,DSL,true,false,true,false,true,true,One year,true,Mailed check,69.49,1389.8,false
CUST-02086,Male,0,false,false,50,true,false,DSL,false,true,true,true,true,true,One year,true,Electronic check,68.01,3400.5,false
CUST-02087,Female,1,false,false,40,true,true,Fiber optic,false,true,false,true,false,false,Two year,true,Electronic check,64.64,2585.6,false
CUST-02088,Male,1,false,false,20,true,false,Fiber optic,true,true,false,true,true,true,Month-to-month,true,Bank transfer (automatic),80.15,1603,true
CUST-02089,Female,0,true,true,27,false,true,Fiber optic,true,false,true,true,true,false,One year,false,Mailed check,26.52,716.04,false
CUST-02090,Female,0,false,true,36,false,false,DSL,true,false,true,false,false,false,One year,true,Credit card (automatic),28.99,1043.64,false
CUST-02091,Male,0,true,true,48,false,true,No,false,false,false,true,false,true,Two year,false,Credit card (automatic),54.4,2611.2,false
CUST-02092,Female,1,false,false,17,false,true,No,false,true,true,true,false,false,One year,false,Electronic check,84.53,1437.01,true
CUST-02093,Female,0,true,false,20,false,true,No,false,true,true,false,true,false,Month-to-month,true,Electronic check,78.08,1561.6,false
CUST-02094,Male,0,true,true,43,true,false,Fiber optic,false,true,false,false,false,true,Two year,false,Credit card (automatic),66.8,2872.4,false
CUST-02095,Female,1,false,true,39,true,true,Fiber optic,true,false,false,false,true,true,Two year,true,Bank transfer (automatic),113.55,4428.45,false
CUST-02096,Female,1,true,false,49,true,true,DSL,true,true,true,false,false,true,Two year,false,Credit card (automatic),36.65,1795.85,false
CUST-02097,Male,0,true,false,37,true,true,No,true,true,false,true,false,true,Two year,false,Bank transfer (automatic),43.31,1602.47,false
CUST-02098,Male,0,false,false,42,true,true,Fiber optic,false,true,true,true,true,true,Month-to-month,false,Bank transfer (automatic),74.9,3145.8,false
CUST-02099,Male,0,false,false,21,true,true,Fiber optic,false,true,false,false,true,true,Two year,true,Mailed check,54.79,1150.59,false
CUST-02100,Male,0,false,false,49,false,false,No,true,false,false,false,false,false,Two year,false,Credit card (automatic),59.36,2908.64,false
CUST-02101,Female,0,false,false,56,false,true,DSL,true,true,false,true,false,false,One year,false,Bank transfer (automatic),45.7,2559.2,true
CUST-02102,Male,0,false,false,18,true,false,No,false,false,true,false,true,false,Two year,true,Credit card (automatic),52.29,941.22,false
CUST-02103,Male,0,true,true,42,true,true,DSL,true,false,true,false,true,false,One year,false,Electronic check,113.74,4777.08,false
CUST-02104,Female,0,true,true,4,false,false,Fiber optic,false,true,false,true,true,true,Month-to-month,true,Mailed check,113.76,455.04,true
CUST-02105,Male,0,false,true,28,true,true,DSL,false,true,true,true,false,false,One year,true,Electronic check,36.52,1022.56,true
CUST-02106,Female,0,true,true,40,true,true,Fiber optic,false,true,false,false,true,false,Two year,true,Credit card (automatic),35.22,1408.8,false
CUST-02107,Female,0,true,false,17,true,true,No,false,true,false,false,false,false,One year,false,Credit card (automatic),30.72,522.24,false
CUST-02108,Male,0,true,true,32,true,false,No,false,false,false,false,false,true,Two year,false,Bank transfer (automatic),99.79,3193.28,false
CUST-02109,Female,0,true,true,43,true,true,Fiber optic,false,false,true,false,true,false,Month-to-month,false,Bank transfer (automatic),119.48,5137.64,true
CUST-02110,Female,0,true,true,61,true,true,No,false,false,false,false,false,true,One year,false,Mailed check,47.1,2873.1,false
CUST-02111,Male,0,false,true,64,false,true,DSL,true,true,true,true,false,false,Two year,true,Bank transfer (automatic),106.18,6795.52,false
CUST-02112,Male,1,true,false,57,false,false,No,true,false,true,false,false,true,Two year,false,Credit card (automatic),55.06,3138.42,false
CUST-02113,Female,0,false,true,72,false,false,No,true,false,true,false,true,true,Month-to-month,true,Credit card (automatic),95.73,6892.56,false
CUST-02114,Male,0,true,false,39,true,true,Fiber optic,true,true,false,false,true,true,One year,false,Electronic check,53.99,2105.61,true
CUST-02115,Male,0,false,true,33,false,false,Fiber optic,false,true,true,false,true,true,Month-to-month,true,Credit card (automatic),53.84,1776.72,true
CUST-02116,Male,0,false,true,72,true,true,Fiber optic,true,false,true,true,true,false,Two year,false,Mailed check,81.89,5896.08,false
CUST-02117,Female,0,false,true,1,true,true,DSL,false,true,false,true,false,true,Two year,false,Credit card (automatic),73.89,73.89,false
CUST-02118,Male,0,true,true,8,false,false,Fiber optic,false,true,true,false,false,true,Two year,false,Mailed check,67.43,539.44,false
CUST-02119,Female,0,false,false,11,true,false,DSL,true,false,true,true,false,false,One year,true,Bank transfer (automatic),89.13,980.43,false
CUST-02120,Male,1,true,false,57,true,true,Fiber optic,false,false,true,false,false,true,Two year,true,Mailed check,102.99,5870.43,false
CUST-02121,Female,0,true,true,3,false,false,Fiber optic,true,true,false,true,false,false,Two year,true,Credit card (automatic),24.55,73.65,false
CUST-02122,Female,1,true,true,57,true,true,DSL,true,true,true,true,true,true,Month-to-month,true,Bank transfer (automatic),100.04,5702.28,true
CUST-02123,Male,0,true,true,44,true,true,No,false,false,false,true,false,true,One year,false,Credit card (automatic),20.9,919.6,false
CUST-02124,Female,0,false,true,38,false,false,No,false,true,true,false,true,true,Month-to-month,false,Credit card (automatic),104.31,3963.78,false
CUST-02125,Male,1,true,false,31,false,false,No,true,false,false,false,true,false,Two year,true,Credit card (automatic),52.66,1632.46,false
CUST-02126,Female,0,true,true,43,true,false,Fiber optic,true,false,false,false,false,false,Two year,true,Credit card (automatic),55.66,2393.38,false
CUST-02127,Female,0,true,false,26,false,false,No,false,true,false,true,false,true,Month-to-month,true,Bank transfer (automatic),52.98,1377.48,true
CUST-02128,Female,0,true,true,5,true,true,Fiber optic,false,true,false,false,false,false,Two year,true,Electronic check,87.3,436.5,false
CUST-02129,Male,0,false,true,24,true,true,DSL,false,true,false,false,true,false,Month-to-month,true,Mailed check,59.34,1424.16,true
CUST-02130,Female,0,false,false,27,false,true,DSL,true,false,false,false,false,false,Month-to-month,true,Mailed check,67.71,1828.17,true
CUST-02131,Female,0,true,true,33,false,false,Fiber optic,false,false,true,true,true,false,Month-to-month,false,Bank transfer (automatic),35.95,1186.35,false
CUST-02132,Female,0,false,true,2,true,true,Fiber optic,true,false,false,true,true,false,One year,true,Bank transfer (automatic),21.26,42.52,false
CUST-02133,Male,0,true,true,44,false,true,No,false,true,true,true,true,true,Month-to-month,false,Credit card (automatic),75.05,3302.2,false
CUST-02134,Male,1,true,false,67,false,false,Fiber optic,true,false,false,true,false,true,Month-to-month,false,Bank transfer (automatic),42.63,2856.21,false
CUST-02135,Female,1,false,false,33,true,false,Fiber optic,false,true,false,false,true,false,Two year,true,Electronic check,100.54,3317.82,false
CUST-02136,Female,1,true,true,67,true,true,DSL,false,false,true,true,true,false,Month-to-month,false,Electronic check,86.13,5770.71,false
CUST-02137,Female,0,true,true,7,true,true,Fiber optic,true,true,false,true,true,false,One year,false,Electronic check,91.46,640.22,false
CUST-02138,Female,0,false,false,19,true,false,Fiber optic,true,true,true,true,true,false,Month-to-month,true,Credit card (automatic),35.61,676.59,true
CUST-02139,Male,0,false,true,55,false,true,Fiber optic,true,true,true,false,true,false,Two year,true,Credit card (automatic),91.29,5020.95,false
CUST-02140,Female,1,false,true,43,true,false,DSL,true,true,false,true,true,true,Two year,false,Mailed check,57.14,2457.02,false
CUST-02141,Male,0,true,false,44,true,true,No,false,true,false,true,true,true,Month-to-month,true,Electronic check,59.67,2625.48,false
CUST-02142,Male,1,true,false,29,false,true,DSL,true,true,false,true,true,false,Two year,false,Bank transfer (automatic),112.48,3261.92,false
CUST-02143,Male,0,true,true,14,false,false,Fiber optic,true,false,false,false,false,false,Month-to-month,false,Bank transfer (automatic),86.4,1209.6,false
CUST-02144,Female,0,false,false,15,true,true,DSL,false,true,false,false,true,false,One year,true,Electronic check,115.95,1739.25,false
CUST-02145,Male,0,false,true,44,true,false,DSL,true,false,true,true,false,true,Two year,false,Electronic check,106.17,4671.48,false
CUST-02146,Female,0,true,true,16,true,true,Fiber optic,false,false,false,false,false,false,Two year,true,Electronic check,114.44,1831.04,false
CUST-02147,Female,0,false,false,58,false,true,Fiber optic,false,false,true,true,true,false,One year,true,Bank transfer (automatic),80.66,4678.28,false
CUST-02148,Female,0,false,false,57,false,false,DSL,false,false,true,false,true,false,Month-to-month,false,Bank transfer (automatic),33.61,1915.77,false
CUST-02149,Male,0,false,false,44,true,false,Fiber optic,false,false,true,true,false,false,Month-to-month,false,Bank transfer (automatic),81.31,3577.64,false
CUST-02150,Male,0,false,false,8,true,true,DSL,false,true,true,true,false,false,One year,false,Mailed check,43.79,350.32,true
CUST-02151,Male,1,true,false,10,false,true,DSL,false,false,false,false,false,false,One year,false,Mailed check,103.04,1030.4,false
CUST-02152,Female,0,true,true,28,true,true,DSL,true,true,false,false,true,false,Two year,false,Mailed check,80.97,2267.16,false
CUST-02153,Female,0,true,true,49,false,true,DSL,true,true,false,false,false,false,Two year,true,Credit card (automatic),105.76,5182.24,false
CUST-02154,Female,0,true,false,67,false,false,No,true,false,false,false,true,false,One year,true,Electronic check,74.51,4992.17,false
CUST-02155,Female,0,true,false,54,true,true,No,true,false,true,false,true,false,Month-to-month,false,Credit card (automatic),46.89,2532.06,false
CUST-02156,Male,0,false,false,12,false,true,No,false,true,false,false,true,false,Two year,false,Bank transfer (automatic),98.5,1182,false
CUST-02157,Female,0,false,false,31,false,true,DSL,false,true,true,false,false,false,Month-to-month,true,Bank transfer (automatic),58.19,1803.89,false
CUST-02158,Female,0,false,false,26,true,true,DSL,false,true,true,true,true,false,Month-to-month,false,Mailed check,87.7,2280.2,false
CUST-02159,Male,0,false,true,67,false,true,No,true,true,true,false,false,true,One year,true,Credit card (automatic),33.07,2215.69,false
CUST-02160,Male,0,false,false,44,false,false,DSL,true,false,true,false,true,true,Month-to-month,true,Bank transfer (automatic),91.62,4031.28,false
CUST-02161,Female,1,true,false,8,false,false,Fiber optic,true,false,true,true,false,true,Two year,false,Bank transfer (automatic),44.51,356.08,false
CUST-02162,Male,0,true,false,69,false,true,No,false,false,true,true,false,false,One year,true,Bank transfer (automatic),104.3,7196.7,false
CUST-02163,Male,0,true,false,61,false,false,No,false,false,true,false,true,false,One year,true,Bank transfer (automatic),67.74,4132.14,false
CUST-02164,Male,1,true,false,21,false,false,DSL,true,true,true,true,true,false,Month-to-month,false,Credit card (automatic),36.61,768.81,false
CUST-02165,Female,0,false,true,56,true,true,DSL,false,true,false,true,true,true,Two year,true,Mailed check,56.23,3148.88,false
CUST-02166,Female,0,true,true,11,true,true,No,true,true,false,false,false,true,Month-to-month,false,Electronic check,35.57,391.27,true
CUST-02167,Female,0,false,true,3,false,true,Fiber optic,false,true,true,false,true,true,One year,true,Electronic check,87.02,261.06,false
CUST-02168,Male,0,true,true,66,false,false,DSL,false,true,true,true,true,true,Month-to-month,true,Electronic check,98.85,6524.1,false
CUST-02169,Male,0,true,true,58,false,false,No,true,false,true,true,false,false,Two year,true,Mailed check,100.07,5804.06,false
CUST-02170,Female,0,true,true,11,false,false,Fiber optic,true,false,false,false,true,true,One year,false,Mailed check,45.43,499.73,true
CUST-02171,Female,0,true,true,7,true,false,No,true,true,false,true,true,true,One year,true,Credit card (automatic),81.31,569.17,false
CUST-02172,Male,0,false,false,29,false,true,DSL,true,true,false,true,true,true,Two year,true,Mailed check,48.18,1397.22,false
CUST-02173,Female,0,false,false,21,true,true,No,false,false,false,true,false,true,Two year,false,Bank transfer (automatic),61.04,1281.84,false
CUST-02174,Female,0,false,false,50,true,false,Fiber optic,false,false,true,false,true,true,Month-to-month,false,Mailed check,113.6,5680,true
CUST-02175,Male,1,true,true,71,true,true,No,false,true,true,true,true,true,One year,true,Credit card (automatic),101.04,7173.84,false
CUST-02176,Male,1,true,false,42,false,true,Fiber optic,false,false,true,true,true,true,One year,false,Credit card (automatic),46.08,1935.36,false
CUST-02177,Male,0,false,true,33,true,false,Fiber optic,false,false,true,true,false,false,One year,false,Credit card (automatic),58.72,1937.76,false
CUST-02178,Male,1,true,false,42,true,false,DSL,false,true,true,true,false,false,Two year,true,Bank transfer (automatic),26.96,1132.32,false
CUST-02179,Male,1,false,true,71,true,true,DSL,true,true,true,true,true,false,Month-to-month,false,Mailed check,76.93,5462.03,true
CUST-02180,Female,0,false,false,7,false,true,DSL,true,false,true,false,false,true,Two year,true,Credit card (automatic),25.52,178.64,false
CUST-02181,Male,0,true,true,34,false,false,No,true,true,true,true,true,true,Month-to-month,false,Electronic check,74.1,2519.4,true
CUST-02182,Female,0,true,true,51,true,false,Fiber optic,false,false,true,true,true,true,Two year,true,Credit card (automatic),62.39,3181.89,false
CUST-02183,Female,0,false,false,50,false,false,No,false,true,false,false,true,true,Two year,true,Electronic check,45,2250,false
CUST-02184,Male,0,true,true,53,false,false,Fiber optic,true,false,true,true,true,true,Month-to-month,false,Credit card (automatic),68.28,3618.84,true
CUST-02185,Female,0,false,false,10,true,false,No,true,false,false,true,false,true,Month-to-month,true,Mailed check,75.18,751.8,false
CUST-02186,Female,1,false,false,12,false,true,No,true,true,true,true,false,true,One year,true,Credit card (automatic),22.16,265.92,false
CUST-02187,Female,1,true,false,4,true,false,Fiber optic,false,true,false,true,true,true,Month-to-month,false,Bank transfer (automatic),92.92,371.68,false
CUST-02188,Male,0,true,true,36,false,false,DSL,false,true,true,true,true,false,Two year,true,Credit card (automatic),119.37,4297.32,false
CUST-02189,Male,0,true,true,64,true,true,DSL,true,false,false,false,true,false,One year,false,Mailed check,97.52,6241.28,false
CUST-02190,Female,1,true,true,66,false,true,No,true,true,true,true,true,true,Two year,true,Mailed check,74.93,4945.38,false
CUST-02191,Female,0,true,false,32,true,false,Fiber optic,true,true,false,false,true,true,Month-to-month,true,Bank transfer (automatic),46.42,1485.44,false
CUST-02192,Female,0,false,false,42,false,false,DSL,false,false,false,false,true,true,Month-to-month,false,Bank transfer (automatic),27.19,1141.98,true
CUST-02193,Female,0,true,true,32,false,true,No,true,false,false,true,false,false,Two year,true,Bank transfer (automatic),68.68,2197.76,false
CUST-02194,Male,0,true,true,5,true,false,No,true,true,true,true,false,true,One year,true,Electronic check,90.53,452.65,false
CUST-02195,Female,0,true,true,17,true,true,No,false,false,false,true,false,true,Month-to-month,true,Mailed check,36.66,623.22,true
CUST-02196,Male,0,true,false,20,false,true,No,false,true,true,false,true,false,Two year,false,Mailed check,111.37,2227.4,false
CUST-02197,Male,0,false,false,39,true,false,DSL,false,false,true,false,true,false,Month-to-month,true,Credit card (automatic),45.28,1765.92,false
CUST-02198,Female,0,false,true,69,true,true,DSL,true,false,true,false,true,true,Two year,false,Electronic check,79.21,5465.49,false
CUST-02199,Male,0,true,true,32,true,false,Fiber optic,false,true,true,false,true,true,Two year,false,Electronic check,102.39,3276.48,false
CUST-02200,Male,1,false,true,37,false,false,Fiber optic,false,false,false,true,true,true,One year,false,Bank transfer (automatic),109.11,4037.07,false
CUST-02201,Male,0,true,true,46,true,true,Fiber optic,false,false,false,true,true,false,One year,true,Bank transfer (automatic),99.38,4571.48,true
CUST-02202,Male,1,false,true,3,true,true,No,false,true,false,false,true,false,Two year,true,Electronic check,20.72,62.16,false
CUST-02203,Female,0,false,true,34,false,true,No,false,false,true,true,true,false,Two year,false,Credit card (automatic),52.99,1801.66,false
CUST-02204,Female,1,false,false,31,true,false,DSL,false,false,true,false,true,false,Two year,true,Mailed check,111.44,3454.64,false
CUST-02205,Male,0,false,false,28,false,true,DSL,true,true,false,true,false,false,Two year,true,Credit card (automatic),24.96,698.88,false
CUST-02206,Male,0,false,true,29,true,false,Fiber optic,true,false,false,true,false,true,Month-to-month,false,Bank transfer (automatic),118.97,3450.13,false
CUST-02207,Male,1,true,false,12,false,false,No,false,false,true,true,true,false,Two year,true,Bank transfer (automatic),113.54,1362.48,false
CUST-02208,Female,0,false,true,67,true,true,No,false,true,false,true,true,false,Month-to-month,false,Credit card (automatic),61.46,4117.82,false
CUST-02209,Male,0,false,false,61,false,false,Fiber optic,false,true,true,false,true,false,Two year,true,Bank transfer (automatic),94.52,5765.72,false
CUST-02210,Male,0,true,true,28,true,false,No,false,false,false,true,false,false,One year,true,Mailed check,99.05,2773.4,false
CUST-02211,Female,0,true,false,25,true,false,No,true,true,true,false,true,true,Month-to-month,true,Credit card (automatic),79.58,1989.5,false
CUST-02212,Female,0,true,true,20,true,false,No,false,false,false,true,true,false,Month-to-month,false,Electronic check,93.83,1876.6,false
CUST-02213,Female,0,false,true,31,false,false,Fiber optic,false,false,true,false,true,true,Two year,true,Bank transfer (automatic),100.85,3126.35,false
CUST-02214,Female,1,true,true,17,false,true,Fiber optic,false,true,false,true,true,false,Two year,true,Electronic check,47.74,811.58,false
CUST-02215,Male,1,false,true,64,false,false,Fiber optic,true,false,false,false,true,true,One year,true,Electronic check,50.95,3260.8,false
CUST-02216,Male,0,false,false,49,false,true,Fiber optic,false,false,false,false,false,true,Month-to-month,false,Credit card (automatic),31.11,1524.39,true
CUST-02217,Male,0,false,false,6,false,true,DSL,false,true,true,false,false,false,One year,false,Mailed check,74.68,448.08,false
CUST-02218,Male,0,false,false,36,false,true,DSL,false,false,true,true,false,false,One year,false,Credit card (automatic),43.46,1564.56,false
CUST-02219,Female,0,true,true,8,true,true,No,false,false,false,true,false,false,Two year,true,Electronic check,79.63,637.04,false
CUST-02220,Female,0,false,false,3,true,true,Fiber optic,true,true,true,true,true,false,One year,false,Bank transfer (automatic),104.28,312.84,false
CUST-02221,Female,0,true,false,64,true,true,No,true,false,false,true,false,false,Month-to-month,false,Bank transfer (automatic),49.43,3163.52,false
CUST-02222,Male,0,false,true,59,true,true,DSL,false,true,false,true,false,true,Two year,true,Credit card (automatic),26.69,1574.71,false
CUST-02223,Female,1,false,true,38,true,false,Fiber optic,false,false,true,true,false,true,Two year,true,Bank transfer (automatic),20.11,764.18,false
CUST-02224,Male,0,false,false,26,false,true,Fiber optic,false,false,true,true,true,false,One year,false,Credit card (automatic),84.02,2184.52,false
CUST-02225,Female,0,true,false,36,true,true,Fiber optic,false,true,false,true,true,false,Month-to-month,false,Credit card (automatic),22.44,807.84,true
CUST-02226,Male,0,false,true,45,true,false,DSL,true,true,true,true,false,true,One year,true,Bank transfer (automatic),101.87,4584.15,true
CUST-02227,Male,0,false,false,72,false,false,DSL,true,false,false,false,false,true,Two year,false,Bank transfer (automatic),47.53,3422.16,false
CUST-02228,Male,1,false,true,23,false,false,No,true,false,false,true,true,true,Two year,true,Bank transfer (automatic),43.4,998.2,false
CUST-02229,Male,0,false,false,64,true,true,DSL,true,true,true,false,true,false,One year,false,Bank transfer (automatic),85.53,5473.92,false
CUST-02230,Male,0,true,true,60,true,false,No,true,false,false,true,true,false,Month-to-month,true,Bank transfer (automatic),91.84,5510.4,false
CUST-02231,Male,0,true,true,44,true,true,Fiber optic,false,false,false,false,true,false,Month-to-month,true,Mailed check,107.02,4708.88,true
CUST-02232,Female,1,false,false,40,false,false,DSL,true,false,false,true,true,true,Month-to-month,false,Electronic check,96.23,3849.2,true
CUST-02233,Female,0,true,false,51,true,true,No,true,false,false,false,true,false,One year,false,Credit card (automatic),54.91,2800.41,false
CUST-02234,Male,0,false,true,2,true,false,No,false,false,false,false,false,true,Month-to-month,false,Electronic check,65.74,131.48,false
CUST-02235,Female,0,true,false,15,true,true,No,true,false,true,false,true,true,Month-to-month,false,Electronic check,85.19,1277.85,false
CUST-02236,Female,1,true,true,42,false,false,Fiber optic,false,true,true,false,true,false,Two year,false,Credit card (automatic),63.81,2680.02,false
CUST-02237,Female,0,true,true,9,true,true,Fiber optic,true,true,true,false,true,false,Two year,false,Credit card (automatic),48.1,432.9,false
CUST-02238,Female,0,false,false,41,true,false,Fiber optic,true,true,true,false,false,false,One year,false,Mailed check,38.69,1586.29,false
CUST-02239,Male,0,true,false,43,false,true,DSL,true,false,false,true,false,true,One year,false,Mailed check,42.39,1822.77,false
CUST-02240,Male,0,true,true,63,true,true,DSL,true,true,false,true,false,true,Two year,false,Mailed check,112.66,7097.58,false
CUST-02241,Female,0,false,true,70,false,false,Fiber optic,true,true,false,false,true,true,One year,false,Bank transfer (automatic),105.09,7356.3,false
CUST-02242,Male,0,true,true,66,true,true,DSL,false,false,true,false,true,false,Two year,true,Mailed check,76.81,5069.46,false
CUST-02243,Male,0,true,true,69,false,true,Fiber optic,false,false,false,true,false,false,Month-to-month,false,Electronic check,118.13,8150.97,false
CUST-02244,Female,0,false,true,9,false,false,No,true,false,false,false,false,true,Two year,false,Bank transfer (automatic),20.89,188.01,true
CUST-02245,Male,0,false,true,59,false,false,DSL,false,false,true,false,true,false,Month-to-month,false,Mailed check,117.22,6915.98,false
CUST-02246,Female,1,false,false,2,false,false,Fiber optic,false,false,true,false,false,true,Two year,false,Bank transfer (automatic),106.56,213.12,false
CUST-02247,Female,1,true,true,15,false,true,Fiber optic,true,true,true,false,false,true,Two year,false,Bank transfer (automatic),31.38,470.7,false
CUST-02248,Female,1,true,true,44,true,true,DSL,false,true,false,true,true,false,One year,true,Credit card (automatic),92.42,4066.48,false
CUST-02249,Male,0,true,false,70,false,true,No,true,true,false,false,false,false,Month-to-month,true,Mailed check,33.87,2370.9,false
CUST-02250,Male,0,false,false,70,false,false,Fiber optic,true,true,true,false,true,false,Two year,false,Mailed check,108.77,7613.9,false
CUST-02251,Female,0,false,true,18,true,true,Fiber optic,false,true,true,true,false,true,Two year,false,Credit card (automatic),82.56,1486.08,false
CUST-02252,Female,0,false,false,63,false,true,No,true,true,true,false,false,false,Two year,true,Mailed check,60.96,3840.48,false
CUST-02253,Male,1,false,true,43,false,true,DSL,false,false,false,true,false,false,Two year,false,Electronic check,115.33,4959.19,false
CUST-02254,Male,0,true,true,10,false,false,DSL,false,false,false,true,true,false,Month-to-month,false,Bank transfer (automatic),111.15,1111.5,false
CUST-02255,Male,1,false,true,18,true,false,No,false,false,false,false,false,false,Two year,true,Electronic check,41.5,747,false
CUST-02256,Male,0,false,false,60,true,false,No,true,true,false,true,true,true,One year,true,Credit card (automatic),54.27,3256.2,false
CUST-02257,Female,0,true,false,52,false,true,Fiber optic,true,false,true,true,false,false,Month-to-month,false,Credit card (automatic),58.93,3064.36,true
CUST-02258,Female,1,false,false,40,false,false,Fiber optic,true,false,true,true,false,true,One year,false,Credit card (automatic),90.99,3639.6,true
CUST-02259,Male,0,false,true,44,true,false,No,true,false,false,true,true,true,Month-to-month,false,Mailed check,66.69,2934.36,true
CUST-02260,Female,1,false,true,9,false,false,DSL,false,false,false,false,false,false,One year,false,Credit card (automatic),37.22,334.98,false
CUST-02261,Male,0,true,true,20,true,false,Fiber optic,false,false,true,true,false,true,Two year,true,Electronic check,90.91,1818.2,false
CUST-02262,Female,0,false,true,53,false,false,DSL,false,true,true,false,true,false,Two year,false,Credit card (automatic),114.23,6054.19,false
CUST-02263,Female,0,true,true,65,false,true,DSL,true,true,true,false,true,false,Two year,false,Electronic check,51.02,3316.3,false
CUST-02264,Female,0,false,true,72,false,false,No,true,false,true,true,true,false,Month-to-month,false,Mailed check,49.51,3564.72,false
CUST-02265,Male,0,true,false,16,false,false,No,true,true,true,false,true,false,One year,true,Credit card (automatic),35.61,569.76,false
CUST-02266,Female,0,true,true,58,false,true,No,true,false,false,true,false,true,One year,true,Credit card (automatic),108.8,6310.4,false
CUST-02267,Female,0,true,true,57,true,false,Fiber optic,true,false,false,false,true,true,Month-to-month,false,Mailed check,39.16,2232.12,false
CUST-02268,Female,0,false,true,28,true,false,DSL,false,true,false,true,false,false,Month-to-month,true,Mailed check,35.98,1007.44,true
CUST-02269,Female,0,false,false,58,false,false,No,true,false,false,false,false,true,One year,true,Mailed check,23.52,1364.16,false
CUST-02270,Male,1,false,false,37,true,true,DSL,true,true,false,false,true,false,Month-to-month,false,Credit card (automatic),34.26,1267.62,false
CUST-02271,Female,0,true,true,61,true,true,No,false,true,true,false,true,true,One year,true,Credit card (automatic),30.87,1883.07,false
CUST-02272,Female,0,true,false,1,true,false,Fiber optic,true,true,false,false,false,true,Two year,true,Electronic check,51.28,51.28,false
CUST-02273,Female,0,false,false,55,true,true,Fiber optic,true,true,true,true,false,true,Two year,true,Mailed check,112.88,6208.4,false
CUST-02274,Female,0,true,true,44,false,false,Fiber optic,false,false,true,false,false,false,One year,true,Mailed check,113.78,5006.32,false
CUST-02275,Female,0,true,true,52,true,false,Fiber optic,true,false,true,true,true,true,One year,true,Mailed check,56.81,2954.12,false
CUST-02276,Female,1,false,true,58,false,true,DSL,true,true,false,false,false,true,Two year,false,Mailed check,115.97,6726.26,false
CUST-02277,Female,0,true,true,21,true,true,No,false,true,true,false,true,true,Month-to-month,true,Electronic check,42.97,902.37,false
CUST-02278,Male,0,true,false,36,true,true,No,false,false,true,false,false,true,Two year,true,Bank transfer (automatic),23.82,857.52,false
CUST-02279,Male,0,true,true,6,false,true,Fiber optic,false,false,true,false,false,true,Month-to-month,false,Electronic check,117.8,706.8,true
CUST-02280,Male,0,false,true,72,true,true,Fiber optic,false,true,true,false,false,true,Two year,false,Bank transfer (automatic),73.43,5286.96,false
CUST-02281,Male,1,true,true,16,true,true,DSL,false,true,false,false,false,true,Month-to-month,false,Mailed check,105.7,1691.2,true
CUST-02282,Female,0,false,true,51,true,false,No,false,true,true,true,false,true,Two year,false,Electronic check,111.07,5664.57,false
CUST-02283,Male,0,false,false,6,false,false,Fiber optic,true,true,true,false,true,false,Month-to-month,false,Credit card (automatic),100.33,601.98,true
CUST-02284,Female,0,true,true,25,true,false,No,false,false,false,true,false,true,One year,true,Credit card (automatic),69.36,1734,false
CUST-02285,Male,0,true,false,52,false,true,Fiber optic,false,false,false,false,true,false,Month-to-month,false,Bank transfer (automatic),92.59,4814.68,true
CUST-02286,Female,0,false,false,44,false,true,DSL,false,false,false,false,true,true,Month-to-month,true,Bank transfer (automatic),85.12,3745.28,false
CUST-02287,Male,0,false,false,60,true,true,No,false,true,false,false,false,false,Month-to-month,true,Bank transfer (automatic),31.02,1861.2,false
CUST-02288,Male,0,true,true,56,false,false,No,false,true,false,false,false,false,One year,false,Credit card (automatic),60.66,3396.96,false
CUST-02289,Male,0,false,false,15,true,false,No,true,true,false,false,true,true,Two year,false,Credit card (automatic),77.66,1164.9,false
CUST-02290,Female,1,false,true,8,true,false,Fiber optic,true,true,false,true,false,false,Two year,true,Electronic check,102.72,821.76,false
CUST-02291,Male,0,true,false,22,true,true,DSL,true,true,true,false,false,false,Month-to-month,true,Electronic check,67.92,1494.24,false
CUST-02292,Male,1,false,false,40,true,false,No,false,false,true,false,true,false,One year,false,Mailed check,78.2,3128,false
CUST-02293,Female,0,false,true,2,false,false,DSL,false,true,false,false,false,true,Month-to-month,true,Electronic check,119.22,238.44,false
CUST-02294,Female,0,true,true,44,false,true,No,false,true,false,false,false,false,Two year,true,Electronic check,108.97,4794.68,false
CUST-02295,Male,0,true,false,24,true,false,DSL,true,true,true,false,true,false,One year,false,Bank transfer (automatic),113.81,2731.44,false
CUST-02296,Female,0,true,false,26,true,false,No,false,true,false,true,true,false,One year,true,Electronic check,33.22,863.72,false
CUST-02297,Female,1,true,true,41,true,false,Fiber optic,true,true,false,true,true,true,Month-to-month,false,Credit card (automatic),62.85,2576.85,true
CUST-02298,Male,1,false,false,53,true,true,DSL,false,true,false,false,false,true,Two year,false,Electronic check,40.09,2124.77,false
CUST-02299,Female,1,true,false,56,false,false,Fiber optic,true,true,false,false,true,false,One year,false,Credit card (automatic),51.6,2889.6,true
CUST-02300,Male,1,false,true,25,false,false,Fiber optic,false,true,true,true,true,true,Two year,false,Credit card (automatic),50.72,1268,false
CUST-02301,Male,1,true,false,14,false,false,DSL,false,true,true,false,false,true,Month-to-month,false,Credit card (automatic),95.66,1339.24,false
CUST-02302,Male,0,false,false,9,true,false,No,false,true,true,false,true,true,Two year,true,Bank transfer (automatic),50,450,false
CUST-02303,Female,0,false,true,3,false,true,Fiber optic,true,true,true,false,false,false,Two year,true,Bank transfer (automatic),57.47,172.41,false
CUST-02304,Female,0,true,true,57,true,false,No,false,true,false,false,true,true,Month-to-month,true,Mailed check,83.52,4760.64,false
CUST-02305,Female,0,false,false,11,true,false,No,false,false,false,false,false,false,Two year,false,Electronic check,38.3,421.3,false
CUST-02306,Female,1,false,true,67,false,false,No,true,false,false,true,false,true,One year,false,Electronic check,105.79,7087.93,false
CUST-02307,Male,0,true,true,46,false,false,Fiber optic,true,true,false,false,false,false,One year,true,Credit card (automatic),33.66,1548.36,false
CUST-02308,Female,1,true,true,57,true,true,No,true,false,true,false,true,false,One year,false,Electronic check,32.32,1842.24,true
CUST-02309,Male,1,false,false,53,true,false,No,false,true,true,true,true,true,Two year,false,Credit card (automatic),96.93,5137.29,false
CUST-02310,Female,0,false,true,4,false,false,No,true,false,true,true,false,true,Month-to-month,true,Electronic check,57.45,229.8,true
CUST-02311,Male,1,true,false,54,true,false,No,false,true,false,false,true,false,Month-to-month,false,Electronic check,76.51,4131.54,true
CUST-02312,Female,0,true,false,30,false,false,DSL,false,false,true,true,false,true,Two year,false,Credit card (automatic),73.65,2209.5,false
CUST-02313,Female,0,false,false,15,true,false,Fiber optic,false,true,false,true,true,true,One year,true,Electronic check,65.84,987.6,false
CUST-02314,Female,1,false,true,68,true,false,DSL,false,false,true,false,true,true,Month-to-month,false,Credit card (automatic),90.97,6185.96,false
CUST-02315,Male,1,true,true,3,true,false,No,false,false,true,false,false,true,Month-to-month,false,Bank transfer (automatic),35.25,105.75,false
CUST-02316,Male,0,true,true,22,false,false,No,true,true,false,true,false,false,One year,true,Mailed check,109.17,2401.74,false
CUST-02317,Male,0,false,true,5,false,false,No,true,false,true,true,false,false,One year,false,Electronic check,58.41,292.05,false
CUST-02318,Female,1,true,false,63,true,false,No,false,false,false,false,true,true,One year,false,Bank transfer (automatic),77.08,4856.04,false
CUST-02319,Male,0,false,true,64,false,false,DSL,false,true,false,false,true,false,One year,false,Credit card (automatic),61.26,3920.64,false
CUST-02320,Male,0,true,true,71,true,true,No,true,false,true,true,false,true,Month-to-month,true,Credit card (automatic),53.79,3819.09,true
CUST-02321,Female,0,false,false,46,true,true,Fiber optic,false,true,true,true,true,false,One year,true,Mailed check,48.2,2217.2,false
CUST-02322,Female,0,true,false,60,false,false,DSL,true,true,false,false,false,false,Month-to-month,true,Bank transfer (automatic),116.38,6982.8,false
CUST-02323,Female,0,true,true,32,true,false,Fiber optic,false,false,false,false,true,false,Month-to-month,false,Electronic check,101.36,3243.52,false
CUST-02324,Male,0,true,false,44,true,false,DSL,false,false,false,true,true,false,Month-to-month,false,Credit card (automatic),107.36,4723.84,false
CUST-02325,Female,1,true,false,61,false,true,DSL,true,true,true,true,false,true,One year,true,Electronic check,96.86,5908.46,true
CUST-02326,Female,0,false,true,60,false,true,Fiber optic,false,false,false,true,false,false,One year,true,Mailed check,84.26,5055.6,false
CUST-02327,Female,1,true,false,69,true,true,DSL,false,false,false,false,false,false,One year,true,Credit card (automatic),33.72,2326.68,false
CUST-02328,Female,0,true,true,22,false,false,DSL,false,false,false,true,true,false,Two year,false,Credit card (automatic),48.12,1058.64,false
CUST-02329,Female,0,true,false,33,false,true,No,true,true,true,false,false,false,Month-to-month,false,Credit card (automatic),82.39,2718.87,false
CUST-02330,Female,1,false,false,25,false,true,Fiber optic,true,false,true,false,true,false,Month-to-month,false,Credit card (automatic),88.67,2216.75,false
CUST-02331,Female,0,false,false,68,true,true,DSL,true,false,false,false,false,true,Month-to-month,true,Mailed check,87.88,5975.84,true
CUST-02332,Male,0,true,true,14,true,false,DSL,true,true,false,true,false,true,Month-to-month,true,Mailed check,71.2,996.8,true
CUST-02333,Female,0,true,true,43,false,false,No,true,true,false,false,false,false,Month-to-month,false,Credit card (automatic),58.39,2510.77,false
CUST-02334,Male,0,true,false,20,false,true,No,false,true,false,false,false,true,Month-to-month,false,Bank transfer (automatic),67.99,1359.8,false
CUST-02335,Male,0,false,true,52,false,true,No,false,true,false,false,false,false,One year,true,Mailed check,48.17,2504.84,false
CUST-02336,Male,0,true,true,48,false,false,No,false,true,true,true,false,true,One year,false,Mailed check,27.76,1332.48,false
CUST-02337,Female,0,false,false,12,true,true,Fiber optic,true,false,false,true,false,false,Two year,true,Bank transfer (automatic),31.95,383.4,false
CUST-02338,Male,0,false,true,3,true,true,Fiber optic,false,false,false,false,false,true,Two year,false,Bank transfer (automatic),62.89,188.67,false
CUST-02339,Male,0,false,false,64,false,false,No,true,true,false,true,false,true,Month-to-month,false,Credit card (automatic),116.59,7461.76,true
CUST-02340,Female,0,true,true,10,false,true,No,false,true,false,false,false,false,Month-to-month,false,Electronic check,88.95,889.5,false
CUST-02341,Female,0,false,false,30,false,false,DSL,true,false,false,false,false,false,One year,true,Credit card (automatic),60.41,1812.3,false
CUST-02342,Male,1,false,false,68,true,false,DSL,true,false,false,false,true,true,Month-to-month,true,Bank transfer (automatic),112.76,7667.68,false
CUST-02343,Female,0,false,true,7,false,false,No,false,false,false,false,true,true,One year,true,Electronic check,76.82,537.74,true
CUST-02344,Male,0,true,false,1,false,true,No,false,false,false,false,false,true,Month-to-month,false,Mailed check,103,103,false
CUST-02345,Female,0,true,true,72,true,true,No,true,false,false,true,false,false,Month-to-month,true,Mailed check,67.77,4879.44,false
CUST-02346,Male,0,false,false,17,false,true,Fiber optic,true,true,true,false,false,false,Month-to-month,true,Mailed check,104.85,1782.45,true
CUST-02347,Male,0,true,false,43,true,false,DSL,true,false,false,true,true,false,Month-to-month,true,Bank transfer (automatic),114.22,4911.46,false
CUST-02348,Female,1,false,false,59,true,false,DSL,true,false,true,true,true,false,Two year,false,Bank transfer (automatic),81.22,4791.98,false
CUST-02349,Female,0,true,true,44,false,false,Fiber optic,true,false,true,false,false,true,Two year,false,Bank transfer (automatic),58.83,2588.52,false
CUST-02350,Female,0,true,false,30,true,true,DSL,false,true,false,false,false,true,One year,false,Mailed check,92.61,2778.3,true
CUST-02351,Female,0,false,true,17,false,true,Fiber optic,true,true,true,false,false,true,Month-to-month,true,Mailed check,47.73,811.41,true
CUST-02352,Male,0,true,false,68,false,true,No,false,true,true,true,false,false,One year,false,Electronic check,90.56,6158.08,false
CUST-02353,Male,0,false,false,25,false,true,No,true,false,true,true,false,false,Two year,false,Credit card (automatic),30.54,763.5,false
CUST-02354,Male,0,true,false,63,false,true,DSL,true,false,false,false,false,false,Month-to-month,true,Electronic check,105.45,6643.35,true
CUST-02355,Male,0,true,true,7,false,true,Fiber optic,false,true,true,false,true,false,One year,true,Electronic check,56.88,398.16,false
CUST-02356,Female,0,false,false,51,true,true,DSL,true,false,true,true,false,false,Month-to-month,true,Electronic check,115.17,5873.67,false
CUST-02357,Male,0,true,true,27,true,true,No,false,false,false,true,true,false,One year,false,Electronic check,119.81,3234.87,false
CUST-02358,Female,0,true,false,10,true,false,DSL,true,false,false,true,true,false,One year,false,Mailed check,37.04,370.4,false
CUST-02359,Male,0,true,true,24,true,true,DSL,true,true,false,true,false,true,Month-to-month,true,Mailed check,20.04,480.96,true
CUST-02360,Female,0,true,false,60,true,false,No,true,true,false,false,false,false,Month-to-month,true,Electronic check,53.33,3199.8,false
CUST-02361,Female,0,true,true,30,false,false,No,false,false,false,false,false,true,One year,true,Credit card (automatic),104.2,3126,false
CUST-02362,Male,0,false,false,26,true,true,DSL,true,true,false,false,true,true,One year,true,Electronic check,58.82,1529.32,false
CUST-02363,Male,0,true,false,31,false,false,Fiber optic,true,false,false,false,true,true,One year,false,Mailed check,109.96,3408.76,false
CUST-02364,Male,1,true,false,19,false,false,No,false,true,true,false,false,true,Two year,false,Credit card (automatic),114.66,2178.54,false
CUST-02365,Female,0,false,false,51,true,false,DSL,true,true,false,false,true,true,Month-to-month,false,Mailed check,102.12,5208.12,false
CUST-02366,Female,0,false,true,15,true,false,Fiber optic,false,false,true,true,true,false,One year,false,Mailed check,85.31,1279.65,false
CUST-02367,Female,1,true,true,32,false,true,Fiber optic,true,true,false,false,true,true,One year,false,Electronic check,60.6,1939.2,true
CUST-02368,Male,0,true,false,2,true,true,Fiber optic,true,true,true,false,true,true,One year,true,Mailed check,30.84,61.68,false
CUST-02369,Female,1,false,false,68,true,true,No,true,true,false,true,true,true,Two year,false,Electronic check,98.02,6665.36,false
CUST-02370,Male,0,false,true,15,true,false,DSL,true,false,false,false,true,true,One year,true,Credit card (automatic),108.02,1620.3,false
CUST-02371,Male,0,true,true,70,true,false,Fiber optic,false,false,true,false,false,false,One year,true,Credit card (automatic),78.62,5503.4,false
CUST-02372,Male,1,true,false,23,false,false,Fiber optic,false,true,false,true,false,false,Two year,true,Mailed check,98.24,2259.52,false
CUST-02373,Female,0,false,true,41,false,false,DSL,true,true,true,false,true,true,One year,true,Credit card (automatic),48.92,2005.72,true
CUST-02374,Male,0,false,true,65,true,false,No,true,true,false,false,false,true,Two year,false,Bank transfer (automatic),44.73,2907.45,false
CUST-02375,Male,0,true,true,60,false,true,No,false,false,false,false,false,false,One year,true,Bank transfer (automatic),96.86,5811.6,false
CUST-02376,Female,0,false,false,59,true,true,No,true,true,false,true,false,false,Two year,false,Bank transfer (automatic),69.51,4101.09,false
CUST-02377,Female,0,true,false,36,true,false,Fiber optic,false,false,true,false,false,true,Month-to-month,true,Bank transfer (automatic),41.61,1497.96,false
CUST-02378,Female,0,false,false,41,false,false,Fiber optic,true,false,true,false,false,true,Two year,true,Bank transfer (automatic),79.12,3243.92,false
CUST-02379,Female,0,true,false,69,false,false,No,true,false,true,true,true,true,One year,false,Credit card (automatic),71.02,4900.38,true
CUST-02380,Male,0,true,false,41,true,false,No,true,false,false,false,false,true,Month-to-month,false,Electronic check,89.27,3660.07,true
CUST-02381,Male,0,true,true,70,false,true,Fiber optic,true,true,false,true,false,false,One year,true,Electronic check,21.76,1523.2,false
CUST-02382,Female,1,false,true,23,false,true,DSL,false,false,false,true,false,true,Month-to-month,false,Credit card (automatic),52.34,1203.82,false
CUST-02383,Female,0,false,true,2,true,true,DSL,false,false,true,true,false,false,Two year,true,Mailed check,86.74,173.48,false
CUST-02384,Male,0,false,true,13,true,true,Fiber optic,true,true,false,true,true,true,Month-to-month,false,Bank transfer (automatic),119.8,1557.4,false
CUST-02385,Female,0,true,false,11,true,true,Fiber optic,true,false,true,false,false,false,Month-to-month,true,Bank transfer (automatic),51.17,562.87,false
CUST-02386,Male,0,true,false,4,false,false,Fiber optic,true,true,true,true,true,true,Two year,true,Bank transfer (automatic),84.92,339.68,false
CUST-02387,Female,0,false,true,12,true,true,Fiber optic,false,false,true,false,false,false,Month-to-month,true,Bank transfer (automatic),30.75,369,false
CUST-02388,Female,0,true,false,50,true,false,DSL,true,false,false,true,true,true,One year,false,Electronic check,43.97,2198.5,true
CUST-02389,Female,1,false,false,16,false,false,No,true,true,false,false,true,true,Month-to-month,false,Electronic check,52.12,833.92,true
CUST-02390,Male,0,true,true,41,false,false,No,true,true,false,true,true,true,Two year,false,Mailed check,64.9,2660.9,false
CUST-02391,Female,1,true,true,61,true,true,DSL,false,false,true,false,true,true,Month-to-month,true,Bank transfer (automatic),85.74,5230.14,true
CUST-02392,Male,0,false,true,62,true,true,DSL,false,false,false,true,false,true,Two year,false,Bank transfer (automatic),92.76,5751.12,false
CUST-02393,Female,1,true,true,20,true,true,Fiber optic,false,false,false,true,false,true,One year,true,Credit card (automatic),67.94,1358.8,false
CUST-02394,Female,0,true,false,26,true,false,Fiber optic,true,false,false,false,false,false,One year,false,Bank transfer (automatic),112.9,2935.4,true
CUST-02395,Female,0,false,true,40,false,false,No,true,true,true,false,false,false,Two year,false,Mailed check,61.46,2458.4,false
CUST-02396,Female,0,true,false,26,false,true,Fiber optic,false,false,false,true,true,true,Two year,false,Credit card (automatic),20.57,534.82,false
CUST-02397,Male,0,true,false,19,false,true,Fiber optic,false,true,true,false,false,false,Month-to-month,false,Credit card (automatic),98.68,1874.92,true
CUST-02398,Female,1,false,false,14,true,false,Fiber optic,true,false,false,true,true,false,One year,false,Electronic check,119.44,1672.16,false
CUST-02399,Male,0,false,true,65,false,false,DSL,true,true,true,true,false,true,One year,true,Credit card (automatic),75.63,4915.95,false
CUST-02400,Female,0,false,false,5,true,false,Fiber optic,true,true,false,true,false,false,Month-to-month,false,Electronic check,113.99,569.95,false
CUST-02401,Female,0,true,false,64,true,true,No,true,true,false,true,true,false,Month-to-month,true,Mailed check,42.32,2708.48,false
CUST-02402,Female,0,false,true,16,false,true,DSL,true,false,true,true,true,false,Two year,false,Electronic check,57.69,923.04,false
CUST-02403,Male,0,true,false,25,false,true,Fiber optic,false,false,false,true,false,true,Month-to-month,true,Mailed check,36.61,915.25,false
CUST-02404,Male,0,true,false,16,false,true,No,true,true,false,false,false,true,One year,true,Credit card (automatic),40.11,641.76,true
CUST-02405,Female,0,true,true,9,true,false,DSL,false,true,true,true,false,true,One year,true,Electronic check,112.7,1014.3,false
CUST-02406,Female,1,false,false,34,false,true,Fiber optic,false,false,true,false,false,true,One year,true,Electronic check,93.19,3168.46,false
CUST-02407,Male,0,false,true,27,false,false,Fiber optic,true,false,true,true,false,false,Two year,true,Mailed check,95.25,2571.75,true
CUST-02408,Female,0,true,true,1,false,true,DSL,true,false,false,true,true,false,One year,true,Credit card (automatic),92.66,92.66,false
CUST-02409,Male,0,false,true,67,true,true,DSL,false,true,true,true,true,true,Two year,true,Credit card (automatic),63,4221,false
CUST-02410,Male,0,true,false,54,true,true,No,false,false,false,false,true,true,Two year,false,Bank transfer (automatic),52.18,2817.72,false
CUST-02411,Male,1,false,false,30,true,false,DSL,false,true,true,true,false,true,Month-to-month,false,Credit card (automatic),58.62,1758.6,false
CUST-02412,Male,0,true,false,60,false,true,DSL,false,true,true,false,false,false,One year,true,Bank transfer (automatic),81.39,4883.4,false
CUST-02413,Male,1,false,false,70,false,true,DSL,true,false,false,true,false,true,Month-to-month,false,Electronic check,28.06,1964.2,true
CUST-02414,Female,0,true,false,48,true,false,No,false,false,true,false,true,false,One year,false,Electronic check,112.75,5412,true
CUST-02415,Female,1,true,false,70,true,false,No,false,false,false,true,false,true,Two year,false,Mailed check,102.78,7194.6,false
CUST-02416,Female,0,false,true,49,true,false,DSL,false,true,false,true,false,true,Two year,true,Credit card (automatic),55.72,2730.28,false
CUST-02417,Male,0,true,false,72,true,true,Fiber optic,false,false,false,false,true,false,Month-to-month,true,Bank transfer (automatic),93.66,6743.52,false
CUST-02418,Male,0,false,false,28,true,false,Fiber optic,false,false,false,false,true,false,Month-to-month,false,Bank transfer (automatic),104.33,2921.24,false
CUST-02419,Female,0,true,true,41,false,true,Fiber optic,false,true,false,false,false,true,Two year,false,Mailed check,44.4,1820.4,false
CUST-02420,Female,1,true,true,31,false,true,No,false,false,true,false,false,true,One year,false,Mailed check,113.88,3530.28,false
CUST-02421,Female,0,true,true,40,false,false,DSL,false,true,false,false,false,true,Month-to-month,false,Bank transfer (automatic),39.8,1592,true
CUST-02422,Female,0,false,false,61,true,true,Fiber optic,true,true,true,false,true,true,One year,false,Bank transfer (automatic),42.16,2571.76,true
CUST-02423,Male,0,true,true,32,false,true,DSL,false,false,false,true,false,true,One year,false,Electronic check,59.34,1898.88,true
CUST-02424,Male,0,false,false,7,false,true,No,true,true,false,false,false,false,Two year,true,Mailed check,86.52,605.64,true
CUST-02425,Female,0,false,false,21,true,false,DSL,true,true,true,true,false,true,Month-to-month,false,Credit card (automatic),29.23,613.83,true
CUST-02426,Female,0,false,true,27,true,false,Fiber optic,false,true,false,true,false,true,Month-to-month,false,Electronic check,59.11,1595.97,true
CUST-02427,Female,0,false,false,38,false,true,No,true,false,false,true,false,false,Two year,true,Bank transfer (automatic),40.6,1542.8,true
CUST-02428,Female,0,true,true,49,false,false,Fiber optic,true,true,true,false,false,true,One year,true,Mailed check,100.44,4921.56,false
CUST-02429,Male,0,true,false,11,true,true,No,false,true,false,true,true,true,One year,true,Bank transfer (automatic),45.08,495.88,false
CUST-02430,Female,0,true,true,57,false,true,No,true,false,true,true,true,true,One year,false,Mailed check,117.84,6716.88,false
CUST-02431,Male,0,true,true,67,true,true,Fiber optic,true,true,false,true,true,true,One year,false,Bank transfer (automatic),78.84,5282.28,false
CUST-02432,Male,1,true,true,10,false,true,Fiber optic,true,true,true,false,false,true,One year,false,Electronic check,56.69,566.9,false
CUST-02433,Female,0,false,false,22,true,false,DSL,true,false,false,false,false,false,One year,true,Electronic check,96.38,2120.36,false
CUST-02434,Male,0,true,true,58,false,false,No,false,false,false,false,false,false,Two year,true,Bank transfer (automatic),69.7,4042.6,false
CUST-02435,Male,1,false,false,23,false,true,Fiber optic,true,false,false,false,true,false,Month-to-month,false,Bank transfer (automatic),46.88,1078.24,true
CUST-02436,Female,1,false,false,43,true,true,Fiber optic,false,true,true,true,false,false,Two year,false,Bank transfer (automatic),30.18,1297.74,false
CUST-02437,Male,1,true,false,39,false,true,DSL,false,true,false,false,false,false,One year,true,Bank transfer (automatic),95.08,3708.12,true
CUST-02438,Female,0,false,false,50,false,false,No,false,false,false,true,true,false,One year,false,Electronic check,108.89,5444.5,false
CUST-02439,Female,0,true,false,14,true,false,Fiber optic,false,false,true,false,false,false,Month-to-month,true,Bank transfer (automatic),61.64,862.96,true
CUST-02440,Female,0,false,false,52,true,true,Fiber optic,false,false,false,false,false,false,One year,true,Bank transfer (automatic),96.82,5034.64,false
CUST-02441,Male,0,true,true,8,true,false,DSL,true,false,true,true,false,false,One year,false,Bank transfer (automatic),115.67,925.36,true
CUST-02442,Female,0,false,true,16,true,true,DSL,true,false,false,false,false,false,Two year,true,Electronic check,64.07,1025.12,false
CUST-02443,Female,0,false,true,29,true,true,No,true,true,false,true,true,false,Month-to-month,false,Mailed check,66.75,1935.75,false
CUST-02444,Male,0,true,true,62,true,true,No,true,false,false,true,false,true,Two year,true,Credit card (automatic),22.58,1399.96,false
CUST-02445,Male,0,true,true,14,true,false,DSL,false,false,false,true,true,false,Two year,true,Bank transfer (automatic),108.87,1524.18,false
CUST-02446,Male,0,false,false,20,false,true,DSL,true,false,false,true,false,true,Two year,false,Bank transfer (automatic),36.5,730,false
CUST-02447,Male,0,false,true,50,false,true,No,true,false,false,true,false,true,Month-to-month,false,Bank transfer (automatic),70.77,3538.5,false
CUST-02448,Male,0,true,false,72,true,false,Fiber optic,true,false,true,false,true,false,Two year,false,Credit card (automatic),59.01,4248.72,false
CUST-02449,Female,0,false,true,53,false,false,DSL,false,true,true,false,true,true,One year,false,Mailed check,54.22,2873.66,false
CUST-02450,Male,1,true,true,46,true,true,DSL,false,true,false,false,true,true,Two year,false,Electronic check,92.44,4252.24,false
CUST-02451,Female,0,true,false,41,true,false,Fiber optic,true,false,true,true,true,true,Month-to-month,true,Mailed check,107.06,4389.46,false
CUST-02452,Male,0,true,true,20,true,false,DSL,false,true,false,true,true,false,One year,true,Credit card (automatic),116.85,2337,false
CUST-02453,Male,0,true,true,25,false,false,Fiber optic,true,false,true,true,true,false,One year,true,Electronic check,101.53,2538.25,true
CUST-02454,Female,0,true,true,23,false,false,DSL,true,true,true,false,false,false,Two year,false,Mailed check,47.88,1101.24,false
CUST-02455,Male,0,false,true,9,false,false,Fiber optic,false,true,true,true,false,true,One year,false,Bank transfer (automatic),40.94,368.46,false
CUST-02456,Male,0,false,false,42,false,false,Fiber optic,true,true,false,true,true,false,Month-to-month,false,Electronic check,98.76,4147.92,false
CUST-02457,Male,0,false,true,19,false,true,Fiber optic,true,false,false,true,false,true,Month-to-month,true,Bank transfer (automatic),47.43,901.17,false
CUST-02458,Male,0,false,false,1,true,true,No,true,true,true,false,true,true,Two year,true,Mailed check,26.27,26.27,false
CUST-02459,Female,0,true,false,9,true,false,DSL,false,false,true,true,false,false,Month-to-month,false,Credit card (automatic),40.67,366.03,true
CUST-02460,Male,0,false,false,29,false,false,DSL,true,true,false,true,false,true,Month-to-month,false,Electronic check,84.25,2443.25,true
CUST-02461,Male,0,true,true,15,false,false,DSL,false,true,false,true,false,true,One year,true,Credit card (automatic),42.43,636.45,false
CUST-02462,Male,0,false,false,68,true,false,No,false,false,true,false,false,false,Month-to-month,false,Electronic check,109.16,7422.88,true
CUST-02463,Male,0,false,false,47,true,true,DSL,false,false,true,true,true,false,Two year,true,Electronic check,95.25,4476.75,false
CUST-02464,Male,0,true,true,25,true,false,Fiber optic,true,true,false,true,true,true,Month-to-month,true,Bank transfer (automatic),44.7,1117.5,true
CUST-02465,Male,1,false,true,59,false,false,No,true,false,true,true,true,false,One year,true,Credit card (automatic),103.99,6135.41,false
CUST-02466,Female,0,false,true,55,true,true,Fiber optic,true,true,false,false,true,true,One year,false,Bank transfer (automatic),90.79,4993.45,false
CUST-02467,Female,0,true,true,57,true,true,No,false,false,false,false,true,false,Month-to-month,false,Electronic check,38.69,2205.33,false
CUST-02468,Female,0,true,false,13,false,false,Fiber optic,false,true,false,false,true,false,Month-to-month,true,Mailed check,61.98,805.74,false
CUST-02469,Female,0,false,true,55,false,true,DSL,true,true,false,false,false,false,Month-to-month,false,Bank transfer (automatic),116.48,6406.4,true
CUST-02470,Male,0,true,false,27,false,false,Fiber optic,false,true,false,false,false,true,One year,true,Mailed check,77.47,2091.69,false
CUST-02471,Male,0,true,true,50,true,true,Fiber optic,false,false,false,false,true,false,One year,false,Electronic check,103.56,5178,false
CUST-02472,Female,1,false,true,17,true,true,No,true,false,false,false,false,true,Two year,true,Electronic check,31.47,534.99,true
CUST-02473,Female,0,false,false,56,true,true,DSL,true,true,true,true,true,false,Month-to-month,true,Bank transfer (automatic),114.15,6392.4,false
CUST-02474,Female,1,true,false,43,false,true,DSL,false,false,false,true,true,false,One year,false,Credit card (automatic),91.93,3952.99,false
CUST-02475,Female,0,false,false,57,true,true,Fiber optic,false,true,false,false,false,true,One year,false,Electronic check,116.9,6663.3,false
CUST-02476,Male,0,false,true,63,true,true,No,false,false,true,true,false,false,Month-to-month,true,Mailed check,43.73,2754.99,false
CUST-02477,Female,0,true,true,15,false,false,Fiber optic,true,false,false,false,true,false,Month-to-month,true,Credit card (automatic),61.08,916.2,true
CUST-02478,Female,0,true,false,65,false,true,Fiber optic,false,false,true,true,false,false,One year,true,Credit card (automatic),44.59,2898.35,false
CUST-02479,Female,1,true,false,14,true,false,Fiber optic,false,false,true,false,true,false,Month-to-month,true,Bank transfer (automatic),61.75,864.5,true
CUST-02480,Female,0,true,false,41,true,false,Fiber optic,false,true,true,true,true,false,Two year,true,Mailed check,44.56,1826.96,false
CUST-02481,Male,0,true,false,13,false,true,No,false,true,true,false,true,true,One year,true,Credit card (automatic),54.06,702.78,false
CUST-02482,Male,1,true,false,55,true,true,No,true,false,false,false,true,false,One year,false,Mailed check,100.56,5530.8,true
CUST-02483,Male,0,false,false,18,true,true,No,false,true,true,false,true,false,One year,true,Bank transfer (automatic),116.9,2104.2,false
CUST-02484,Female,1,false,false,50,true,false,Fiber optic,true,true,true,true,true,true,Two year,true,Bank transfer (automatic),32.39,1619.5,false
CUST-02485,Female,0,false,false,71,false,false,Fiber optic,false,true,true,false,true,false,Two year,true,Mailed check,69.38,4925.98,false
CUST-02486,Male,0,true,true,2,false,true,DSL,true,true,true,false,false,true,One year,false,Bank transfer (automatic),28.54,57.08,true
CUST-02487,Female,0,true,false,27,true,true,Fiber optic,true,false,false,false,false,false,Month-to-month,true,Electronic check,101.54,2741.58,true
CUST-02488,Male,0,true,true,60,true,true,Fiber optic,true,true,true,false,true,true,One year,true,Electronic check,34.85,2091,false
CUST-02489,Male,0,true,true,23,false,false,No,true,true,false,false,true,false,Two year,true,Electronic check,114.47,2632.81,true
CUST-02490,Male,1,true,true,19,true,true,No,true,false,true,true,true,true,Month-to-month,true,Bank transfer (automatic),41.39,786.41,true
CUST-02491,Male,0,true,true,22,false,false,Fiber optic,true,false,true,true,true,false,Two year,false,Mailed check,49.52,1089.44,true
CUST-02492,Female,0,false,true,27,true,true,Fiber optic,true,true,true,true,true,true,Two year,true,Mailed check,88,2376,false
CUST-02493,Female,0,false,true,21,true,false,DSL,true,false,false,true,true,true,One year,false,Mailed check,108.39,2276.19,false
CUST-02494,Female,0,true,false,32,true,false,Fiber optic,true,true,true,true,true,true,Month-to-month,true,Electronic check,112.36,3595.52,false
CUST-02495,Female,0,false,false,25,false,false,No,true,true,true,false,false,false,One year,true,Mailed check,46.79,1169.75,false
CUST-02496,Female,0,true,false,46,false,false,Fiber optic,false,false,true,false,false,false,Month-to-month,false,Credit card (automatic),105.49,4852.54,true
CUST-02497,Male,0,false,false,55,false,true,DSL,true,true,true,false,false,true,Two year,true,Bank transfer (automatic),35.1,1930.5,false
CUST-02498,Female,0,false,true,13,true,true,DSL,true,false,true,true,false,true,Month-to-month,false,Bank transfer (automatic),97.8,1271.4,true
CUST-02499,Female,0,true,true,51,true,false,DSL,true,false,false,false,true,false,One year,false,Electronic check,36.65,1869.15,false
CUST-02500,Female,0,false,false,12,false,false,Fiber optic,false,true,false,false,false,true,Month-to-month,false,Electronic check,112.64,1351.68,false
CUST-02501,Male,0,false,true,45,true,true,No,true,true,false,false,true,false,One year,false,Mailed check,52.2,2349,true
CUST-02502,Female,0,true,true,60,false,false,No,true,false,true,false,true,true,One year,false,Electronic check,50.06,3003.6,false
CUST-02503,Female,0,false,false,16,false,true,Fiber optic,false,false,false,true,true,true,Two year,false,Electronic check,59,944,false
CUST-02504,Female,0,false,false,13,true,false,Fiber optic,false,true,false,true,true,true,Two year,true,Mailed check,68.14,885.82,false
CUST-02505,Female,0,false,false,66,true,true,No,false,true,true,false,true,false,One year,true,Credit card (automatic),95.44,6299.04,false
CUST-02506,Male,0,false,true,46,true,true,Fiber optic,false,true,false,false,true,true,One year,true,Mailed check,90.5,4163,false
CUST-02507,Female,0,true,false,16,true,false,No,true,false,true,false,true,false,Two year,false,Electronic check,99.53,1592.48,false
CUST-02508,Male,0,true,true,3,true,false,No,true,true,false,false,false,false,Two year,false,Credit card (automatic),73.11,219.33,false
CUST-02509,Female,0,false,false,54,false,false,DSL,true,false,false,true,false,false,Two year,false,Bank transfer (automatic),73.01,3942.54,false
CUST-02510,Male,1,false,true,12,true,false,DSL,false,false,true,true,false,false,One year,false,Credit card (automatic),45.17,542.04,false
CUST-02511,Male,1,true,false,15,true,false,Fiber optic,false,false,true,true,true,false,Two year,false,Credit card (automatic),52.06,780.9,false
CUST-02512,Female,0,true,true,71,false,true,DSL,true,true,false,false,true,false,Month-to-month,false,Bank transfer (automatic),53.97,3831.87,false
CUST-02513,Female,0,false,true,43,true,false,No,true,false,true,false,false,true,Two year,true,Electronic check,90.99,3912.57,false
CUST-02514,Female,0,true,false,42,false,true,Fiber optic,true,false,true,true,false,false,Month-to-month,true,Mailed check,114.4,4804.8,true
CUST-02515,Male,0,true,false,39,true,true,DSL,false,true,true,false,false,false,One year,false,Electronic check,85.21,3323.19,false
CUST-02516,Female,0,false,false,52,false,false,Fiber optic,false,false,false,true,false,true,Two year,true,Electronic check,116.68,6067.36,false
CUST-02517,Female,0,true,true,57,false,true,Fiber optic,true,false,false,false,true,false,One year,false,Electronic check,111.38,6348.66,true
CUST-02518,Male,0,false,false,50,true,true,Fiber optic,true,true,true,true,true,false,Month-to-month,true,Mailed check,90.33,4516.5,false
CUST-02519,Female,0,true,true,65,true,false,DSL,true,true,false,false,true,false,Two year,true,Bank transfer (automatic),20.72,1346.8,false
CUST-02520,Female,0,true,true,68,true,true,DSL,true,false,false,true,true,false,Two year,true,Electronic check,22.66,1540.88,false
CUST-02521,Male,0,true,false,10,false,false,Fiber optic,true,false,false,true,true,false,Two year,false,Bank transfer (automatic),86.66,866.6,false
CUST-02522,Male,0,false,true,16,false,true,Fiber optic,false,false,false,false,true,true,Two year,false,Bank transfer (automatic),112.7,1803.2,false
CUST-02523,Female,0,true,true,37,false,true,DSL,false,false,false,true,false,true,Two year,false,Bank transfer (automatic),100.42,3715.54,false
CUST-02524,Female,0,false,true,42,true,true,DSL,false,true,false,false,true,true,Two year,true,Credit card (automatic),107.78,4526.76,false
CUST-02525,Male,0,false,false,18,false,true,DSL,false,false,false,true,true,true,Month-to-month,false,Mailed check,25.82,464.76,false
CUST-02526,Female,0,false,false,35,true,true,Fiber optic,false,false,true,true,false,false,Two year,true,Bank transfer (automatic),112.03,3921.05,false
CUST-02527,Male,1,false,true,59,true,true,Fiber optic,true,false,true,false,false,true,Month-to-month,false,Bank transfer (automatic),48.71,2873.89,false
CUST-02528,Male,1,true,true,39,false,true,Fiber optic,false,false,false,false,false,true,Two year,false,Electronic check,118.31,4614.09,true
CUST-02529,Male,0,false,false,57,false,true,DSL,true,false,false,false,true,false,One year,false,Electronic check,44.43,2532.51,false
CUST-02530,Female,0,false,true,25,true,false,Fiber optic,true,false,false,true,false,true,Month-to-month,false,Electronic check,50.73,1268.25,false
CUST-02531,Male,0,true,true,28,true,true,No,false,true,true,false,false,true,One year,false,Electronic check,98.86,2768.08,false
CUST-02532,Female,1,false,true,40,true,true,DSL,true,false,false,false,true,true,Month-to-month,false,Bank transfer (automatic),21.18,847.2,false
CUST-02533,Female,0,false,false,47,true,false,Fiber optic,false,true,false,true,true,true,One year,false,Bank transfer (automatic),60.42,2839.74,false
CUST-02534,Male,0,false,false,22,false,false,Fiber optic,true,false,false,false,false,false,Two year,false,Mailed check,33.17,729.74,false
CUST-02535,Female,0,false,false,67,true,false,No,true,false,true,false,false,true,One year,false,Electronic check,75.45,5055.15,false
CUST-02536,Female,1,false,true,36,true,true,Fiber optic,true,false,false,true,true,true,Two year,true,Bank transfer (automatic),95.12,3424.32,false
CUST-02537,Female,0,true,false,72,false,true,DSL,false,true,false,false,false,false,One year,true,Electronic check,95.82,6899.04,false
CUST-02538,Female,0,false,false,8,false,false,Fiber optic,false,true,true,false,false,false,One year,false,Bank transfer (automatic),36.35,290.8,false
CUST-02539,Female,0,false,true,30,false,false,DSL,false,true,false,false,true,true,One year,false,Credit card (automatic),110.07,3302.1,true
CUST-02540,Female,0,false,true,3,true,true,No,true,false,true,true,false,false,Two year,false,Mailed check,114.32,342.96,false
CUST-02541,Male,1,true,false,17,false,false,DSL,true,true,true,false,false,true,Two year,true,Mailed check,40.1,681.7,false
CUST-02542,Female,0,false,false,62,true,true,No,false,true,true,true,true,false,Two year,true,Electronic check,21.79,1350.98,false
CUST-02543,Male,0,false,true,63,true,false,Fiber optic,false,false,false,false,false,true,Month-to-month,false,Electronic check,103.29,6507.27,true
CUST-02544,Male,0,false,true,35,true,true,Fiber optic,true,false,false,false,false,true,One year,true,Electronic check,74.01,2590.35,false
CUST-02545,Female,0,true,false,21,false,true,No,true,false,true,false,false,true,One year,false,Bank transfer (automatic),24.42,512.82,true
CUST-02546,Male,0,true,false,5,false,false,Fiber optic,false,true,true,false,true,true,One year,false,Credit card (automatic),99.2,496,false
CUST-02547,Male,0,false,true,48,true,false,Fiber optic,false,true,true,true,false,false,Month-to-month,true,Electronic check,53.23,2555.04,false
CUST-02548,Female,0,false,true,5,true,false,Fiber optic,false,true,false,false,false,false,Two year,true,Bank transfer (automatic),76.99,384.95,false
CUST-02549,Female,0,true,true,23,true,false,Fiber optic,false,true,false,true,false,false,One year,true,Credit card (automatic),42.47,976.81,false
CUST-02550,Male,0,false,true,15,true,true,DSL,true,true,true,false,true,false,Two year,true,Bank transfer (automatic),53.05,795.75,false
CUST-02551,Female,0,true,true,4,true,false,No,false,true,false,true,true,false,Month-to-month,false,Electronic check,98.97,395.88,false
CUST-02552,Female,1,false,true,63,false,false,Fiber optic,false,false,false,false,false,false,Two year,true,Bank transfer (automatic),34.96,2202.48,false
CUST-02553,Male,0,false,false,57,true,true,Fiber optic,false,true,true,false,true,true,Two year,true,Bank transfer (automatic),90.03,5131.71,false
CUST-02554,Male,0,true,true,60,false,true,No,true,false,false,true,false,true,Two year,false,Electronic check,101.26,6075.6,false
CUST-02555,Male,0,true,true,70,true,false,DSL,true,true,true,false,true,true,Month-to-month,true,Credit card (automatic),37.1,2597,true
CUST-02556,Female,0,true,true,17,true,true,Fiber optic,true,true,false,false,false,false,Two year,false,Bank transfer (automatic),96.51,1640.67,false
CUST-02557,Female,0,true,false,61,true,true,Fiber optic,false,true,true,false,true,false,Two year,false,Mailed check,118.83,7248.63,false
CUST-02558,Male,0,true,true,63,false,true,Fiber optic,false,false,false,true,true,false,Two year,true,Bank transfer (automatic),86.69,5461.47,false
CUST-02559,Male,0,true,false,56,false,false,Fiber optic,true,true,true,true,true,true,One year,true,Credit card (automatic),93.39,5229.84,true
CUST-02560,Male,0,false,true,28,false,true,DSL,false,false,false,true,false,false,One year,true,Credit card (automatic),57.37,1606.36,false
CUST-02561,Female,0,false,false,23,false,true,DSL,true,true,false,true,true,true,Month-to-month,true,Bank transfer (automatic),72.46,1666.58,false
CUST-02562,Male,0,true,false,50,false,false,Fiber optic,true,true,false,false,false,true,One year,true,Mailed check,23.45,1172.5,true
CUST-02563,Female,0,true,true,69,true,false,Fiber optic,true,false,true,true,true,false,Month-to-month,false,Mailed check,43.83,3024.27,false
CUST-02564,Female,0,true,false,32,true,false,Fiber optic,false,false,true,true,true,false,Month-to-month,true,Credit card (automatic),75.47,2415.04,true
CUST-02565,Male,0,true,true,14,false,true,DSL,true,true,false,true,false,true,Two year,false,Credit card (automatic),67.25,941.5,false
CUST-02566,Female,0,true,false,3,false,true,DSL,false,false,true,true,false,true,One year,true,Bank transfer (automatic),40.69,122.07,false
CUST-02567,Male,0,true,true,33,false,true,No,false,false,false,false,true,false,Month-to-month,true,Mailed check,56.52,1865.16,true
CUST-02568,Female,1,true,false,6,true,true,Fiber optic,true,false,true,false,true,false,Two year,false,Bank transfer (automatic),64.42,386.52,false
CUST-02569,Male,0,false,false,19,true,false,Fiber optic,false,false,true,false,true,true,Two year,false,Credit card (automatic),48.22,916.18,false
CUST-02570,Male,0,false,true,47,true,true,DSL,false,true,false,false,true,true,Month-to-month,true,Electronic check,43.53,2045.91,false
CUST-02571,Female,0,false,false,34,true,true,No,true,false,true,false,false,true,Month-to-month,false,Electronic check,25.53,868.02,true
CUST-02572,Male,0,true,true,70,false,true,DSL,false,true,true,true,false,false,Two year,false,Electronic check,27.79,1945.3,false
CUST-02573,Female,1,true,true,55,true,false,Fiber optic,false,true,false,false,true,false,Two year,false,Credit card (automatic),39.77,2187.35,false
CUST-02574,Male,0,true,false,44,false,true,DSL,true,true,false,true,false,true,Two year,false,Mailed check,55.17,2427.48,false
CUST-02575,Male,0,true,true,54,true,false,Fiber optic,true,true,true,false,false,false,One year,false,Electronic check,59.12,3192.48,false
CUST-02576,Male,0,false,false,49,false,false,Fiber optic,false,false,true,false,true,true,Two year,true,Bank transfer (automatic),59.77,2928.73,false
CUST-02577,Male,0,false,true,52,false,false,Fiber optic,false,true,true,true,true,false,Two year,false,Mailed check,74.57,3877.64,false
CUST-02578,Male,0,true,true,48,false,true,No,false,false,true,true,false,true,Two year,false,Mailed check,101.41,4867.68,false
CUST-02579,Male,0,false,false,47,true,false,No,true,false,true,false,true,false,Two year,true,Bank transfer (automatic),114.69,5390.43,false
CUST-02580,Female,0,false,false,48,true,false,DSL,true,true,false,false,false,true,One year,false,Credit card (automatic),87.08,4179.84,false
CUST-02581,Female,0,true,false,66,false,true,DSL,true,false,true,true,true,false,One year,true,Credit card (automatic),86.02,5677.32,false
CUST-02582,Female,1,false,true,65,false,true,Fiber optic,false,true,false,true,false,false,Two year,true,Electronic check,27.21,1768.65,false
CUST-02583,Male,0,false,true,65,true,false,No,true,false,true,false,true,false,Month-to-month,false,Credit card (automatic),90.56,5886.4,false
CUST-02584,Female,0,true,true,49,false,true,DSL,true,true,false,true,true,false,One year,true,Electronic check,109.07,5344.43,false
CUST-02585,Male,0,true,true,23,false,false,Fiber optic,false,false,false,false,false,true,Month-to-month,false,Credit card (automatic),84.94,1953.62,false
CUST-02586,Male,0,true,false,25,true,true,No,false,false,true,false,true,false,One year,true,Mailed check,27.39,684.75,true
CUST-02587,Female,0,false,false,35,true,true,Fiber optic,true,false,false,false,true,true,One year,false,Credit card (automatic),59.49,2082.15,false
CUST-02588,Female,0,false,false,34,false,true,No,true,true,false,true,true,false,Two year,false,Credit card (automatic),109.15,3711.1,false
CUST-02589,Female,1,true,true,65,true,false,No,true,true,false,false,true,false,Month-to-month,false,Bank transfer (automatic),88.97,5783.05,true
CUST-02590,Male,0,true,true,24,true,true,DSL,true,true,false,false,false,true,One year,false,Bank transfer (automatic),48.21,1157.04,false
CUST-02591,Male,0,false,false,38,true,false,No,true,true,true,false,true,true,Month-to-month,false,Bank transfer (automatic),75.27,2860.26,true
CUST-02592,Female,0,true,false,14,false,true,No,false,false,false,true,true,true,Month-to-month,false,Bank transfer (automatic),93.43,1308.02,true
CUST-02593,Male,1,true,true,10,true,true,Fiber optic,false,true,false,false,true,true,One year,true,Mailed check,60.8,608,false
CUST-02594,Female,0,false,true,22,false,true,Fiber optic,false,false,false,true,true,false,One year,true,Mailed check,40.92,900.24,false
CUST-02595,Male,1,true,false,18,false,false,Fiber optic,false,false,true,true,true,true,One year,false,Bank transfer (automatic),84.77,1525.86,false
CUST-02596,Male,0,false,true,63,true,true,DSL,true,true,false,true,true,false,Month-to-month,false,Credit card (automatic),79.28,4994.64,false
CUST-02597,Male,1,true,true,64,true,false,Fiber optic,false,true,true,true,false,false,One year,false,Bank transfer (automatic),68.09,4357.76,false
CUST-02598,Male,0,false,false,6,true,true,Fiber optic,false,true,false,true,true,false,Two year,false,Electronic check,70.48,422.88,false
CUST-02599,Male,1,false,true,31,true,true,No,false,true,true,false,true,true,Month-to-month,true,Bank transfer (automatic),105.81,3280.11,false
CUST-02600,Female,0,true,true,33,false,true,Fiber optic,true,true,false,true,true,false,One year,false,Mailed check,57.2,1887.6,false
CUST-02601,Female,0,true,true,41,false,true,Fiber optic,true,false,true,true,true,false,One year,true,Credit card (automatic),37.36,1531.76,true
CUST-02602,Male,1,true,false,43,true,true,No,false,false,false,true,true,false,Month-to-month,true,Electronic check,31.24,1343.32,true
CUST-02603,Female,0,true,true,9,false,true,Fiber optic,false,true,false,false,true,true,One year,false,Electronic check,92.24,830.16,false
CUST-02604,Female,0,false,false,56,true,false,Fiber optic,false,true,false,true,false,false,Two year,false,Bank transfer (automatic),61.47,3442.32,false
CUST-02605,Male,1,false,false,44,false,false,DSL,false,true,false,true,true,false,Two year,false,Mailed check,95.19,4188.36,false
CUST-02606,Male,0,true,true,1,false,false,Fiber optic,true,false,true,false,false,true,Month-to-month,false,Bank transfer (automatic),81.98,81.98,false
CUST-02607,Female,1,true,false,40,false,true,No,true,true,true,true,false,true,Month-to-month,false,Mailed check,108.38,4335.2,false
CUST-02608,Female,1,false,false,19,false,false,DSL,false,false,false,false,false,false,Two year,false,Mailed check,106.66,2026.54,false
CUST-02609,Male,0,true,false,26,false,true,DSL,false,false,true,false,false,false,One year,true,Mailed check,74.79,1944.54,false
CUST-02610,Male,1,true,false,59,true,false,No,true,true,true,false,true,true,Two year,false,Bank transfer (automatic),77.24,4557.16,false
CUST-02611,Female,0,false,true,55,false,false,Fiber optic,false,false,true,true,true,false,Month-to-month,true,Credit card (automatic),111.22,6117.1,false
CUST-02612,Female,0,false,false,52,true,false,Fiber optic,false,true,true,true,false,true,One year,true,Credit card (automatic),77.49,4029.48,false
CUST-02613,Male,0,true,false,44,false,false,Fiber optic,true,false,true,false,false,true,One year,true,Mailed check,68.14,2998.16,false
CUST-02614,Female,0,true,false,27,true,true,No,true,false,true,true,true,true,Month-to-month,true,Credit card (automatic),69.08,1865.16,false
CUST-02615,Male,0,false,true,20,true,true,No,true,true,false,false,true,true,One year,true,Credit card (automatic),113.05,2261,false
CUST-02616,Female,0,false,true,43,true,false,DSL,true,false,true,false,false,false,Month-to-month,true,Bank transfer (automatic),35.52,1527.36,true
CUST-02617,Female,1,true,false,45,false,false,No,false,false,true,false,true,true,Month-to-month,false,Credit card (automatic),103.02,4635.9,true
CUST-02618,Female,0,false,false,50,false,false,DSL,false,true,true,false,true,false,One year,false,Electronic check,84.13,4206.5,false
CUST-02619,Female,0,false,false,28,false,false,Fiber optic,false,false,false,false,true,false,One year,true,Mailed check,51.8,1450.4,false
CUST-02620,Male,0,true,false,48,true,false,DSL,false,false,true,false,false,true,One year,true,Mailed check,77.51,3720.48,false
CUST-02621,Male,0,true,false,17,true,true,Fiber optic,false,true,false,true,true,true,One year,false,Mailed check,69.23,1176.91,false
CUST-02622,Female,0,false,true,37,true,false,Fiber optic,false,false,false,true,true,false,One year,true,Credit card (automatic),116.72,4318.64,false
CUST-02623,Female,1,true,false,4,true,false,No,false,true,false,true,true,true,One year,true,Credit card (automatic),30.69,122.76,false
CUST-02624,Male,0,false,false,56,true,false,Fiber optic,true,false,true,false,true,false,One year,true,Credit card (automatic),74.14,4151.84,true
CUST-02625,Male,0,true,false,65,false,true,DSL,false,true,true,true,true,false,Two year,true,Bank transfer (automatic),46.25,3006.25,false
CUST-02626,Male,0,true,false,3,false,false,No,false,false,true,false,true,false,Month-to-month,false,Electronic check,95.29,285.87,false
CUST-02627,Female,0,true,true,57,true,false,DSL,false,false,false,false,true,true,Two year,false,Electronic check,81.69,4656.33,false
CUST-02628,Female,0,false,true,25,true,false,No,false,true,false,true,false,false,Month-to-month,false,Mailed check,113.18,2829.5,false
CUST-02629,Male,1,false,true,13,true,false,DSL,false,true,false,true,false,false,Month-to-month,true,Bank transfer (automatic),113.07,1469.91,true
CUST-02630,Male,0,true,false,62,false,true,DSL,true,false,true,true,false,true,One year,true,Credit card (automatic),93.59,5802.58,true
CUST-02631,Female,0,false,true,22,false,true,Fiber optic,false,false,true,true,true,false,Two year,false,Credit card (automatic),88.99,1957.78,false
CUST-02632,Female,0,false,false,32,false,true,No,true,true,false,false,true,false,Month-to-month,true,Mailed check,25.51,816.32,false
CUST-02633,Female,0,false,false,58,false,false,No,false,false,true,true,true,true,Two year,false,Electronic check,110.44,6405.52,false
CUST-02634,Female,0,false,true,30,false,false,No,false,false,false,false,true,true,Month-to-month,true,Credit card (automatic),82.99,2489.7,true
CUST-02635,Female,0,true,false,19,false,true,No,false,true,false,false,true,true,One year,true,Mailed check,24.69,469.11,false
CUST-02636,Male,1,false,true,26,true,false,No,true,false,false,true,true,true,Two year,true,Mailed check,107.87,2804.62,false
CUST-02637,Male,0,true,true,52,true,false,No,true,false,false,true,false,false,One year,true,Bank transfer (automatic),66.02,3433.04,false
CUST-02638,Male,1,false,false,65,true,true,DSL,true,false,false,false,false,false,One year,true,Credit card (automatic),96.35,6262.75,false
CUST-02639,Male,0,true,false,5,false,true,DSL,true,false,true,false,true,true,Two year,true,Credit card (automatic),58.95,294.75,false
CUST-02640,Female,0,false,false,38,true,false,No,false,false,true,false,true,false,Month-to-month,false,Electronic check,66.41,2523.58,false
CUST-02641,Female,1,false,false,46,false,true,No,false,false,true,true,false,true,One year,false,Mailed check,73.08,3361.68,false
CUST-02642,Male,0,true,false,16,true,true,DSL,false,true,false,true,false,true,Two year,false,Credit card (automatic),27.03,432.48,false
CUST-02643,Female,0,false,true,55,false,true,Fiber optic,false,true,false,true,true,false,One year,false,Bank transfer (automatic),101.47,5580.85,true
CUST-02644,Female,0,true,true,36,false,true,DSL,false,true,false,false,false,true,One year,false,Bank transfer (automatic),55.87,2011.32,false
CUST-02645,Male,0,false,true,1,true,true,DSL,false,false,true,true,true,false,Two year,false,Electronic check,72.18,72.18,true
CUST-02646,Female,0,false,true,19,true,true,DSL,false,true,false,false,false,false,Month-to-month,true,Bank transfer (automatic),109.91,2088.29,false
CUST-02647,Female,0,true,true,9,false,false,No,false,true,false,false,true,false,One year,false,Bank transfer (automatic),109.23,983.07,false
CUST-02648,Male,0,true,true,10,true,false,DSL,false,true,false,true,false,false,Month-to-month,true,Bank transfer (automatic),91.67,916.7,false
CUST-02649,Female,0,true,false,57,false,false,DSL,true,true,false,false,true,true,Two year,false,Credit card (automatic),96.75,5514.75,false
CUST-02650,Male,0,true,false,9,false,true,No,true,false,false,false,false,false,Month-to-month,false,Electronic check,117.08,1053.72,true
CUST-02651,Male,1,true,false,67,false,true,No,true,false,false,true,false,true,Month-to-month,false,Bank transfer (automatic),51.85,3473.95,true
CUST-02652,Male,0,false,false,24,true,true,Fiber optic,false,true,false,false,true,false,Two year,false,Bank transfer (automatic),85.18,2044.32,true
CUST-02653,Male,0,false,false,67,true,true,No,false,true,true,true,false,true,One year,false,Bank transfer (automatic),21.62,1448.54,false
CUST-02654,Male,0,true,false,48,true,false,No,false,false,false,false,false,true,Two year,true,Mailed check,26.23,1259.04,false
CUST-02655,Female,0,true,false,45,false,true,DSL,false,false,false,false,true,false,Month-to-month,true,Credit card (automatic),25.97,1168.65,false
CUST-02656,Male,0,true,false,37,false,true,No,false,false,true,true,true,true,Month-to-month,true,Credit card (automatic),113.45,4197.65,true
CUST-02657,Female,0,true,true,16,false,true,Fiber optic,false,false,true,true,false,true,One year,true,Mailed check,103.75,1660,false
CUST-02658,Female,1,false,false,57,true,true,DSL,false,false,false,false,false,true,Month-to-month,false,Bank transfer (automatic),84.51,4817.07,false
CUST-02659,Male,0,true,false,42,false,false,DSL,false,true,false,true,true,false,One year,true,Bank transfer (automatic),62.72,2634.24,false
CUST-02660,Female,0,true,true,38,true,true,No,true,false,false,true,true,true,One year,false,Credit card (automatic),100.25,3809.5,false
CUST-02661,Female,1,true,false,26,true,true,No,false,false,true,false,true,false,Month-to-month,true,Electronic check,51.62,1342.12,true
CUST-02662,Male,1,false,false,12,false,true,Fiber optic,true,false,true,true,true,true,Month-to-month,true,Mailed check,51.2,614.4,false
CUST-02663,Male,1,false,true,54,false,false,Fiber optic,true,false,true,true,false,false,Month-to-month,true,Mailed check,91.54,4943.16,true
CUST-02664,Female,0,false,true,53,false,false,No,true,true,true,true,true,false,One year,false,Bank transfer (automatic),23.31,1235.43,true
CUST-02665,Female,0,false,false,1,false,true,Fiber optic,false,false,true,true,false,true,Month-to-month,true,Electronic check,30.1,30.1,false
CUST-02666,Male,1,true,true,56,true,true,No,true,true,false,true,false,true,Month-to-month,true,Mailed check,56.44,3160.64,false
CUST-02667,Female,0,false,true,27,true,false,DSL,true,true,true,true,false,true,Month-to-month,false,Mailed check,49.29,1330.83,false
CUST-02668,Female,0,false,false,5,true,true,DSL,false,true,true,false,true,false,Month-to-month,true,Mailed check,95.16,475.8,false
CUST-02669,Female,0,true,true,33,false,true,No,true,false,true,false,false,true,One year,true,Electronic check,45.68,1507.44,false
CUST-02670,Female,0,true,true,35,false,true,No,true,true,false,true,true,true,One year,true,Bank transfer (automatic),30.84,1079.4,false
CUST-02671,Female,1,true,true,6,false,true,DSL,false,true,true,true,false,true,One year,true,Mailed check,107.76,646.56,true
CUST-02672,Female,0,false,false,28,false,true,No,true,true,true,true,true,false,One year,true,Mailed check,48,1344,false
CUST-02673,Female,1,true,true,58,true,true,DSL,false,false,false,false,true,false,Two year,true,Bank transfer (automatic),92.71,5377.18,false
CUST-02674,Female,0,false,false,62,false,true,Fiber optic,false,false,true,true,true,true,Two year,false,Credit card (automatic),85.73,5315.26,false
CUST-02675,Female,1,true,false,49,true,true,Fiber optic,false,true,true,false,true,true,One year,false,Electronic check,88.79,4350.71,false
CUST-02676,Male,1,true,false,46,false,false,DSL,false,true,false,false,false,true,Month-to-month,true,Mailed check,49.14,2260.44,false
CUST-02677,Female,0,false,false,40,false,true,Fiber optic,false,true,false,false,true,false,Two year,false,Bank transfer (automatic),115.67,4626.8,false
CUST-02678,Male,1,false,false,13,false,true,No,true,true,false,true,false,true,Two year,true,Mailed check,57.68,749.84,true
CUST-02679,Female,0,true,false,28,false,true,DSL,true,false,true,true,false,false,Two year,false,Bank transfer (automatic),119.13,3335.64,false
CUST-02680,Male,0,true,true,23,false,true,DSL,false,true,false,false,false,false,One year,false,Bank transfer (automatic),118.75,2731.25,false
CUST-02681,Male,0,true,false,14,false,false,No,true,false,true,false,true,false,Two year,true,Electronic check,24.78,346.92,false
CUST-02682,Male,1,false,false,16,true,true,Fiber optic,true,true,true,false,true,false,Month-to-month,true,Credit card (automatic),50.82,813.12,true
CUST-02683,Female,0,false,true,19,false,true,Fiber optic,true,false,true,true,false,true,One year,true,Credit card (automatic),38.6,733.4,false
CUST-02684,Female,0,false,true,50,false,true,DSL,true,true,true,true,true,true,Two year,false,Bank transfer (automatic),92.83,4641.5,false
CUST-02685,Female,1,true,false,42,false,false,No,false,true,false,false,false,true,Two year,true,Electronic check,61.28,2573.76,true
CUST-02686,Male,0,false,false,56,true,false,Fiber optic,false,false,false,true,false,true,Two year,true,Credit card (automatic),69.17,3873.52,true
CUST-02687,Female,1,false,false,48,false,false,No,true,true,true,false,true,false,Month-to-month,false,Credit card (automatic),25.37,1217.76,true
CUST-02688,Male,0,false,false,52,false,false,Fiber optic,true,false,true,true,false,true,One year,false,Mailed check,95.83,4983.16,false
CUST-02689,Male,0,true,true,47,true,true,DSL,false,false,true,true,false,false,Two year,false,Mailed check,32.47,1526.09,false
CUST-02690,Male,0,true,false,9,true,false,Fiber optic,true,true,true,false,false,false,Month-to-month,false,Mailed check,105.22,946.98,false
CUST-02691,Male,0,false,true,40,true,true,Fiber optic,false,false,true,true,true,true,One year,true,Credit card (automatic),21.64,865.6,false
CUST-02692,Female,0,false,true,16,true,true,Fiber optic,true,true,true,false,false,false,One year,false,Credit card (automatic),118.92,1902.72,false
CUST-02693,Male,0,false,false,57,true,true,Fiber optic,false,false,true,false,true,true,One year,false,Bank transfer (automatic),25.89,1475.73,false
CUST-02694,Female,0,true,false,50,true,true,DSL,false,true,true,true,true,true,One year,true,Electronic check,55.07,2753.5,true
CUST-02695,Female,0,true,true,64,false,false,No,false,true,false,false,true,true,Two year,false,Electronic check,86.31,5523.84,false
CUST-02696,Female,0,false,false,71,false,false,No,true,true,true,false,true,true,One year,true,Electronic check,37.36,2652.56,false
CUST-02697,Female,0,true,false,33,true,false,No,false,true,false,false,true,true,Month-to-month,false,Electronic check,22.1,729.3,true
CUST-02698,Female,0,true,false,32,true,true,Fiber optic,false,true,false,false,true,false,One year,false,Bank transfer (automatic),56.71,1814.72,false
CUST-02699,Male,0,true,false,27,true,false,Fiber optic,true,false,true,false,false,true,Month-to-month,true,Electronic check,111.35,3006.45,false
CUST-02700,Female,0,false,false,48,true,false,No,false,true,true,false,false,false,Month-to-month,true,Mailed check,117.37,5633.76,false
CUST-02701,Female,0,true,false,46,true,true,DSL,false,true,true,true,true,false,One year,false,Credit card (automatic),110.44,5080.24,false
CUST-02702,Male,0,true,true,40,false,true,DSL,false,true,true,false,true,false,Month-to-month,true,Electronic check,61.28,2451.2,false
CUST-02703,Female,0,false,false,55,false,false,No,true,false,true,true,false,true,One year,true,Mailed check,57.08,3139.4,false
CUST-02704,Male,0,false,false,71,false,false,No,false,true,true,true,true,true,Month-to-month,true,Mailed check,27.24,1934.04,false
CUST-02705,Male,0,true,false,61,false,true,DSL,true,true,false,true,true,false,Month-to-month,false,Mailed check,113.13,6900.93,false
CUST-02706,Female,1,true,false,48,true,true,Fiber optic,true,true,true,true,false,true,One year,false,Mailed check,118.15,5671.2,false
CUST-02707,Male,0,false,true,56,true,true,Fiber optic,true,false,true,false,false,true,One year,false,Electronic check,52.24,2925.44,false
CUST-02708,Female,0,true,true,3,true,false,No,false,false,false,false,false,false,Two year,false,Credit card (automatic),38.35,115.05,false
CUST-02709,Male,0,true,false,31,true,true,Fiber optic,false,true,true,false,false,true,Two year,true,Mailed check,27.17,842.27,false
CUST-02710,Female,1,true,false,35,false,false,Fiber optic,false,true,false,true,true,true,Month-to-month,false,Credit card (automatic),20.91,731.85,false
CUST-02711,Female,0,false,false,11,false,true,Fiber optic,false,false,true,false,false,true,Two year,false,Electronic check,69.96,769.56,false
CUST-02712,Male,0,true,false,34,false,true,DSL,true,false,false,true,false,false,Month-to-month,true,Electronic check,41.85,1422.9,true
CUST-02713,Male,0,false,true,54,false,false,DSL,true,true,true,true,true,true,Two year,true,Credit card (automatic),36.54,1973.16,false
CUST-02714,Female,0,true,true,16,false,false,DSL,false,false,false,true,true,false,One year,false,Credit card (automatic),119.9,1918.4,false
CUST-02715,Female,0,false,false,22,true,false,No,true,true,false,true,true,true,Two year,false,Credit card (automatic),33.83,744.26,true
CUST-02716,Male,0,true,false,47,true,false,No,true,true,true,false,false,true,One year,true,Bank transfer (automatic),61.81,2905.07,false
CUST-02717,Male,1,false,true,44,true,false,No,false,false,true,true,true,false,Two year,true,Credit card (automatic),63.93,2812.92,false
CUST-02718,Male,0,true,false,60,true,true,DSL,false,false,true,true,false,true,One year,true,Bank transfer (automatic),35.82,2149.2,false
CUST-02719,Female,0,false,false,2,false,true,Fiber optic,false,false,true,true,false,false,One year,false,Bank transfer (automatic),42.67,85.34,false
CUST-02720,Female,1,true,true,26,false,false,No,true,true,false,false,false,false,One year,false,Credit card (automatic),94.44,2455.44,false
CUST-02721,Male,0,false,true,13,false,false,No,true,true,false,false,false,true,Month-to-month,true,Electronic check,77.06,1001.78,false
CUST-02722,Female,1,false,true,34,true,true,DSL,false,false,false,true,false,true,Two year,true,Bank transfer (automatic),57.26,1946.84,false
CUST-02723,Male,0,false,false,11,true,true,Fiber optic,true,true,false,false,true,false,Two year,false,Bank transfer (automatic),81.84,900.24,false
CUST-02724,Male,0,true,false,8,true,true,No,true,false,false,false,true,false,Two year,false,Bank transfer (automatic),43.7,349.6,false
CUST-02725,Male,1,true,false,38,true,false,No,false,false,false,false,false,true,Month-to-month,true,Bank transfer (automatic),62.05,2357.9,false
CUST-02726,Male,0,true,true,67,true,true,Fiber optic,false,false,true,true,false,false,Month-to-month,true,Bank transfer (automatic),20.01,1340.67,false
CUST-02727,Female,0,false,true,37,false,false,Fiber optic,false,false,false,true,true,false,Month-to-month,false,Credit card (automatic),92.21,3411.77,false
CUST-02728,Male,1,false,false,30,false,false,DSL,false,false,false,false,false,false,Month-to-month,false,Bank transfer (automatic),57.06,1711.8,false
CUST-02729,Female,0,false,true,19,true,true,No,true,false,true,false,true,false,Two year,false,Bank transfer (automatic),36.96,702.24,false
CUST-02730,Female,0,true,false,25,false,false,Fiber optic,false,true,true,true,true,true,Month-to-month,false,Electronic check,38.12,953,false
CUST-02731,Female,0,false,false,46,false,true,Fiber optic,false,true,true,true,true,false,One year,true,Mailed check,107.98,4967.08,false
CUST-02732,Male,0,true,true,24,true,false,DSL,true,false,false,true,false,false,One year,true,Bank transfer (automatic),46.25,1110,false
CUST-02733,Male,0,true,true,66,false,false,No,false,true,true,true,false,false,Month-to-month,false,Bank transfer (automatic),51.5,3399,true
CUST-02734,Male,1,false,false,48,true,false,DSL,true,true,false,false,true,false,One year,true,Credit card (automatic),93.42,4484.16,false
CUST-02735,Female,0,true,true,25,false,true,Fiber optic,true,true,false,true,false,true,Month-to-month,true,Credit card (automatic),74.14,1853.5,false
CUST-02736,Male,0,false,false,17,true,false,Fiber optic,false,true,true,true,false,true,Month-to-month,false,Electronic check,41.25,701.25,false
CUST-02737,Male,0,false,false,56,true,false,DSL,true,true,true,true,true,true,One year,true,Electronic check,35.81,2005.36,false
CUST-02738,Male,0,false,false,25,false,true,DSL,true,false,true,true,false,true,Month-to-month,false,Electronic check,61,1525,false
CUST-02739,Female,0,true,true,27,false,true,DSL,true,false,false,true,false,false,Month-to-month,true,Credit card (automatic),93.32,2519.64,false
CUST-02740,Female,0,false,false,61,true,true,Fiber optic,false,false,true,true,true,false,Two year,false,Electronic check,81.46,4969.06,false
CUST-02741,Female,0,false,true,10,false,true,No,false,true,true,true,true,true,Two year,true,Electronic check,100.9,1009,false
CUST-02742,Male,0,true,true,36,false,false,Fiber optic,false,true,false,true,true,false,One year,false,Mailed check,62.27,2241.72,false
CUST-02743,Female,0,false,false,9,true,false,Fiber optic,true,true,false,false,true,false,Two year,false,Credit card (automatic),36.06,324.54,false
CUST-02744,Male,0,false,true,28,false,true,No,false,true,false,false,true,false,One year,false,Bank transfer (automatic),39.34,1101.52,false
CUST-02745,Male,0,false,true,55,false,false,DSL,false,true,false,true,true,false,One year,false,Electronic check,53.29,2930.95,false
CUST-02746,Female,0,false,true,5,true,false,DSL,true,true,true,false,true,true,Two year,true,Electronic check,100.07,500.35,false
CUST-02747,Male,0,false,true,58,false,false,Fiber optic,true,false,false,true,true,true,Two year,false,Bank transfer (automatic),24.43,1416.94,false
CUST-02748,Male,1,true,false,66,false,false,Fiber optic,true,false,false,true,true,false,Two year,false,Credit card (automatic),108.68,7172.88,false
CUST-02749,Male,0,false,false,20,true,true,DSL,true,false,false,false,true,false,Two year,false,Credit card (automatic),81.45,1629,false
CUST-02750,Male,0,true,true,50,false,true,DSL,false,true,true,false,false,false,One year,true,Electronic check,45.71,2285.5,false
CUST-02751,Male,0,false,true,18,true,true,No,true,true,true,true,true,true,Month-to-month,false,Mailed check,110.65,1991.7,false
CUST-02752,Female,0,false,true,5,false,true,No,false,false,false,true,true,false,One year,true,Bank transfer (automatic),82.98,414.9,false
CUST-02753,Male,0,false,true,33,false,false,No,true,false,true,false,true,true,Two year,false,Credit card (automatic),47.55,1569.15,false
CUST-02754,Male,1,false,false,49,true,false,DSL,false,true,false,false,false,false,Two year,true,Credit card (automatic),27.5,1347.5,false
CUST-02755,Female,0,false,false,21,false,true,Fiber optic,false,false,true,false,true,false,Two year,false,Mailed check,50.41,1058.61,false
CUST-02756,Female,0,false,false,51,false,false,No,true,false,false,false,false,true,Two year,false,Mailed check,46.37,2364.87,false
CUST-02757,Female,0,false,false,9,true,false,Fiber optic,true,true,true,false,false,false,Month-to-month,true,Bank transfer (automatic),81.95,737.55,false
CUST-02758,Male,0,true,true,20,false,false,Fiber optic,true,false,true,false,false,true,Two year,false,Bank transfer (automatic),55.9,1118,false
CUST-02759,Female,0,false,false,64,false,false,Fiber optic,false,true,true,true,true,true,Two year,true,Credit card (automatic),69.63,4456.32,false
CUST-02760,Male,0,true,false,26,true,false,DSL,true,false,false,false,false,false,One year,false,Mailed check,74.2,1929.2,false
CUST-02761,Female,0,true,false,61,true,true,DSL,false,false,true,true,false,true,Month-to-month,false,Bank transfer (automatic),24.35,1485.35,false
CUST-02762,Male,0,false,false,59,false,false,Fiber optic,false,false,true,true,true,false,One year,true,Mailed check,50.67,2989.53,false
CUST-02763,Male,0,false,true,40,true,true,Fiber optic,false,true,false,false,false,false,Two year,false,Mailed check,63.77,2550.8,false
CUST-02764,Female,1,false,false,13,true,true,DSL,true,true,true,true,false,false,Two year,true,Bank transfer (automatic),33.94,441.22,false
CUST-02765,Male,1,true,false,57,true,true,Fiber optic,false,true,true,true,true,false,One year,true,Electronic check,118.57,6758.49,false
CUST-02766,Female,0,false,true,29,false,true,DSL,false,true,false,true,true,false,Month-to-month,false,Mailed check,60.54,1755.66,true
CUST-02767,Male,0,false,true,60,true,true,No,true,true,true,true,false,false,Two year,true,Mailed check,108.21,6492.6,false
CUST-02768,Female,0,false,true,44,true,true,Fiber optic,false,true,false,false,true,true,Two year,true,Electronic check,57.82,2544.08,true
CUST-02769,Female,0,true,false,33,true,true,DSL,true,false,false,true,false,true,One year,true,Mailed check,27.68,913.44,false
CUST-02770,Male,0,true,true,60,true,true,DSL,true,false,true,true,true,false,Month-to-month,false,Electronic check,56.68,3400.8,true
CUST-02771,Female,0,false,true,63,false,true,Fiber optic,false,true,false,false,false,true,One year,false,Mailed check,64.15,4041.45,false
CUST-02772,Male,0,true,false,15,true,true,Fiber optic,false,false,true,false,true,true,One year,false,Electronic check,73.3,1099.5,false
CUST-02773,Male,0,false,false,49,true,false,No,false,false,true,true,true,true,Month-to-month,true,Mailed check,34.39,1685.11,true
CUST-02774,Male,0,false,false,20,true,true,DSL,false,false,true,false,true,false,One year,false,Bank transfer (automatic),63.69,1273.8,false
CUST-02775,Male,0,false,true,54,true,true,No,true,false,true,false,true,true,Two year,true,Bank transfer (automatic),88.93,4802.22,true
CUST-02776,Male,0,false,true,44,false,false,DSL,false,false,false,true,false,false,One year,true,Credit card (automatic),25.59,1125.96,false
CUST-02777,Female,0,true,false,33,false,false,Fiber optic,true,false,true,true,false,false,Month-to-month,false,Bank transfer (automatic),97.49,3217.17,true
CUST-02778,Male,1,false,false,58,false,false,No,false,true,true,false,true,false,One year,true,Bank transfer (automatic),97.78,5671.24,true
CUST-02779,Male,0,false,false,38,true,false,Fiber optic,true,false,false,false,true,false,Two year,true,Mailed check,75.38,2864.44,false
CUST-02780,Female,0,true,false,20,true,true,DSL,false,true,true,false,true,false,Month-to-month,false,Bank transfer (automatic),56.11,1122.2,false
CUST-02781,Female,0,true,false,9,false,false,No,true,true,false,false,false,true,Month-to-month,false,Credit card (automatic),108.59,977.31,false
CUST-02782,Female,0,true,true,23,true,false,DSL,false,true,false,false,true,true,Month-to-month,true,Credit card (automatic),111.41,2562.43,false
CUST-02783,Female,0,false,false,34,false,false,No,false,false,false,true,false,true,One year,true,Bank transfer (automatic),110.38,3752.92,false
CUST-02784,Female,0,false,true,47,false,false,No,true,true,true,true,false,true,One year,true,Electronic check,35.82,1683.54,true
CUST-02785,Female,0,true,false,55,true,false,No,false,false,true,false,true,true,Two year,true,Electronic check,77.39,4256.45,false
CUST-02786,Female,0,true,false,63,false,true,No,true,true,true,true,true,false,Month-to-month,true,Credit card (automatic),78.07,4918.41,false
CUST-02787,Female,0,false,false,39,true,false,DSL,true,true,true,false,true,false,One year,true,Credit card (automatic),87.81,3424.59,false
CUST-02788,Male,0,false,true,16,false,false,DSL,false,false,false,false,true,true,Month-to-month,false,Credit card (automatic),113.33,1813.28,true
CUST-02789,Female,0,false,true,3,true,false,No,false,false,true,true,true,true,Two year,false,Credit card (automatic),47.73,143.19,false
CUST-02790,Female,0,true,true,38,true,false,No,false,true,true,false,false,false,Two year,true,Electronic check,21.39,812.82,false
CUST-02791,Male,0,false,true,21,false,false,No,false,false,true,false,false,false,One year,true,Bank transfer (automatic),71.73,1506.33,false
CUST-02792,Male,0,false,false,19,true,true,DSL,true,true,false,false,false,false,Month-to-month,false,Credit card (automatic),48.3,917.7,false
CUST-02793,Male,1,false,false,67,false,true,DSL,false,false,true,false,true,false,Month-to-month,false,Credit card (automatic),43.08,2886.36,false
CUST-02794,Female,1,false,false,29,true,false,No,false,true,false,false,true,true,One year,false,Credit card (automatic),46.61,1351.69,false
CUST-02795,Male,0,false,false,31,true,false,Fiber optic,false,false,false,true,true,false,Two year,false,Electronic check,56.79,1760.49,false
CUST-02796,Female,0,false,true,31,false,false,Fiber optic,false,true,false,false,true,false,Two year,true,Credit card (automatic),62.41,1934.71,false
CUST-02797,Male,0,true,true,28,false,true,DSL,true,false,true,true,true,false,One year,false,Mailed check,33.02,924.56,false
CUST-02798,Female,0,true,true,63,true,true,DSL,true,true,false,false,true,false,Month-to-month,true,Credit card (automatic),75.51,4757.13,false
CUST-02799,Female,0,false,false,51,false,false,Fiber optic,true,true,false,true,false,true,One year,true,Bank transfer (automatic),62.44,3184.44,false
CUST-02800,Male,0,false,false,33,false,false,Fiber optic,false,true,true,false,false,false,Month-to-month,true,Electronic check,20.66,681.78,true
CUST-02801,Female,0,true,true,62,false,true,Fiber optic,true,false,false,false,true,true,Two year,false,Credit card (automatic),33.57,2081.34,false
CUST-02802,Female,0,true,false,4,false,false,DSL,true,true,true,true,false,false,Two year,true,Credit card (automatic),112.12,448.48,false
CUST-02803,Female,0,false,true,33,true,true,Fiber optic,true,true,true,true,true,true,One year,true,Electronic check,99.13,3271.29,false
CUST-02804,Female,0,true,true,66,true,true,DSL,false,false,true,false,false,false,Two year,true,Electronic check,94.24,6219.84,false
CUST-02805,Male,0,false,false,11,true,true,DSL,true,false,false,true,false,false,One year,false,Bank transfer (automatic),38.63,424.93,false
CUST-02806,Female,0,true,true,68,false,true,Fiber optic,true,false,true,false,true,true,Month-to-month,false,Credit card (automatic),115.07,7824.76,true
CUST-02807,Male,1,true,true,20,false,false,Fiber optic,true,false,false,false,false,false,Two year,false,Bank transfer (automatic),118.87,2377.4,false
CUST-02808,Male,0,false,true,25,true,false,DSL,true,false,true,true,false,true,Month-to-month,true,Electronic check,62.7,1567.5,true
CUST-02809,Male,0,true,false,33,false,true,No,true,false,true,false,true,true,Two year,true,Electronic check,32.96,1087.68,false
CUST-02810,Female,0,false,true,22,false,false,No,false,false,true,false,true,false,Month-to-month,false,Electronic check,50.95,1120.9,false
CUST-02811,Female,1,true,true,29,true,false,Fiber optic,false,false,false,false,true,false,Month-to-month,true,Electronic check,103.11,2990.19,false
CUST-02812,Male,0,true,true,13,true,true,Fiber optic,true,false,true,true,true,true,Month-to-month,false,Electronic check,42.69,554.97,true
CUST-02813,Female,1,false,false,20,true,true,No,true,false,false,true,true,true,One year,false,Mailed check,52,1040,true
CUST-02814,Female,1,true,false,43,false,false,Fiber optic,false,true,true,true,true,false,One year,true,Mailed check,69.37,2982.91,false
CUST-02815,Female,0,true,true,17,true,false,Fiber optic,true,true,false,true,true,true,Month-to-month,false,Electronic check,30.31,515.27,true
CUST-02816,Male,0,false,true,4,true,false,No,false,false,true,true,true,true,One year,true,Mailed check,33.37,133.48,false
CUST-02817,Male,1,true,true,70,true,true,DSL,true,false,true,true,true,true,Month-to-month,true,Credit card (automatic),107.47,7522.9,true
CUST-02818,Male,0,true,false,18,false,true,Fiber optic,false,false,false,false,true,true,Two year,false,Credit card (automatic),48.95,881.1,false
CUST-02819,Female,0,true,true,4,true,true,No,true,true,true,true,false,false,Month-to-month,true,Mailed check,101.83,407.32,false
CUST-02820,Female,1,true,true,63,false,true,DSL,false,true,false,false,false,false,Two year,true,Credit card (automatic),83.81,5280.03,false
CUST-02821,Male,0,true,true,20,true,false,Fiber optic,false,false,true,false,false,true,One year,true,Credit card (automatic),56.87,1137.4,false
CUST-02822,Male,1,false,true,71,true,false,Fiber optic,false,false,false,true,true,true,Month-to-month,true,Credit card (automatic),78.17,5550.07,true
CUST-02823,Female,0,true,true,15,true,false,No,true,true,true,true,true,false,Two year,true,Electronic check,27.86,417.9,false
CUST-02824,Female,0,false,false,6,false,true,Fiber optic,false,false,false,true,false,true,One year,true,Bank transfer (automatic),78.67,472.02,false
CUST-02825,Male,0,false,true,53,true,false,No,false,false,false,true,false,false,One year,true,Electronic check,24.03,1273.59,false
CUST-02826,Male,0,false,false,12,false,true,DSL,false,false,false,true,true,true,Month-to-month,true,Electronic check,109.23,1310.76,true
CUST-02827,Male,1,false,false,8,true,true,DSL,false,false,false,false,false,true,Month-to-month,false,Credit card (automatic),22.12,176.96,true
CUST-02828,Female,1,false,false,35,false,true,Fiber optic,true,false,true,false,true,true,One year,true,Credit card (automatic),49.21,1722.35,true
CUST-02829,Male,0,false,true,45,false,false,Fiber optic,true,false,false,true,false,true,Month-to-month,false,Credit card (automatic),41.98,1889.1,false
CUST-02830,Male,0,true,false,53,true,true,Fiber optic,true,true,true,true,true,true,One year,true,Bank transfer (automatic),88.58,4694.74,false
CUST-02831,Female,0,false,true,68,false,true,No,true,true,false,true,false,true,Month-to-month,false,Mailed check,116.03,7890.04,false
CUST-02832,Male,0,false,false,54,true,false,Fiber optic,false,true,true,false,false,false,Two year,true,Mailed check,99.17,5355.18,false
CUST-02833,Female,0,true,false,62,false,true,No,false,false,true,true,true,true,Two year,true,Electronic check,22.81,1414.22,false
CUST-02834,Female,0,false,true,67,false,false,No,false,true,true,true,true,true,One year,true,Credit card (automatic),87.78,5881.26,false
CUST-02835,Male,0,false,false,11,true,false,Fiber optic,false,false,false,false,true,false,One year,false,Bank transfer (automatic),113.23,1245.53,false
CUST-02836,Male,0,true,false,22,true,false,DSL,false,false,false,false,false,true,Month-to-month,false,Electronic check,104.14,2291.08,true
CUST-02837,Male,0,true,false,35,false,true,DSL,true,false,true,true,false,false,Two year,true,Credit card (automatic),34.24,1198.4,false
CUST-02838,Female,1,true,true,43,false,false,No,false,true,false,false,true,true,One year,true,Electronic check,21.29,915.47,false
CUST-02839,Male,0,false,false,19,false,true,Fiber optic,true,true,true,true,false,false,Month-to-month,true,Bank transfer (automatic),77.2,1466.8,false
CUST-02840,Male,0,true,true,13,false,false,DSL,true,true,true,true,false,false,One year,true,Credit card (automatic),112.68,1464.84,false
CUST-02841,Female,0,false,true,26,true,false,Fiber optic,true,false,false,false,false,true,One year,true,Bank transfer (automatic),25.37,659.62,false
CUST-02842,Female,0,false,false,18,true,false,Fiber optic,true,true,true,false,true,true,Month-to-month,false,Mailed check,74.9,1348.2,true
CUST-02843,Male,0,false,false,1,false,true,DSL,true,true,false,false,true,false,One year,true,Mailed check,70.74,70.74,true
CUST-02844,Female,0,true,false,31,false,true,Fiber optic,true,true,true,false,false,false,Two year,true,Credit card (automatic),25.86,801.66,false
CUST-02845,Male,0,true,true,32,false,true,Fiber optic,false,true,false,true,true,true,Month-to-month,true,Electronic check,38.81,1241.92,false
CUST-02846,Female,0,true,false,66,true,false,Fiber optic,true,false,true,true,true,false,One year,true,Bank transfer (automatic),84.5,5577,false
CUST-02847,Female,0,false,false,47,false,true,Fiber optic,false,false,false,false,true,false,Two year,true,Bank transfer (automatic),74.72,3511.84,false
CUST-02848,Female,0,true,true,59,true,true,No,false,false,true,false,false,true,One year,false,Bank transfer (automatic),43.41,2561.19,false
CUST-02849,Female,0,true,false,47,true,true,DSL,false,false,true,true,false,false,Two year,false,Electronic check,23.39,1099.33,false
CUST-02850,Female,0,false,false,10,false,false,DSL,true,true,false,true,false,true,One year,true,Electronic check,63.36,633.6,true
CUST-02851,Female,0,true,false,4,false,true,No,false,true,false,false,true,true,Two year,false,Electronic check,65.59,262.36,false
CUST-02852,Female,0,false,true,47,false,false,No,true,false,false,true,false,false,Month-to-month,false,Credit card (automatic),81.51,3830.97,false
CUST-02853,Female,0,false,true,50,true,false,No,false,true,true,false,false,false,Month-to-month,false,Electronic check,22.49,1124.5,false
CUST-02854,Male,0,false,true,57,false,false,Fiber optic,true,true,false,true,true,false,Month-to-month,false,Mailed check,116.95,6666.15,false
CUST-02855,Female,0,false,true,48,true,false,DSL,false,true,false,false,false,true,Month-to-month,false,Credit card (automatic),76.69,3681.12,false
CUST-02856,Female,1,false,true,34,true,true,No,true,false,true,true,false,false,One year,true,Mailed check,61.34,2085.56,true
CUST-02857,Female,1,false,false,8,true,false,DSL,true,true,true,false,true,true,Two year,false,Bank transfer (automatic),71.59,572.72,false
CUST-02858,Male,0,true,false,19,false,false,No,true,false,false,false,false,false,Two year,false,Bank transfer (automatic),111.56,2119.64,false
CUST-02859,Male,0,false,false,63,false,false,No,true,false,false,false,false,true,Two year,false,Mailed check,102.73,6471.99,false
CUST-02860,Female,0,true,true,65,true,true,Fiber optic,true,true,true,true,false,true,One year,false,Bank transfer (automatic),119.14,7744.1,false
CUST-02861,Female,1,false,true,11,false,false,No,true,false,true,true,false,true,Two year,true,Electronic check,99.64,1096.04,false
CUST-02862,Male,0,true,true,8,true,true,No,false,false,false,true,false,true,One year,true,Electronic check,104.32,834.56,true
CUST-02863,Male,0,false,false,70,false,false,DSL,true,true,false,false,false,false,One year,false,Electronic check,99.51,6965.7,true
CUST-02864,Male,0,true,false,35,true,true,Fiber optic,false,false,false,false,false,false,Two year,true,Bank transfer (automatic),26.16,915.6,false
CUST-02865,Female,0,false,false,16,false,true,Fiber optic,true,true,true,true,false,true,Two year,false,Bank transfer (automatic),109.87,1757.92,false
CUST-02866,Female,1,false,true,20,true,false,No,true,true,false,true,true,true,One year,false,Credit card (automatic),95.34,1906.8,false
CUST-02867,Male,0,true,true,4,true,false,Fiber optic,false,true,false,false,false,true,One year,true,Mailed check,73.51,294.04,false
CUST-02868,Female,0,false,false,22,true,true,No,true,false,false,true,true,true,Month-to-month,true,Bank transfer (automatic),101.09,2223.98,false
CUST-02869,Female,0,true,true,5,false,true,DSL,true,true,true,true,true,true,Two year,false,Electronic check,71.68,358.4,false
CUST-02870,Female,1,false,false,17,false,true,DSL,false,true,false,false,true,true,Month-to-month,true,Electronic check,81.76,1389.92,false
CUST-02871,Female,0,false,true,40,false,false,Fiber optic,true,false,false,false,false,false,Month-to-month,false,Mailed check,37.56,1502.4,false
CUST-02872,Male,1,false,false,36,false,true,DSL,true,false,true,true,false,true,One year,true,Bank transfer (automatic),113.64,4091.04,true
CUST-02873,Female,1,true,true,51,false,true,No,true,false,false,true,false,true,One year,false,Mailed check,107.43,5478.93,false
CUST-02874,Female,1,true,false,71,true,true,No,false,false,false,false,true,true,Two year,true,Credit card (automatic),77.23,5483.33,false
CUST-02875,Female,0,true,false,70,false,false,Fiber optic,false,true,true,false,true,true,Month-to-month,false,Electronic check,25.32,1772.4,false
CUST-02876,Male,0,true,true,46,true,true,Fiber optic,true,false,true,false,true,true,Month-to-month,true,Electronic check,50.62,2328.52,true
CUST-02877,Male,0,true,false,34,false,true,No,false,false,true,false,true,true,Two year,true,Mailed check,78.67,2674.78,false
CUST-02878,Male,0,true,false,68,false,true,DSL,false,false,true,true,false,false,Month-to-month,false,Credit card (automatic),82.38,5601.84,false
CUST-02879,Female,0,false,true,59,false,true,No,true,false,false,false,false,true,Two year,true,Mailed check,25.69,1515.71,false
CUST-02880,Male,0,true,false,53,false,false,Fiber optic,false,false,true,true,true,false,One year,false,Credit card (automatic),37.87,2007.11,false
CUST-02881,Male,0,true,false,13,true,false,No,false,false,true,true,true,true,Two year,false,Mailed check,71.9,934.7,false
CUST-02882,Male,0,false,false,70,false,true,Fiber optic,true,false,false,true,false,true,Month-to-month,true,Bank transfer (automatic),50.1,3507,false
CUST-02883,Male,0,true,false,1,true,true,DSL,true,false,false,false,false,false,One year,true,Electronic check,81.82,81.82,true
CUST-02884,Male,0,false,false,70,true,true,Fiber optic,true,true,true,false,true,false,Month-to-month,true,Mailed check,31.05,2173.5,false
CUST-02885,Male,1,false,true,36,true,true,No,true,false,true,true,true,false,Two year,false,Mailed check,29.27,1053.72,false
CUST-02886,Female,0,false,false,51,false,true,DSL,true,false,true,true,true,false,One year,true,Mailed check,65.98,3364.98,false
CUST-02887,Male,1,true,false,19,false,true,Fiber optic,false,true,true,false,true,true,Two year,false,Mailed check,108.88,2068.72,false
CUST-02888,Male,0,true,false,59,true,true,DSL,false,false,false,true,false,true,Month-to-month,false,Bank transfer (automatic),64.06,3779.54,true
CUST-02889,Female,0,false,true,14,true,true,DSL,false,false,true,false,false,true,One year,true,Credit card (automatic),77.1,1079.4,false
CUST-02890,Male,1,true,true,25,false,false,DSL,true,true,false,true,false,true,Two year,true,Electronic check,67.2,1680,false
CUST-02891,Male,0,false,true,29,false,false,DSL,false,true,false,false,true,true,One year,false,Electronic check,60.79,1762.91,false
CUST-02892,Female,0,true,false,14,true,true,DSL,true,false,true,false,false,false,Month-to-month,true,Bank transfer (automatic),56.72,794.08,true
CUST-02893,Male,0,false,false,68,true,true,DSL,false,true,false,true,true,true,One year,false,Bank transfer (automatic),98.11,6671.48,true
CUST-02894,Female,0,true,true,62,false,false,DSL,false,true,true,false,false,false,Two year,false,Bank transfer (automatic),70.53,4372.86,false
CUST-02895,Female,0,false,true,65,true,false,Fiber optic,true,true,false,true,false,false,Two year,false,Electronic check,106.49,6921.85,false
CUST-02896,Female,0,true,true,3,true,false,No,false,false,false,false,true,false,Month-to-month,false,Electronic check,28.98,86.94,false
CUST-02897,Female,0,false,false,45,false,false,Fiber optic,false,false,true,false,true,false,One year,false,Mailed check,114.05,5132.25,false
CUST-02898,Female,0,true,true,21,false,true,No,true,false,false,false,false,false,Two year,false,Mailed check,78.63,1651.23,false
CUST-02899,Female,0,false,true,32,false,true,Fiber optic,false,false,true,false,false,true,Two year,false,Electronic check,94.27,3016.64,false
CUST-02900,Female,0,true,false,59,true,false,Fiber optic,true,true,true,false,true,true,Two year,true,Electronic check,52.79,3114.61,false
CUST-02901,Male,0,false,true,23,true,true,DSL,false,true,true,true,false,true,Month-to-month,true,Bank transfer (automatic),107.59,2474.57,false
CUST-02902,Female,1,false,true,65,false,true,No,true,true,false,false,false,true,Two year,false,Mailed check,115.93,7535.45,false
CUST-02903,Female,0,true,false,4,false,true,Fiber optic,true,false,false,false,true,false,Two year,true,Mailed check,89.08,356.32,false
CUST-02904,Male,1,true,true,62,true,true,No,true,false,true,false,false,false,One year,false,Electronic check,38.63,2395.06,true
CUST-02905,Female,0,true,false,29,true,false,DSL,false,false,true,false,false,false,One year,false,Mailed check,110.09,3192.61,true
CUST-02906,Male,1,true,false,23,false,false,DSL,true,false,false,false,false,false,Two year,false,Credit card (automatic),104.79,2410.17,false
CUST-02907,Male,0,false,false,47,true,true,DSL,false,true,true,true,false,true,One year,false,Mailed check,94.84,4457.48,false
CUST-02908,Female,0,true,false,71,true,true,Fiber optic,true,false,false,false,true,false,Two year,true,Bank transfer (automatic),118.73,8429.83,false
CUST-02909,Male,0,true,true,38,false,false,DSL,false,false,true,true,true,true,Month-to-month,false,Credit card (automatic),93.1,3537.8,false
CUST-02910,Female,0,true,true,38,false,false,Fiber optic,true,false,true,false,false,false,Month-to-month,false,Mailed check,108.71,4130.98,false
CUST-02911,Male,0,false,true,42,true,false,Fiber optic,true,false,false,false,true,true,One year,false,Mailed check,41.36,1737.12,false
CUST-02912,Male,1,true,true,65,false,true,Fiber optic,true,true,true,false,false,true,Two year,true,Electronic check,43.96,2857.4,false
CUST-02913,Male,0,true,false,43,false,true,DSL,true,false,false,true,false,true,One year,false,Mailed check,68.34,2938.62,false
CUST-02914,Male,0,true,true,12,true,false,DSL,true,true,true,false,false,true,Two year,false,Bank transfer (automatic),63.95,767.4,false
CUST-02915,Male,0,true,false,12,false,false,No,false,true,false,true,false,true,Month-to-month,false,Mailed check,83.49,1001.88,false
CUST-02916,Female,0,false,false,42,true,true,Fiber optic,false,true,false,false,false,false,One year,false,Bank transfer (automatic),117.98,4955.16,false
CUST-02917,Male,0,true,false,19,true,true,No,true,true,true,false,true,true,Two year,false,Mailed check,80.97,1538.43,false
CUST-02918,Male,0,false,false,44,true,true,Fiber optic,false,true,false,false,true,true,Month-to-month,true,Credit card (automatic),40.58,1785.52,true
CUST-02919,Female,0,false,false,52,false,false,No,true,false,true,false,true,false,Two year,true,Credit card (automatic),90.14,4687.28,false
CUST-02920,Male,0,true,true,47,true,true,DSL,false,true,false,true,true,true,Two year,false,Bank transfer (automatic),40.73,1914.31,false
CUST-02921,Male,0,false,false,4,false,true,No,false,false,false,true,true,false,One year,false,Credit card (automatic),46.58,186.32,false
CUST-02922,Female,0,true,false,5,false,true,No,true,false,true,false,true,true,One year,false,Electronic check,59.7,298.5,false
CUST-02923,Female,0,false,false,55,true,false,No,false,false,false,false,false,false,Two year,true,Mailed check,50.81,2794.55,false
CUST-02924,Male,0,true,true,17,true,false,Fiber optic,false,false,false,true,true,false,Two year,true,Bank transfer (automatic),52.86,898.62,false
CUST-02925,Female,0,false,false,51,true,false,DSL,false,true,true,false,true,true,Month-to-month,true,Bank transfer (automatic),84.4,4304.4,false
CUST-02926,Female,1,true,true,9,false,true,Fiber optic,false,false,false,true,false,true,Month-to-month,false,Electronic check,58.44,525.96,false
CUST-02927,Male,0,true,false,37,false,false,DSL,true,true,false,false,true,false,Month-to-month,false,Bank transfer (automatic),86.45,3198.65,false
CUST-02928,Female,0,true,true,25,true,true,Fiber optic,true,false,true,true,true,false,One year,false,Mailed check,90.46,2261.5,false
CUST-02929,Female,0,true,false,45,true,false,No,true,false,false,true,false,true,Two year,true,Bank transfer (automatic),51.08,2298.6,false
CUST-02930,Male,0,false,true,46,false,true,No,false,true,true,false,false,true,Two year,true,Bank transfer (automatic),61.69,2837.74,false
CUST-02931,Male,1,true,true,35,true,true,Fiber optic,true,false,false,false,true,false,One year,true,Mailed check,108.35,3792.25,false
CUST-02932,Female,0,true,true,56,false,false,Fiber optic,false,false,true,false,false,true,Month-to-month,false,Mailed check,53.17,2977.52,false
CUST-02933,Female,0,true,true,32,false,false,Fiber optic,true,true,false,true,false,true,Month-to-month,true,Electronic check,66.93,2141.76,false
CUST-02934,Male,0,false,false,12,true,true,DSL,true,true,false,false,true,false,Month-to-month,false,Bank transfer (automatic),102.72,1232.64,false
CUST-02935,Male,0,true,true,49,false,true,Fiber optic,false,false,false,true,false,false,Two year,false,Bank transfer (automatic),23.83,1167.67,false
CUST-02936,Male,0,false,true,59,false,false,Fiber optic,false,true,true,false,true,true,Month-to-month,true,Credit card (automatic),95.36,5626.24,false
CUST-02937,Male,0,true,true,23,false,true,Fiber optic,true,false,true,false,true,false,Two year,true,Mailed check,50.19,1154.37,false
CUST-02938,Female,0,true,false,10,false,false,No,true,false,false,false,false,true,Month-to-month,true,Electronic check,86.51,865.1,false
CUST-02939,Female,0,true,true,59,true,false,DSL,false,true,true,false,true,false,Two year,false,Credit card (automatic),20.71,1221.89,false
CUST-02940,Male,0,true,false,37,false,true,Fiber optic,false,true,false,false,true,true,Two year,false,Bank transfer (automatic),100.76,3728.12,false
CUST-02941,Female,0,false,false,41,false,false,No,true,true,false,false,true,false,Month-to-month,false,Credit card (automatic),33.61,1378.01,false
CUST-02942,Male,0,false,true,14,true,false,Fiber optic,true,true,false,false,true,true,One year,true,Electronic check,69.79,977.06,false
CUST-02943,Male,0,false,true,35,false,true,No,false,false,false,false,false,false,One year,true,Mailed check,50.46,1766.1,false
CUST-02944,Female,0,false,false,48,false,false,DSL,true,false,false,true,true,true,Month-to-month,false,Electronic check,90.45,4341.6,false
CUST-02945,Male,1,true,true,27,false,false,Fiber optic,true,true,false,true,true,false,Two year,false,Electronic check,40.1,1082.7,false
CUST-02946,Male,0,false,false,33,false,false,Fiber optic,false,false,false,true,false,true,Month-to-month,true,Mailed check,44.7,1475.1,false
CUST-02947,Female,0,false,false,27,true,true,Fiber optic,true,false,true,true,false,true,One year,true,Electronic check,102.43,2765.61,false
CUST-02948,Male,0,false,true,54,true,false,No,false,false,false,true,false,false,Month-to-month,true,Mailed check,52.33,2825.82,false
CUST-02949,Female,0,false,true,5,true,true,No,true,false,false,false,true,true,Month-to-month,false,Credit card (automatic),44.16,220.8,true
CUST-02950,Male,0,false,true,39,true,true,DSL,true,true,true,true,false,true,One year,false,Bank transfer (automatic),55.29,2156.31,false
CUST-02951,Female,0,true,true,31,false,false,DSL,false,false,false,true,true,true,Two year,false,Credit card (automatic),34.37,1065.47,false
CUST-02952,Male,0,true,true,59,true,true,No,true,true,true,true,true,true,One year,true,Electronic check,90.04,5312.36,false
CUST-02953,Female,0,true,false,17,false,true,Fiber optic,false,true,false,true,true,true,Two year,false,Credit card (automatic),44.89,763.13,false
CUST-02954,Female,0,true,true,45,false,true,Fiber optic,true,true,false,false,false,false,Month-to-month,true,Mailed check,55.38,2492.1,true
CUST-02955,Female,1,false,true,10,false,true,No,false,false,false,false,false,true,Month-to-month,true,Bank transfer (automatic),57.98,579.8,false
CUST-02956,Female,1,true,true,15,true,false,Fiber optic,false,false,false,true,false,true,Month-to-month,false,Credit card (automatic),54.16,812.4,false
CUST-02957,Female,0,false,false,46,true,false,DSL,false,true,true,false,false,true,Two year,true,Bank transfer (automatic),76.93,3538.78,false
CUST-02958,Male,1,true,false,41,false,true,DSL,true,false,false,true,true,false,Month-to-month,false,Bank transfer (automatic),34.32,1407.12,true
CUST-02959,Female,0,true,true,55,true,true,DSL,true,true,false,true,false,false,Two year,true,Electronic check,80.73,4440.15,false
CUST-02960,Male,0,true,true,31,false,true,No,false,false,true,true,false,true,One year,true,Electronic check,101.17,3136.27,false
CUST-02961,Female,0,true,false,38,false,true,Fiber optic,false,true,false,false,true,false,Two year,false,Credit card (automatic),109.71,4168.98,false
CUST-02962,Female,0,false,true,39,false,false,Fiber optic,false,false,true,true,true,true,One year,false,Credit card (automatic),54.53,2126.67,false
CUST-02963,Female,0,false,false,29,true,false,No,true,true,true,false,false,true,Month-to-month,false,Credit card (automatic),49.35,1431.15,true
CUST-02964,Male,1,false,false,39,true,true,Fiber optic,false,true,false,true,true,true,Month-to-month,false,Electronic check,72.7,2835.3,true
CUST-02965,Male,0,true,false,70,true,false,DSL,false,false,false,false,true,true,One year,false,Electronic check,45.33,3173.1,false
CUST-02966,Female,0,false,false,52,false,true,No,true,true,true,false,false,false,One year,false,Credit card (automatic),82.77,4304.04,true
CUST-02967,Male,0,false,false,42,false,true,DSL,true,true,false,false,false,false,Two year,true,Bank transfer (automatic),118.68,4984.56,false
CUST-02968,Female,0,true,true,57,true,true,Fiber optic,false,false,true,true,true,true,One year,false,Mailed check,29.06,1656.42,false
CUST-02969,Male,0,false,true,11,true,true,No,true,false,false,true,true,true,One year,true,Mailed check,55.35,608.85,false
CUST-02970,Female,0,true,false,59,false,true,Fiber optic,true,true,true,true,true,true,Two year,true,Credit card (automatic),38.93,2296.87,false
CUST-02971,Female,0,false,true,38,true,true,No,true,true,true,false,true,true,Month-to-month,true,Bank transfer (automatic),105.74,4018.12,false
CUST-02972,Male,0,false,true,58,false,true,No,false,false,true,true,true,false,Month-to-month,true,Mailed check,45.86,2659.88,true
CUST-02973,Female,0,false,false,34,true,true,No,true,true,true,true,true,false,One year,true,Mailed check,63.51,2159.34,false
CUST-02974,Male,0,false,true,42,true,true,No,false,false,true,false,false,false,Month-to-month,true,Electronic check,24.56,1031.52,false
CUST-02975,Male,0,true,true,46,true,false,No,true,true,true,true,false,false,Month-to-month,false,Credit card (automatic),36.34,1671.64,false
CUST-02976,Female,1,true,false,43,true,false,No,true,false,false,false,false,true,Month-to-month,true,Bank transfer (automatic),97,4171,true
CUST-02977,Male,0,false,true,26,false,true,Fiber optic,true,false,true,true,false,false,Two year,false,Electronic check,73.43,1909.18,false
CUST-02978,Male,0,true,true,11,false,true,No,false,false,true,true,false,false,Month-to-month,false,Electronic check,62.12,683.32,false
CUST-02979,Male,0,false,false,32,true,true,Fiber optic,false,true,true,false,false,true,One year,false,Mailed check,48.92,1565.44,false
CUST-02980,Female,1,true,false,5,false,false,Fiber optic,true,true,false,true,false,true,Month-to-month,false,Electronic check,109.43,547.15,false
CUST-02981,Male,1,true,true,15,false,false,Fiber optic,true,true,false,false,false,false,Two year,false,Credit card (automatic),106.16,1592.4,false
CUST-02982,Male,0,false,true,63,false,true,Fiber optic,false,true,true,false,true,true,One year,false,Electronic check,61.1,3849.3,false
CUST-02983,Male,0,false,true,53,false,true,No,false,false,false,false,false,false,One year,true,Electronic check,102.55,5435.15,false
CUST-02984,Female,0,true,false,41,true,false,DSL,true,false,true,true,false,true,One year,true,Credit card (automatic),110.07,4512.87,false
CUST-02985,Male,1,false,false,48,true,true,No,false,false,true,false,false,false,One year,false,Credit card (automatic),45.61,2189.28,true
CUST-02986,Female,0,false,false,49,true,false,DSL,false,true,false,false,true,false,One year,false,Credit card (automatic),24.39,1195.11,true
CUST-02987,Male,0,false,true,13,false,true,Fiber optic,true,true,true,true,false,false,Month-to-month,false,Electronic check,109.48,1423.24,true
CUST-02988,Male,0,true,false,26,true,false,Fiber optic,false,true,false,false,false,true,One year,true,Bank transfer (automatic),107.59,2797.34,false
CUST-02989,Female,0,true,false,51,false,false,DSL,true,false,false,false,true,false,One year,true,Credit card (automatic),102.98,5251.98,false
CUST-02990,Male,0,true,false,49,true,false,No,true,true,false,false,true,true,Month-to-month,true,Electronic check,115.47,5658.03,false
CUST-02991,Male,0,true,true,44,true,true,Fiber optic,true,true,true,true,false,true,Month-to-month,true,Electronic check,37.31,1641.64,false
CUST-02992,Male,1,false,false,30,true,false,Fiber optic,true,false,false,false,true,true,Month-to-month,false,Mailed check,58.53,1755.9,false
CUST-02993,Male,0,true,true,37,true,true,DSL,true,false,false,false,true,false,Two year,true,Mailed check,97.61,3611.57,false
CUST-02994,Male,1,false,false,69,false,false,Fiber optic,true,false,false,false,true,false,One year,false,Bank transfer (automatic),43.38,2993.22,false
CUST-02995,Female,0,false,false,70,true,true,No,true,true,false,false,false,true,Two year,false,Bank transfer (automatic),87.61,6132.7,false
CUST-02996,Female,0,false,true,16,true,false,DSL,false,false,true,true,true,true,Month-to-month,true,Electronic check,114.37,1829.92,false
CUST-02997,Male,0,true,true,42,true,false,Fiber optic,true,true,false,false,false,false,One year,true,Credit card (automatic),103.49,4346.58,false
CUST-02998,Male,1,false,false,66,false,false,Fiber optic,false,false,true,true,true,true,One year,false,Credit card (automatic),56.72,3743.52,false
CUST-02999,Female,0,true,true,46,false,false,Fiber optic,false,false,true,true,false,true,Two year,true,Mailed check,69.53,3198.38,false
CUST-03000,Male,0,true,false,47,true,false,DSL,false,true,false,false,true,false,One year,false,Mailed check,109.37,5140.39,false
CUST-03001,Male,0,false,false,14,false,false,Fiber optic,false,false,false,false,false,false,One year,false,Bank transfer (automatic),93.29,1306.06,false
CUST-03002,Male,0,true,false,30,true,true,No,true,true,true,false,true,false,Two year,true,Credit card (automatic),109.56,3286.8,false
CUST-03003,Male,0,true,false,67,true,true,DSL,false,true,true,false,true,true,Two year,true,Credit card (automatic),57.52,3853.84,false
CUST-03004,Female,1,false,false,5,true,false,Fiber optic,true,true,true,true,true,true,Two year,false,Mailed check,61.35,306.75,false
CUST-03005,Female,0,false,true,69,false,true,DSL,true,true,false,true,false,false,Month-to-month,false,Bank transfer (automatic),70.29,4850.01,true
CUST-03006,Male,0,false,true,21,false,true,DSL,false,false,false,false,true,false,Month-to-month,false,Bank transfer (automatic),38.46,807.66,false
CUST-03007,Female,0,false,false,51,false,true,DSL,false,true,false,true,true,false,One year,true,Mailed check,34.6,1764.6,true
CUST-03008,Male,0,false,false,45,false,false,DSL,false,false,true,true,false,true,One year,true,Credit card (automatic),97.11,4369.95,false
CUST-03009,Female,0,true,false,64,true,false,Fiber optic,false,true,true,false,false,true,Two year,false,Credit card (automatic),86.55,5539.2,true
CUST-03010,Male,1,true,false,38,false,true,DSL,true,false,true,true,false,false,One year,false,Bank transfer (automatic),76.96,2924.48,false
CUST-03011,Male,0,true,false,13,false,false,No,false,true,true,false,false,true,Month-to-month,true,Credit card (automatic),111.51,1449.63,false
CUST-03012,Female,0,false,true,12,true,true,Fiber optic,true,false,true,false,true,false,One year,false,Electronic check,63.46,761.52,false
CUST-03013,Male,0,true,false,50,false,false,No,false,true,true,true,false,true,One year,true,Bank transfer (automatic),67.31,3365.5,true
CUST-03014,Female,0,true,false,27,false,false,No,true,true,true,false,true,true,One year,false,Bank transfer (automatic),74.02,1998.54,false
CUST-03015,Male,1,false,false,53,true,true,No,false,true,false,true,false,true,Two year,true,Mailed check,48.83,2587.99,false
CUST-03016,Female,0,false,true,56,true,false,Fiber optic,true,false,true,false,false,true,Month-to-month,true,Mailed check,109.74,6145.44,true
CUST-03017,Female,0,true,true,14,false,false,No,false,false,true,true,true,false,Two year,false,Electronic check,109.42,1531.88,false
CUST-03018,Male,1,true,true,6,true,true,Fiber optic,true,false,true,false,false,true,One year,false,Mailed check,119.97,719.82,false
CUST-03019,Female,0,true,true,48,true,false,No,true,false,true,true,false,false,One year,true,Mailed check,65.63,3150.24,false
CUST-03020,Male,0,false,true,15,false,true,DSL,false,true,false,true,false,false,Two year,false,Credit card (automatic),76.15,1142.25,false
CUST-03021,Female,0,false,false,9,true,true,No,true,false,false,true,true,true,Two year,false,Credit card (automatic),56.48,508.32,false
CUST-03022,Male,1,true,false,64,false,false,Fiber optic,false,true,false,true,true,false,One year,true,Credit card (automatic),101.94,6524.16,false
CUST-03023,Male,0,false,false,48,false,true,Fiber optic,false,true,false,false,true,true,Month-to-month,true,Mailed check,104.81,5030.88,true
CUST-03024,Male,1,false,true,68,true,true,No,false,true,false,true,false,false,One year,false,Bank transfer (automatic),34.99,2379.32,false
CUST-03025,Female,0,false,false,50,false,false,Fiber optic,false,false,false,true,false,true,Two year,false,Mailed check,94.99,4749.5,false
CUST-03026,Female,0,true,false,63,true,true,Fiber optic,true,true,false,true,true,true,Two year,false,Electronic check,56.79,3577.77,false
CUST-03027,Male,0,false,false,27,true,false,Fiber optic,true,false,true,true,false,true,Two year,true,Electronic check,43.49,1174.23,false
CUST-03028,Male,0,false,true,10,true,false,DSL,false,true,true,true,false,true,Month-to-month,true,Bank transfer (automatic),83.38,833.8,false
CUST-03029,Female,0,false,false,30,true,true,No,true,true,false,true,true,true,Month-to-month,true,Bank transfer (automatic),102.42,3072.6,false
CUST-03030,Male,1,false,false,64,false,true,DSL,true,true,true,true,false,true,Month-to-month,true,Electronic check,77.72,4974.08,false
CUST-03031,Female,0,false,true,72,false,false,Fiber optic,true,true,false,true,false,true,Month-to-month,false,Electronic check,64.6,4651.2,false
CUST-03032,Male,0,false,true,7,false,false,DSL,true,false,true,true,false,false,One year,true,Bank transfer (automatic),88.41,618.87,false
CUST-03033,Male,0,true,true,39,false,true,DSL,true,true,false,true,false,true,Two year,true,Electronic check,70.87,2763.93,false
CUST-03034,Male,0,false,false,6,false,true,DSL,true,true,false,false,true,false,One year,false,Electronic check,47.6,285.6,false
CUST-03035,Female,0,false,false,59,false,false,DSL,false,false,true,true,true,false,One year,true,Bank transfer (automatic),63.02,3718.18,true
CUST-03036,Male,1,true,false,15,true,true,Fiber optic,false,false,true,true,false,false,One year,false,Mailed check,117.47,1762.05,false
CUST-03037,Female,0,true,false,50,false,true,Fiber optic,true,true,false,true,true,true,Month-to-month,true,Bank transfer (automatic),101.08,5054,false
CUST-03038,Male,1,true,false,53,true,false,Fiber optic,true,true,false,false,false,false,One year,false,Credit card (automatic),73.62,3901.86,false
CUST-03039,Male,0,true,false,68,true,false,No,true,false,false,false,true,false,One year,true,Electronic check,80.04,5442.72,false
CUST-03040,Male,0,false,true,25,true,true,DSL,true,true,false,false,true,false,Month-to-month,true,Credit card (automatic),102.03,2550.75,true
CUST-03041,Female,0,false,true,49,true,true,DSL,false,true,true,true,true,true,Two year,true,Credit card (automatic),78.78,3860.22,false
CUST-03042,Female,0,false,true,43,true,false,No,true,true,true,false,false,false,Two year,false,Electronic check,94.73,4073.39,false
CUST-03043,Male,1,true,true,52,false,false,No,false,false,false,false,true,false,One year,false,Bank transfer (automatic),96.25,5005,true
CUST-03044,Female,0,true,false,57,false,true,DSL,true,true,true,true,true,true,Two year,false,Mailed check,74.46,4244.22,false
CUST-03045,Female,0,false,true,13,false,true,No,false,false,false,false,true,true,Month-to-month,true,Electronic check,115.03,1495.39,true
CUST-03046,Female,0,false,true,8,true,false,No,false,false,true,false,false,true,One year,false,Electronic check,28.06,224.48,false
CUST-03047,Male,1,true,false,68,true,true,No,true,true,false,false,true,true,Month-to-month,false,Bank transfer (automatic),37.05,2519.4,true
CUST-03048,Female,0,false,false,62,true,false,No,true,false,true,true,true,true,One year,false,Electronic check,21.83,1353.46,false
CUST-03049,Male,0,false,true,59,true,true,No,false,true,false,true,false,true,Two year,false,Credit card (automatic),24.2,1427.8,false
CUST-03050,Male,0,true,true,38,true,false,Fiber optic,true,false,true,true,false,true,One year,true,Credit card (automatic),67.89,2579.82,true
CUST-03051,Male,0,true,true,51,true,false,No,true,false,false,true,false,true,One year,true,Mailed check,106.44,5428.44,false
CUST-03052,Female,1,true,false,45,true,false,No,false,true,true,true,false,false,One year,false,Electronic check,68.67,3090.15,false
CUST-03053,Male,0,true,false,3,true,false,No,true,true,true,true,true,true,One year,false,Electronic check,23.62,70.86,false
CUST-03054,Male,0,false,true,66,true,true,No,false,false,false,true,false,true,Month-to-month,true,Credit card (automatic),46.86,3092.76,false
CUST-03055,Male,0,false,false,30,true,false,No,true,true,true,true,false,true,Month-to-month,true,Credit card (automatic),20.63,618.9,false
CUST-03056,Female,0,false,true,10,false,false,DSL,true,true,false,true,false,false,One year,true,Electronic check,105.6,1056,true
CUST-03057,Male,0,false,false,67,false,true,Fiber optic,false,false,false,true,true,true,One year,false,Mailed check,113.81,7625.27,false
CUST-03058,Male,0,true,true,40,false,false,Fiber optic,false,false,true,true,true,true,Two year,false,Electronic check,55.65,2226,true
CUST-03059,Female,0,false,false,31,false,true,Fiber optic,true,true,true,false,false,true,Two year,false,Mailed check,73.2,2269.2,false
CUST-03060,Female,0,true,true,21,true,false,No,false,false,true,true,false,true,Month-to-month,true,Bank transfer (automatic),100.7,2114.7,true
CUST-03061,Female,0,false,true,67,false,false,No,true,true,false,true,false,true,Month-to-month,false,Credit card (automatic),117.43,7867.81,false
CUST-03062,Female,0,false,true,59,false,false,DSL,true,false,true,true,false,true,One year,true,Bank transfer (automatic),40.73,2403.07,false
CUST-03063,Male,0,false,false,38,false,true,DSL,false,false,false,true,false,false,One year,true,Bank transfer (automatic),26.54,1008.52,true
CUST-03064,Female,0,false,false,22,false,true,No,false,true,true,false,false,true,One year,false,Electronic check,79.38,1746.36,false
CUST-03065,Male,0,true,false,50,false,false,No,false,false,false,true,false,false,Two year,false,Bank transfer (automatic),102.51,5125.5,false
CUST-03066,Female,0,true,false,3,false,false,No,true,true,true,false,false,false,Month-to-month,false,Bank transfer (automatic),72.97,218.91,false
CUST-03067,Female,0,true,true,19,true,false,No,false,true,true,false,false,false,One year,false,Bank transfer (automatic),113.86,2163.34,false
CUST-03068,Male,0,true,false,53,true,false,Fiber optic,true,false,false,true,false,false,Month-to-month,true,Bank transfer (automatic),83.23,4411.19,false
CUST-03069,Male,0,true,true,42,false,true,No,true,false,true,true,false,false,One year,true,Credit card (automatic),115,4830,false
CUST-03070,Female,0,true,false,43,false,false,No,true,false,true,true,false,false,Two year,true,Electronic check,89.26,3838.18,false
CUST-03071,Female,0,true,false,51,false,false,No,true,true,false,false,true,true,Month-to-month,true,Electronic check,63.3,3228.3,false
CUST-03072,Male,0,false,true,11,false,true,DSL,false,true,true,false,true,true,Two year,true,Mailed check,50.76,558.36,false
CUST-03073,Male,0,true,false,41,false,true,Fiber optic,false,false,true,false,false,true,One year,true,Credit card (automatic),56.65,2322.65,true
CUST-03074,Male,0,true,false,40,true,true,Fiber optic,true,true,true,true,false,true,Two year,false,Credit card (automatic),94.69,3787.6,false
CUST-03075,Male,1,true,true,48,false,false,DSL,true,false,true,false,false,true,Month-to-month,false,Bank transfer (automatic),22.73,1091.04,true
CUST-03076,Male,0,true,false,38,true,false,DSL,true,false,false,false,false,true,Month-to-month,true,Mailed check,102.99,3913.62,false
CUST-03077,Male,0,true,true,27,false,true,DSL,false,false,true,false,true,true,Two year,true,Bank transfer (automatic),79.47,2145.69,false
CUST-03078,Male,1,false,true,37,false,false,DSL,true,false,true,true,true,false,One year,false,Bank transfer (automatic),98.22,3634.14,false
CUST-03079,Male,0,false,true,70,true,true,No,false,true,true,false,true,false,Month-to-month,true,Mailed check,56.98,3988.6,true
CUST-03080,Male,0,true,false,41,true,false,Fiber optic,false,true,false,true,true,true,Two year,false,Credit card (automatic),104.13,4269.33,false
CUST-03081,Female,0,true,false,61,true,false,DSL,false,false,false,true,false,false,Two year,false,Mailed check,55.72,3398.92,false
CUST-03082,Female,0,true,false,13,false,false,DSL,true,false,false,false,false,false,One year,false,Mailed check,81.69,1061.97,false
CUST-03083,Female,0,false,false,70,false,true,Fiber optic,true,true,false,true,false,false,Two year,true,Credit card (automatic),35.66,2496.2,false
CUST-03084,Female,0,true,true,20,true,true,DSL,true,false,false,true,true,false,Two year,false,Electronic check,46.02,920.4,false
CUST-03085,Female,1,true,true,11,true,true,DSL,false,false,false,false,false,false,One year,false,Credit card (automatic),95.56,1051.16,false
CUST-03086,Male,0,false,false,17,true,false,Fiber optic,false,false,false,false,false,false,Month-to-month,true,Bank transfer (automatic),24.62,418.54,true
CUST-03087,Male,0,true,false,25,true,false,No,false,false,false,true,false,true,Month-to-month,false,Bank transfer (automatic),117.85,2946.25,true
CUST-03088,Female,0,true,true,51,true,false,DSL,true,false,true,false,false,true,Two year,false,Bank transfer (automatic),95.93,4892.43,false
CUST-03089,Female,0,true,true,1,true,false,Fiber optic,false,true,true,false,false,true,One year,false,Electronic check,67.68,67.68,false
CUST-03090,Male,0,false,false,67,false,false,DSL,true,true,false,false,false,false,One year,true,Bank transfer (automatic),80.91,5420.97,false
CUST-03091,Male,0,false,false,52,true,true,Fiber optic,false,false,true,false,false,false,Month-to-month,true,Mailed check,78.22,4067.44,true
CUST-03092,Male,0,false,false,52,true,false,Fiber optic,true,true,true,true,true,true,Month-to-month,false,Electronic check,46.15,2399.8,false
CUST-03093,Female,0,true,true,65,true,false,Fiber optic,false,false,true,false,true,true,One year,false,Mailed check,91.94,5976.1,false
CUST-03094,Female,0,false,false,54,false,true,Fiber optic,true,false,false,true,true,false,Two year,false,Mailed check,48.65,2627.1,false
CUST-03095,Female,0,false,false,7,true,true,No,false,false,true,false,true,true,Two year,true,Mailed check,29.42,205.94,false
CUST-03096,Female,1,false,false,26,false,true,Fiber optic,true,true,false,true,true,true,One year,false,Bank transfer (automatic),74.88,1946.88,false
CUST-03097,Female,0,false,false,29,false,false,Fiber optic,true,true,false,true,true,true,Month-to-month,true,Electronic check,105.08,3047.32,false
CUST-03098,Male,0,true,false,22,true,true,Fiber optic,false,false,false,true,true,true,Two year,false,Mailed check,80.52,1771.44,false
CUST-03099,Male,0,true,false,11,true,true,DSL,true,false,true,false,true,false,Two year,true,Credit card (automatic),21.85,240.35,false
CUST-03100,Female,0,false,true,71,false,false,No,false,true,true,true,true,true,Month-to-month,true,Mailed check,103.05,7316.55,true
CUST-03101,Male,0,false,true,32,false,true,Fiber optic,false,false,false,false,true,true,Month-to-month,false,Electronic check,57.23,1831.36,false
CUST-03102,Male,0,true,true,63,true,true,No,true,false,true,false,false,true,One year,true,Credit card (automatic),91.84,5785.92,true
CUST-03103,Male,0,true,true,7,true,false,No,false,false,true,true,true,true,Two year,false,Electronic check,60.71,424.97,false
CUST-03104,Male,1,true,true,49,true,true,No,true,true,false,true,true,false,Two year,true,Credit card (automatic),50.41,2470.09,false
CUST-03105,Female,0,false,true,58,true,true,DSL,true,true,true,false,false,false,Two year,false,Credit card (automatic),27.25,1580.5,true
CUST-03106,Male,1,true,false,52,true,true,Fiber optic,false,true,true,false,false,true,Month-to-month,false,Credit card (automatic),39.84,2071.68,false
CUST-03107,Female,0,true,true,15,true,false,DSL,false,true,false,true,true,false,One year,false,Bank transfer (automatic),28.7,430.5,true
CUST-03108,Female,1,true,true,45,true,false,Fiber optic,false,true,true,true,true,false,Two year,false,Mailed check,51.72,2327.4,true
CUST-03109,Female,0,true,false,3,true,true,No,true,true,false,true,true,false,One year,false,Electronic check,45.25,135.75,false
CUST-03110,Female,0,true,true,34,true,true,No,true,true,false,false,true,false,Two year,false,Bank transfer (automatic),43.61,1482.74,false
CUST-03111,Male,1,false,true,40,false,false,No,false,false,false,false,true,true,Month-to-month,false,Mailed check,101.62,4064.8,false
CUST-03112,Female,0,false,false,15,false,false,No,false,true,false,true,false,true,One year,true,Mailed check,39.31,589.65,false
CUST-03113,Male,0,true,true,52,false,true,No,false,true,false,false,true,false,One year,true,Electronic check,116.67,6066.84,false
CUST-03114,Male,0,false,false,55,true,false,Fiber optic,false,false,true,true,false,false,Month-to-month,true,Bank transfer (automatic),66.8,3674,false
CUST-03115,Male,1,true,true,61,false,true,Fiber optic,true,false,false,true,false,true,Two year,true,Electronic check,34.65,2113.65,false
CUST-03116,Male,0,false,false,38,true,false,Fiber optic,true,false,false,true,false,true,Month-to-month,true,Electronic check,68.82,2615.16,false
CUST-03117,Male,0,true,false,11,false,true,No,false,false,false,false,true,false,Month-to-month,true,Electronic check,55.52,610.72,false
CUST-03118,Male,0,true,false,55,false,true,No,false,false,true,false,true,false,Two year,true,Bank transfer (automatic),99.74,5485.7,false
CUST-03119,Female,0,true,true,48,false,true,No,false,false,true,false,false,false,Two year,false,Electronic check,107.54,5161.92,false
CUST-03120,Female,0,false,false,24,false,true,No,false,false,true,true,false,true,Two year,false,Bank transfer (automatic),50.11,1202.64,false
CUST-03121,Female,0,false,false,72,true,false,No,false,true,false,true,true,false,One year,true,Electronic check,35.93,2586.96,false
CUST-03122,Female,1,true,true,3,true,false,DSL,true,false,true,false,false,false,One year,true,Bank transfer (automatic),94.54,283.62,false
CUST-03123,Female,0,true,false,67,true,true,Fiber optic,false,true,true,true,false,false,Month-to-month,true,Credit card (automatic),24.7,1654.9,true
CUST-03124,Male,1,true,false,30,false,true,DSL,true,true,false,false,true,false,Month-to-month,false,Credit card (automatic),106.61,3198.3,true
CUST-03125,Female,0,false,false,41,true,false,Fiber optic,false,false,false,false,false,true,Two year,false,Bank transfer (automatic),107.36,4401.76,false
CUST-03126,Male,0,false,true,39,true,true,No,false,false,false,true,false,true,Two year,false,Bank transfer (automatic),85.7,3342.3,false
CUST-03127,Female,0,false,true,70,true,false,No,false,true,false,false,true,true,One year,true,Bank transfer (automatic),106.29,7440.3,false
CUST-03128,Male,0,true,false,2,false,true,DSL,true,false,false,true,true,true,Two year,false,Mailed check,98.41,196.82,false
CUST-03129,Female,0,false,true,54,true,true,DSL,true,true,true,true,false,false,Two year,true,Credit card (automatic),29.57,1596.78,false
CUST-03130,Male,1,true,false,46,false,false,DSL,false,true,true,false,true,false,Two year,true,Mailed check,47.41,2180.86,false
CUST-03131,Female,0,true,true,41,false,true,Fiber optic,true,false,true,false,false,false,One year,true,Bank transfer (automatic),100.12,4104.92,false
CUST-03132,Female,0,false,false,8,true,true,No,false,false,true,true,false,true,Two year,true,Mailed check,79.01,632.08,false
CUST-03133,Male,0,false,true,4,false,true,Fiber optic,false,true,false,true,false,true,One year,false,Mailed check,76.39,305.56,false
CUST-03134,Male,0,false,false,3,true,false,DSL,true,true,false,false,true,false,Two year,false,Mailed check,51.8,155.4,false
CUST-03135,Male,0,false,true,32,false,false,Fiber optic,false,true,true,true,true,true,Month-to-month,true,Electronic check,99.19,3174.08,false
CUST-03136,Male,0,false,true,56,true,false,Fiber optic,true,false,true,false,true,true,Two year,false,Mailed check,113.16,6336.96,false
CUST-03137,Female,0,false,true,67,false,false,Fiber optic,false,true,true,false,false,true,One year,false,Mailed check,62.85,4210.95,false
CUST-03138,Female,0,true,true,42,true,true,No,false,false,false,false,true,false,Month-to-month,true,Bank transfer (automatic),53.01,2226.42,false
CUST-03139,Female,0,true,false,70,false,false,Fiber optic,true,false,true,false,true,false,Month-to-month,true,Credit card (automatic),116.83,8178.1,true
CUST-03140,Female,0,false,true,31,true,true,DSL,false,true,true,false,false,true,Two year,false,Mailed check,109.67,3399.77,false
CUST-03141,Female,0,false,false,71,false,false,DSL,false,false,false,true,true,true,Two year,false,Credit card (automatic),58.6,4160.6,false
CUST-03142,Male,0,false,true,46,true,false,Fiber optic,true,true,false,false,true,true,Two year,false,Mailed check,106.15,4882.9,false
CUST-03143,Male,0,true,false,20,false,false,DSL,true,true,true,false,true,true,One year,true,Credit card (automatic),41.22,824.4,false
CUST-03144,Female,0,false,true,59,false,false,Fiber optic,false,true,false,false,false,true,Two year,true,Electronic check,108.04,6374.36,false
CUST-03145,Female,0,false,false,25,true,true,DSL,false,false,true,true,true,true,One year,false,Electronic check,27.17,679.25,false
CUST-03146,Female,0,false,true,18,true,true,DSL,false,true,false,false,true,true,Month-to-month,true,Electronic check,46.9,844.2,false
CUST-03147,Male,0,false,true,32,true,true,No,true,false,true,true,false,false,One year,true,Mailed check,52.24,1671.68,false
CUST-03148,Male,0,false,true,40,false,true,DSL,true,true,true,false,true,true,Month-to-month,true,Mailed check,22.28,891.2,false
CUST-03149,Female,1,true,false,20,true,false,Fiber optic,false,true,false,false,true,false,Two year,true,Mailed check,103.37,2067.4,false
CUST-03150,Male,0,true,true,58,false,true,No,true,true,true,true,false,false,Two year,true,Mailed check,73.51,4263.58,false
CUST-03151,Female,0,true,false,32,true,false,Fiber optic,false,true,false,true,true,true,Two year,false,Mailed check,67.03,2144.96,false
CUST-03152,Male,1,false,true,55,false,true,No,false,false,false,true,false,false,One year,false,Bank transfer (automatic),26.65,1465.75,false
CUST-03153,Male,0,true,false,20,false,true,DSL,false,true,true,true,false,false,Month-to-month,true,Electronic check,35.17,703.4,false
CUST-03154,Female,0,true,true,45,false,false,Fiber optic,true,false,true,false,true,true,One year,true,Electronic check,44.23,1990.35,false
CUST-03155,Male,0,false,true,24,false,false,No,true,true,false,true,true,false,Month-to-month,true,Credit card (automatic),82.81,1987.44,false
CUST-03156,Male,0,false,false,2,true,false,No,false,false,false,false,true,false,Two year,false,Bank transfer (automatic),76.52,153.04,false
CUST-03157,Male,0,true,false,22,true,false,DSL,true,false,false,true,true,true,One year,false,Electronic check,118.1,2598.2,true
CUST-03158,Female,1,true,true,25,false,false,No,false,true,false,true,false,false,Month-to-month,true,Electronic check,89.71,2242.75,true
CUST-03159,Male,0,false,true,16,false,false,Fiber optic,false,false,false,false,false,false,Two year,true,Credit card (automatic),86.86,1389.76,false
CUST-03160,Male,0,false,true,18,false,false,DSL,true,true,true,true,true,false,Month-to-month,true,Electronic check,93.34,1680.12,false
CUST-03161,Female,0,false,true,41,true,false,Fiber optic,true,true,false,false,true,true,Month-to-month,false,Electronic check,20.48,839.68,false
CUST-03162,Female,1,true,false,5,true,true,Fiber optic,false,false,false,true,true,true,Two year,false,Bank transfer (automatic),64.98,324.9,false
CUST-03163,Male,0,false,false,25,true,true,Fiber optic,false,false,false,false,false,false,Two year,false,Electronic check,71.61,1790.25,false
CUST-03164,Male,0,true,true,23,true,false,Fiber optic,false,true,false,true,true,true,Month-to-month,false,Credit card (automatic),24.94,573.62,true
CUST-03165,Male,0,true,true,43,false,true,Fiber optic,true,true,false,false,false,true,One year,false,Mailed check,88.7,3814.1,false
CUST-03166,Male,0,false,false,58,false,false,No,false,false,false,false,false,false,Month-to-month,false,Bank transfer (automatic),78.85,4573.3,false
CUST-03167,Female,0,false,true,15,true,true,No,true,false,true,false,true,true,Two year,false,Electronic check,27.82,417.3,false
CUST-03168,Male,0,true,false,53,false,true,DSL,true,true,true,false,true,true,One year,true,Credit card (automatic),72.3,3831.9,true
CUST-03169,Male,0,true,false,9,false,false,DSL,true,false,true,true,true,true,One year,false,Bank transfer (automatic),42.87,385.83,true
CUST-03170,Male,0,false,true,1,false,true,No,true,true,false,true,true,true,Month-to-month,false,Mailed check,28.49,28.49,true
CUST-03171,Female,0,false,false,11,true,true,Fiber optic,false,false,true,true,true,false,Month-to-month,false,Electronic check,110.59,1216.49,false
CUST-03172,Female,0,false,false,59,true,true,No,false,false,false,false,true,false,One year,false,Credit card (automatic),71.9,4242.1,true
CUST-03173,Female,0,false,false,38,true,true,Fiber optic,false,true,true,true,true,false,One year,false,Credit card (automatic),42.17,1602.46,false
CUST-03174,Female,0,true,false,53,true,false,DSL,true,true,true,true,true,true,Month-to-month,true,Bank transfer (automatic),39.16,2075.48,false
CUST-03175,Male,1,true,false,4,true,false,Fiber optic,true,false,false,false,false,true,Two year,true,Credit card (automatic),105.6,422.4,false
CUST-03176,Male,0,false,true,34,false,false,No,true,true,true,true,false,true,One year,false,Credit card (automatic),68.62,2333.08,false
CUST-03177,Female,0,false,true,58,true,true,No,false,true,false,true,true,false,One year,true,Mailed check,74.74,4334.92,false
CUST-03178,Female,0,true,true,61,false,false,DSL,true,false,true,true,true,false,One year,true,Electronic check,105.05,6408.05,false
CUST-03179,Female,0,false,true,71,true,true,Fiber optic,true,true,true,false,false,false,One year,false,Mailed check,74.75,5307.25,false
CUST-03180,Female,1,false,false,12,false,false,DSL,false,false,false,false,false,true,One year,true,Bank transfer (automatic),88.1,1057.2,true
CUST-03181,Female,0,false,true,27,true,true,DSL,true,false,false,false,true,true,Month-to-month,true,Credit card (automatic),73.43,1982.61,false
CUST-03182,Female,0,true,false,26,true,true,No,true,true,true,true,true,false,Month-to-month,true,Mailed check,76.35,1985.1,true
CUST-03183,Female,0,true,true,65,false,false,DSL,false,false,false,false,true,false,One year,false,Mailed check,31.15,2024.75,false
CUST-03184,Female,0,false,false,32,true,false,Fiber optic,false,true,true,false,true,false,Two year,true,Credit card (automatic),71.85,2299.2,false
CUST-03185,Male,0,false,false,65,false,true,Fiber optic,false,true,true,true,false,true,Month-to-month,true,Electronic check,44.95,2921.75,false
CUST-03186,Male,0,false,true,32,false,false,No,false,true,false,true,true,true,Month-to-month,true,Mailed check,36.08,1154.56,false
CUST-03187,Female,0,true,true,37,false,true,Fiber optic,true,true,false,true,false,false,Month-to-month,true,Bank transfer (automatic),103.42,3826.54,false
CUST-03188,Female,0,true,true,30,false,true,DSL,false,true,false,true,true,false,Two year,false,Credit card (automatic),22.84,685.2,false
CUST-03189,Female,1,true,false,41,true,true,Fiber optic,false,false,false,false,false,true,One year,false,Credit card (automatic),67.6,2771.6,false
CUST-03190,Male,0,false,false,56,true,false,Fiber optic,true,false,false,false,true,false,Two year,true,Electronic check,25.93,1452.08,false
CUST-03191,Male,1,false,false,55,false,false,DSL,true,true,true,true,true,true,Month-to-month,true,Credit card (automatic),58.56,3220.8,false
CUST-03192,Male,0,true,true,54,true,false,DSL,false,false,false,false,false,false,One year,false,Credit card (automatic),62.49,3374.46,false
CUST-03193,Female,0,true,true,29,false,true,DSL,false,true,true,true,false,false,Month-to-month,false,Electronic check,76.67,2223.43,true
CUST-03194,Female,0,true,false,44,true,false,DSL,true,true,false,true,true,true,Month-to-month,true,Mailed check,35.57,1565.08,false
CUST-03195,Male,0,true,false,55,false,false,Fiber optic,false,false,false,true,false,true,Two year,false,Mailed check,118.38,6510.9,false
CUST-03196,Female,0,false,false,30,true,false,DSL,true,true,true,false,false,true,Two year,true,Credit card (automatic),96.14,2884.2,false
CUST-03197,Male,0,true,true,31,true,true,Fiber optic,true,true,true,true,true,false,Two year,false,Bank transfer (automatic),118.38,3669.78,false
CUST-03198,Female,0,true,false,19,true,true,No,true,true,true,false,true,false,Month-to-month,true,Mailed check,84.96,1614.24,false
CUST-03199,Female,0,true,true,58,true,false,Fiber optic,true,true,false,false,true,false,Two year,false,Credit card (automatic),59.68,3461.44,false
CUST-03200,Female,0,false,false,15,false,true,Fiber optic,false,true,true,true,false,true,Month-to-month,true,Mailed check,71.27,1069.05,false
CUST-03201,Male,0,true,false,17,true,false,No,true,true,true,false,true,false,Two year,false,Electronic check,48.7,827.9,false
CUST-03202,Male,0,true,true,64,false,false,DSL,false,true,true,true,true,true,Month-to-month,true,Bank transfer (automatic),30.39,1944.96,false
CUST-03203,Female,0,true,true,51,true,false,Fiber optic,true,false,true,false,true,true,One year,true,Credit card (automatic),85.31,4350.81,false
CUST-03204,Female,0,false,false,49,true,false,Fiber optic,true,true,false,false,false,false,Month-to-month,true,Mailed check,72.28,3541.72,true
CUST-03205,Female,0,true,false,33,false,true,No,false,false,true,true,true,true,One year,true,Bank transfer (automatic),52.27,1724.91,false
CUST-03206,Female,0,false,false,10,false,true,DSL,false,false,false,false,true,true,One year,false,Credit card (automatic),53.9,539,true
CUST-03207,Female,0,true,false,24,false,true,DSL,false,true,true,true,false,true,One year,false,Electronic check,61.14,1467.36,true
CUST-03208,Male,0,true,false,62,true,false,No,false,true,false,false,true,true,Month-to-month,true,Bank transfer (automatic),48.15,2985.3,false
CUST-03209,Male,0,true,true,65,false,true,DSL,false,false,false,false,false,false,Two year,true,Credit card (automatic),74.44,4838.6,false
CUST-03210,Male,0,false,true,10,true,false,DSL,true,false,true,true,true,true,One year,false,Bank transfer (automatic),69.87,698.7,false
CUST-03211,Male,1,true,true,23,true,true,Fiber optic,false,true,false,true,true,true,Two year,false,Credit card (automatic),20.61,474.03,false
CUST-03212,Female,0,false,true,33,false,false,Fiber optic,false,true,true,false,false,true,One year,false,Credit card (automatic),75.26,2483.58,false
CUST-03213,Female,0,false,false,3,false,true,No,false,false,false,true,false,false,Two year,true,Mailed check,32.49,97.47,false
CUST-03214,Female,0,true,false,59,false,true,DSL,true,true,true,true,true,false,Month-to-month,true,Credit card (automatic),98.07,5786.13,false
CUST-03215,Male,0,false,true,58,true,false,DSL,false,true,false,false,false,false,Two year,true,Mailed check,46.32,2686.56,false
CUST-03216,Female,0,true,true,45,false,false,DSL,false,false,false,true,true,true,Two year,false,Mailed check,51.52,2318.4,false
CUST-03217,Female,1,false,true,19,true,false,No,true,false,true,false,false,true,One year,true,Electronic check,85.21,1618.99,false
CUST-03218,Male,0,true,true,11,true,true,No,false,true,true,false,false,true,Two year,true,Bank transfer (automatic),74.85,823.35,false
CUST-03219,Male,0,true,false,56,true,true,No,false,true,true,false,true,true,Month-to-month,true,Bank transfer (automatic),29.04,1626.24,true
CUST-03220,Female,0,true,true,46,true,false,Fiber optic,false,true,false,true,true,true,Two year,true,Electronic check,74.94,3447.24,false
CUST-03221,Male,0,true,true,63,true,false,No,false,true,false,true,true,true,Two year,true,Credit card (automatic),99.94,6296.22,false
CUST-03222,Male,0,false,false,41,false,false,No,false,false,true,true,false,true,One year,true,Bank transfer (automatic),68.3,2800.3,true
CUST-03223,Female,0,false,false,46,false,false,DSL,true,false,false,true,false,false,One year,false,Mailed check,45.31,2084.26,false
CUST-03224,Male,0,false,false,8,false,false,Fiber optic,false,true,true,true,false,true,One year,false,Electronic check,66.91,535.28,false
CUST-03225,Female,0,true,true,4,true,true,No,false,false,true,false,true,false,Two year,false,Credit card (automatic),42,168,false
CUST-03226,Male,0,false,true,7,false,false,No,false,false,false,true,false,true,Two year,false,Bank transfer (automatic),25.33,177.31,false
CUST-03227,Male,1,false,false,5,true,true,DSL,false,false,false,false,false,true,Month-to-month,true,Mailed check,64.25,321.25,false
CUST-03228,Female,0,true,false,51,false,false,No,true,true,false,true,true,true,Two year,true,Electronic check,76.89,3921.39,false
CUST-03229,Female,0,false,false,2,true,true,Fiber optic,true,true,false,true,true,false,Two year,false,Mailed check,61.06,122.12,false
CUST-03230,Female,0,true,false,62,true,true,DSL,true,true,true,true,true,false,Two year,false,Mailed check,85.41,5295.42,false
CUST-03231,Female,0,true,true,44,true,false,No,false,false,true,false,false,false,Two year,true,Mailed check,76.26,3355.44,false
CUST-03232,Male,0,false,true,20,true,true,DSL,true,true,true,false,true,true,One year,false,Electronic check,53.07,1061.4,false
CUST-03233,Female,0,false,false,12,true,true,No,false,false,true,true,true,false,One year,true,Bank transfer (automatic),25.82,309.84,false
CUST-03234,Male,0,false,true,17,false,false,Fiber optic,false,false,false,true,true,false,One year,true,Bank transfer (automatic),110.03,1870.51,false
CUST-03235,Female,1,true,true,62,true,false,DSL,false,false,false,false,true,true,Month-to-month,true,Bank transfer (automatic),32.74,2029.88,false
CUST-03236,Male,0,true,true,18,true,true,No,false,true,false,false,true,true,One year,false,Credit card (automatic),84.54,1521.72,false
CUST-03237,Male,0,true,true,7,false,false,No,true,false,false,true,false,true,Month-to-month,true,Credit card (automatic),103.12,721.84,false
CUST-03238,Male,0,true,false,34,true,false,Fiber optic,false,false,true,true,false,false,Two year,false,Credit card (automatic),82.47,2803.98,false
CUST-03239,Male,0,true,false,56,true,true,DSL,true,true,false,true,false,false,Month-to-month,true,Mailed check,98.17,5497.52,true
CUST-03240,Female,0,false,false,69,true,false,DSL,false,true,false,true,false,true,Two year,false,Electronic check,48.58,3352.02,false
CUST-03241,Female,0,false,false,51,true,false,No,false,false,false,false,false,true,Two year,true,Bank transfer (automatic),63.15,3220.65,false
CUST-03242,Female,0,false,false,63,true,false,Fiber optic,false,false,true,false,false,true,Month-to-month,false,Credit card (automatic),111.37,7016.31,false
CUST-03243,Male,0,true,true,52,true,false,Fiber optic,true,true,false,false,true,false,Two year,true,Credit card (automatic),66.59,3462.68,true
CUST-03244,Male,0,true,false,2,true,false,Fiber optic,false,true,true,false,true,true,One year,true,Mailed check,43.16,86.32,false
CUST-03245,Male,0,true,true,50,false,true,DSL,false,true,true,false,true,true,One year,false,Electronic check,98.31,4915.5,false
CUST-03246,Male,0,false,false,14,false,false,No,true,true,false,false,true,false,Two year,false,Mailed check,108.3,1516.2,false
CUST-03247,Female,0,false,false,18,false,true,Fiber optic,false,true,true,true,true,false,Month-to-month,true,Mailed check,55.72,1002.96,false
CUST-03248,Female,1,false,true,68,true,false,DSL,true,false,true,false,false,true,Two year,false,Mailed check,48.93,3327.24,false
CUST-03249,Female,0,false,true,22,false,true,Fiber optic,true,false,true,false,false,false,One year,true,Bank transfer (automatic),80.55,1772.1,false
CUST-03250,Male,0,true,true,5,true,false,DSL,true,false,false,true,true,false,One year,true,Electronic check,116.99,584.95,true
CUST-03251,Female,0,false,true,26,true,false,Fiber optic,true,true,false,false,false,true,Two year,false,Credit card (automatic),42.19,1096.94,false
CUST-03252,Male,0,false,false,42,false,true,DSL,false,true,true,true,false,true,Month-to-month,true,Credit card (automatic),83.11,3490.62,false
CUST-03253,Male,0,false,true,24,false,true,DSL,false,false,true,false,false,false,Two year,false,Bank transfer (automatic),101.13,2427.12,false
CUST-03254,Male,0,true,true,38,false,true,DSL,false,true,false,false,false,false,One year,false,Credit card (automatic),71.77,2727.26,false
CUST-03255,Female,0,true,false,22,false,false,No,false,false,true,true,false,false,Two year,false,Mailed check,92.48,2034.56,false
CUST-03256,Male,0,true,false,34,false,false,No,false,false,true,false,true,true,One year,false,Electronic check,50.21,1707.14,true
CUST-03257,Male,0,true,false,17,true,true,Fiber optic,true,true,false,false,true,false,Two year,false,Credit card (automatic),92.89,1579.13,false
CUST-03258,Female,1,false,true,44,false,true,No,true,false,true,true,true,false,Two year,true,Electronic check,117.57,5173.08,false
CUST-03259,Female,1,true,true,71,true,true,No,true,true,true,false,true,true,One year,true,Credit card (automatic),44.5,3159.5,false
CUST-03260,Male,0,false,true,48,false,false,No,false,false,true,false,false,false,Two year,false,Electronic check,100.43,4820.64,false
CUST-03261,Male,0,false,false,25,true,false,Fiber optic,false,false,false,true,true,false,One year,false,Mailed check,109.35,2733.75,false
CUST-03262,Female,1,true,false,42,true,false,No,false,false,false,true,true,true,Two year,true,Electronic check,114.67,4816.14,false
CUST-03263,Male,0,true,true,39,false,false,Fiber optic,true,true,false,true,true,true,One year,true,Electronic check,69.52,2711.28,false
CUST-03264,Female,0,true,false,38,false,false,Fiber optic,true,true,true,true,false,true,Month-to-month,true,Bank transfer (automatic),93.21,3541.98,false
CUST-03265,Male,0,false,true,36,true,false,DSL,true,true,false,true,false,true,One year,true,Bank transfer (automatic),61.66,2219.76,false
CUST-03266,Male,0,false,true,69,false,false,Fiber optic,true,false,true,true,true,false,Month-to-month,false,Electronic check,74.87,5166.03,true
CUST-03267,Female,0,true,true,21,false,true,DSL,true,true,true,true,false,false,Month-to-month,true,Electronic check,94.58,1986.18,true
CUST-03268,Male,1,true,false,54,true,true,Fiber optic,true,true,true,true,true,true,One year,false,Credit card (automatic),35.53,1918.62,false
CUST-03269,Male,1,false,false,59,true,false,Fiber optic,false,false,true,false,true,true,Two year,false,Mailed check,118,6962,false
CUST-03270,Female,0,true,true,21,false,true,DSL,true,false,false,true,false,true,Month-to-month,false,Bank transfer (automatic),23.9,501.9,true
CUST-03271,Male,0,false,false,71,true,true,No,false,true,true,true,false,false,Month-to-month,true,Bank transfer (automatic),103.73,7364.83,true
CUST-03272,Female,0,false,true,22,false,false,DSL,false,false,true,false,false,true,One year,true,Credit card (automatic),77.58,1706.76,false
CUST-03273,Female,0,true,false,44,true,false,Fiber optic,false,false,true,true,true,false,Month-to-month,false,Mailed check,95.48,4201.12,false
CUST-03274,Male,1,false,false,38,false,true,DSL,false,false,true,true,true,true,One year,false,Bank transfer (automatic),59.72,2269.36,false
CUST-03275,Male,0,false,false,6,false,true,Fiber optic,true,true,true,true,true,false,One year,true,Mailed check,81.98,491.88,false
CUST-03276,Female,0,false,false,44,false,false,DSL,true,true,true,false,true,false,Month-to-month,false,Electronic check,89.79,3950.76,false
CUST-03277,Female,0,false,true,64,true,false,DSL,true,false,true,true,false,false,Month-to-month,false,Credit card (automatic),93.99,6015.36,false
CUST-03278,Female,0,true,false,35,true,false,No,true,true,false,false,true,true,One year,true,Electronic check,73.94,2587.9,false
CUST-03279,Female,0,false,false,13,false,false,DSL,false,true,true,false,true,false,Two year,false,Credit card (automatic),81.43,1058.59,false
CUST-03280,Female,0,false,true,34,false,true,No,true,false,true,false,true,false,Two year,false,Bank transfer (automatic),78.93,2683.62,false
CUST-03281,Female,0,false,false,26,true,true,Fiber optic,false,false,false,true,true,true,Month-to-month,true,Credit card (automatic),39.16,1018.16,true
CUST-03282,Male,0,true,false,67,false,true,Fiber optic,true,true,false,true,true,true,Two year,false,Electronic check,116.89,7831.63,false
CUST-03283,Female,0,true,false,15,false,false,DSL,true,true,false,false,true,false,One year,true,Mailed check,86.96,1304.4,true
CUST-03284,Female,0,true,true,7,true,true,No,false,false,false,false,true,true,Two year,true,Mailed check,115.26,806.82,false
CUST-03285,Female,0,true,false,16,true,false,Fiber optic,true,true,true,true,false,true,Two year,true,Electronic check,54.61,873.76,false
CUST-03286,Male,1,false,true,27,true,true,DSL,false,false,false,true,true,false,Month-to-month,false,Bank transfer (automatic),39.69,1071.63,true
CUST-03287,Female,0,true,false,3,true,false,No,false,true,false,true,false,false,Month-to-month,false,Credit card (automatic),86.69,260.07,true
CUST-03288,Female,1,false,false,12,true,false,Fiber optic,false,true,true,true,true,true,Two year,false,Bank transfer (automatic),108.5,1302,false
CUST-03289,Male,1,true,true,33,true,false,No,false,true,false,true,false,true,Month-to-month,true,Mailed check,41.36,1364.88,false
CUST-03290,Female,0,true,false,24,false,true,Fiber optic,true,true,true,true,false,true,Two year,false,Credit card (automatic),93.9,2253.6,false
CUST-03291,Female,0,true,false,30,false,false,DSL,true,false,false,true,false,true,Two year,true,Electronic check,98.07,2942.1,false
CUST-03292,Male,0,true,true,57,true,true,Fiber optic,true,false,true,false,false,false,Two year,true,Electronic check,101.14,5764.98,false
CUST-03293,Male,0,true,true,23,false,true,Fiber optic,true,false,false,false,true,false,Two year,true,Bank transfer (automatic),48.18,1108.14,false
CUST-03294,Male,0,true,true,32,true,true,DSL,true,false,false,false,false,true,Two year,true,Credit card (automatic),80.84,2586.88,false
CUST-03295,Female,0,true,false,32,true,false,DSL,false,false,false,false,true,true,Two year,true,Mailed check,46.83,1498.56,false
CUST-03296,Female,0,true,true,11,false,false,DSL,true,false,false,false,false,true,Month-to-month,false,Electronic check,90.75,998.25,false
CUST-03297,Male,0,true,true,62,true,false,DSL,false,true,false,true,false,false,Two year,false,Credit card (automatic),31.82,1972.84,false
CUST-03298,Female,0,false,true,46,true,true,DSL,false,true,true,true,false,true,Month-to-month,true,Mailed check,112.56,5177.76,false
CUST-03299,Male,0,true,false,46,false,false,Fiber optic,true,false,true,true,false,true,Two year,false,Bank transfer (automatic),61.89,2846.94,false
CUST-03300,Male,0,false,false,27,true,false,No,true,true,false,true,true,false,Two year,true,Credit card (automatic),59.83,1615.41,false
CUST-03301,Female,0,true,false,71,false,true,Fiber optic,true,true,true,false,true,false,Month-to-month,true,Mailed check,47.24,3354.04,true
CUST-03302,Female,1,false,false,6,true,true,No,false,true,true,false,false,false,One year,false,Mailed check,55.48,332.88,true
CUST-03303,Female,0,true,true,46,true,false,No,false,false,true,false,true,false,Two year,true,Mailed check,51.99,2391.54,false
CUST-03304,Male,0,true,false,15,false,true,Fiber optic,true,false,false,false,true,false,Month-to-month,true,Bank transfer (automatic),28.35,425.25,false
CUST-03305,Female,0,true,true,22,true,true,Fiber optic,true,false,true,false,true,false,One year,true,Electronic check,97.7,2149.4,true
CUST-03306,Male,0,true,true,14,false,true,DSL,false,false,true,false,true,true,One year,false,Mailed check,74.88,1048.32,false
CUST-03307,Male,1,false,true,8,true,true,DSL,false,false,false,false,false,true,Month-to-month,false,Credit card (automatic),27.08,216.64,false
CUST-03308,Female,1,false,true,44,true,false,No,false,false,true,true,false,true,One year,true,Credit card (automatic),50.29,2212.76,false
CUST-03309,Male,0,false,false,33,false,false,DSL,false,false,true,false,false,true,Month-to-month,false,Mailed check,22.46,741.18,true
CUST-03310,Female,0,true,true,8,false,false,Fiber optic,false,true,false,false,false,true,One year,true,Credit card (automatic),106.95,855.6,false
CUST-03311,Female,0,true,false,37,false,true,No,true,false,true,false,true,true,Month-to-month,false,Mailed check,76.18,2818.66,false
CUST-03312,Female,0,true,false,42,false,false,Fiber optic,true,false,false,false,true,true,Month-to-month,true,Electronic check,35.2,1478.4,false
CUST-03313,Female,0,false,false,57,true,true,Fiber optic,true,true,false,false,true,false,Two year,true,Mailed check,32.85,1872.45,false
CUST-03314,Female,0,true,false,37,false,true,Fiber optic,false,true,false,false,true,true,Two year,false,Credit card (automatic),37.16,1374.92,false
CUST-03315,Female,1,false,true,43,false,true,DSL,false,false,true,false,true,true,Two year,true,Electronic check,91.36,3928.48,false
CUST-03316,Female,0,false,true,6,true,false,No,false,false,false,true,true,false,Month-to-month,true,Credit card (automatic),35.51,213.06,false
CUST-03317,Male,0,false,true,61,false,true,Fiber optic,true,false,true,true,false,true,Two year,false,Mailed check,72.3,4410.3,false
CUST-03318,Male,0,true,false,35,true,true,DSL,true,true,false,true,false,true,Two year,true,Credit card (automatic),82.85,2899.75,false
CUST-03319,Male,0,false,true,3,false,false,No,true,true,true,false,true,true,Two year,false,Mailed check,76.74,230.22,false
CUST-03320,Female,1,true,false,66,false,true,No,false,true,false,true,false,true,Two year,true,Mailed check,56.85,3752.1,false
CUST-03321,Female,0,true,false,17,false,true,No,true,true,false,false,false,true,Two year,false,Credit card (automatic),25.82,438.94,false
CUST-03322,Female,0,false,true,27,false,true,Fiber optic,false,false,true,true,false,false,One year,false,Electronic check,87.86,2372.22,false
CUST-03323,Male,0,true,true,41,true,true,Fiber optic,true,false,false,true,true,false,One year,false,Bank transfer (automatic),59.19,2426.79,false
CUST-03324,Female,0,false,true,11,true,false,DSL,false,true,false,true,true,false,Two year,false,Credit card (automatic),98.45,1082.95,false
CUST-03325,Male,0,false,true,7,true,false,No,true,true,false,true,true,false,One year,false,Electronic check,41.39,289.73,true
CUST-03326,Male,1,false,true,69,false,false,No,true,true,true,true,false,true,Two year,false,Bank transfer (automatic),94.44,6516.36,false
CUST-03327,Male,0,false,true,59,false,true,DSL,true,true,false,false,false,true,One year,true,Mailed check,37.71,2224.89,true
CUST-03328,Male,0,true,false,59,true,true,Fiber optic,false,true,true,false,true,false,One year,false,Electronic check,102.99,6076.41,false
CUST-03329,Male,0,true,false,15,false,false,DSL,false,true,false,false,true,true,Two year,true,Electronic check,62.64,939.6,false
CUST-03330,Male,1,false,false,31,false,true,No,false,true,true,true,true,false,Month-to-month,false,Bank transfer (automatic),93.08,2885.48,true
CUST-03331,Female,1,true,false,56,false,true,Fiber optic,true,false,false,true,false,false,One year,false,Bank transfer (automatic),41.44,2320.64,false
CUST-03332,Female,0,true,false,23,false,true,No,false,false,false,true,true,false,Two year,true,Bank transfer (automatic),85.11,1957.53,false
CUST-03333,Male,0,false,true,8,false,false,Fiber optic,false,false,true,false,true,false,One year,true,Mailed check,59.04,472.32,false
CUST-03334,Female,0,false,true,66,true,false,No,false,false,false,false,false,true,Two year,false,Bank transfer (automatic),109.72,7241.52,false
CUST-03335,Male,1,true,true,36,false,true,No,true,false,false,true,true,false,One year,false,Credit card (automatic),81.24,2924.64,false
CUST-03336,Female,0,true,true,68,true,true,No,false,true,true,true,true,false,Two year,true,Bank transfer (automatic),28.68,1950.24,false
CUST-03337,Male,0,true,true,10,true,false,DSL,true,true,true,false,false,true,Two year,true,Credit card (automatic),56.07,560.7,false
CUST-03338,Male,1,true,true,48,true,true,Fiber optic,false,false,true,true,false,true,One year,true,Bank transfer (automatic),37.17,1784.16,false
CUST-03339,Female,0,false,true,40,true,false,No,false,false,false,true,false,true,Month-to-month,true,Electronic check,83.14,3325.6,false
CUST-03340,Male,1,true,false,5,true,false,DSL,false,true,true,false,true,false,Month-to-month,true,Electronic check,108.16,540.8,false
CUST-03341,Male,0,false,false,22,true,false,DSL,false,true,true,true,true,true,One year,true,Mailed check,47.83,1052.26,false
CUST-03342,Male,0,true,true,9,true,true,No,false,true,true,false,true,false,Two year,false,Credit card (automatic),84.31,758.79,false
CUST-03343,Female,0,true,true,31,false,true,No,false,true,false,false,false,false,One year,false,Credit card (automatic),66.82,2071.42,false
CUST-03344,Male,0,false,true,14,false,true,Fiber optic,false,false,false,false,true,true,Two year,false,Electronic check,87.09,1219.26,false
CUST-03345,Female,0,false,false,45,true,true,DSL,true,false,false,true,true,false,Two year,false,Credit card (automatic),79.97,3598.65,false
CUST-03346,Female,0,true,false,66,false,true,DSL,true,true,true,true,false,false,Two year,true,Mailed check,23.6,1557.6,false
CUST-03347,Male,0,true,true,61,true,true,DSL,false,false,true,true,true,true,One year,true,Electronic check,56.68,3457.48,false
CUST-03348,Male,0,true,false,14,true,true,DSL,true,false,false,false,false,false,Month-to-month,false,Electronic check,103.49,1448.86,true
CUST-03349,Male,0,true,true,35,false,true,DSL,true,true,true,false,false,true,One year,true,Credit card (automatic),119.87,4195.45,false
CUST-03350,Female,1,true,true,66,true,true,DSL,true,false,true,true,true,true,Two year,false,Electronic check,63.87,4215.42,false
CUST-03351,Male,0,true,false,12,false,false,DSL,true,true,false,true,false,false,Month-to-month,true,Credit card (automatic),107.38,1288.56,false
CUST-03352,Male,0,false,true,15,false,false,DSL,false,false,true,true,true,false,Month-to-month,false,Bank transfer (automatic),117.64,1764.6,true
CUST-03353,Female,0,false,true,10,false,true,DSL,false,true,true,false,true,false,Month-to-month,false,Bank transfer (automatic),91.49,914.9,true
CUST-03354,Female,0,false,false,68,false,false,No,true,false,true,false,false,false,Two year,true,Credit card (automatic),47.54,3232.72,false
CUST-03355,Female,0,true,false,42,false,true,Fiber optic,true,true,true,true,false,false,One year,false,Credit card (automatic),54.03,2269.26,true
CUST-03356,Female,0,false,false,24,false,true,Fiber optic,true,false,false,false,true,true,Month-to-month,false,Credit card (automatic),32.07,769.68,true
CUST-03357,Female,0,false,true,11,true,false,Fiber optic,true,true,false,true,true,true,One year,true,Mailed check,84.62,930.82,false
CUST-03358,Female,0,false,true,49,true,false,Fiber optic,true,false,false,false,false,true,One year,false,Electronic check,62.08,3041.92,false
CUST-03359,Male,0,false,true,65,false,true,Fiber optic,false,true,true,false,true,false,One year,true,Mailed check,24.39,1585.35,false
CUST-03360,Female,0,false,true,31,false,false,DSL,false,true,false,false,false,true,Two year,false,Electronic check,50.04,1551.24,false
CUST-03361,Male,1,true,false,38,false,true,No,true,true,false,true,false,false,One year,true,Credit card (automatic),21.29,809.02,true
CUST-03362,Female,0,false,true,24,false,false,Fiber optic,true,true,false,false,true,false,Month-to-month,false,Bank transfer (automatic),119.68,2872.32,false
CUST-03363,Female,0,false,true,41,true,false,No,true,false,false,false,false,false,Month-to-month,true,Bank transfer (automatic),89.63,3674.83,false
CUST-03364,Male,1,false,false,41,true,false,DSL,false,false,true,false,false,false,One year,true,Credit card (automatic),20.4,836.4,false
CUST-03365,Male,0,true,false,43,false,true,Fiber optic,false,false,true,true,true,true,Month-to-month,true,Bank transfer (automatic),25.62,1101.66,false
CUST-03366,Male,0,true,true,34,false,true,Fiber optic,true,false,false,true,true,true,One year,false,Electronic check,57.62,1959.08,false
CUST-03367,Female,0,false,false,39,true,true,Fiber optic,true,true,false,true,true,true,One year,true,Bank transfer (automatic),48.12,1876.68,false
CUST-03368,Male,0,true,false,46,true,false,DSL,false,true,false,false,true,true,Two year,false,Bank transfer (automatic),37.33,1717.18,false
CUST-03369,Female,1,false,true,43,true,true,Fiber optic,true,true,false,false,false,false,Two year,true,Bank transfer (automatic),84.65,3639.95,false
CUST-03370,Female,0,true,false,46,false,false,Fiber optic,true,true,true,false,false,true,Month-to-month,true,Mailed check,93.12,4283.52,false
CUST-03371,Male,1,false,true,11,true,false,Fiber optic,true,true,true,true,false,true,Two year,false,Bank transfer (automatic),95.24,1047.64,false
CUST-03372,Female,0,true,false,34,true,true,DSL,true,true,false,false,true,true,One year,true,Electronic check,83.43,2836.62,false
CUST-03373,Female,0,true,false,9,false,true,No,false,true,true,false,true,false,Two year,false,Mailed check,90.78,817.02,false
CUST-03374,Female,0,false,true,35,true,true,DSL,true,true,false,true,false,false,Month-to-month,true,Mailed check,36.02,1260.7,true
CUST-03375,Female,0,false,false,68,true,true,No,false,false,false,true,false,false,Month-to-month,false,Credit card (automatic),105.53,7176.04,false
CUST-03376,Female,0,true,false,41,false,true,No,true,false,false,false,true,true,Two year,false,Credit card (automatic),44.71,1833.11,false
CUST-03377,Female,1,true,false,7,true,false,Fiber optic,false,false,true,true,false,false,Two year,false,Mailed check,101.36,709.52,false
CUST-03378,Female,0,true,true,49,false,true,DSL,true,true,true,true,false,false,Month-to-month,false,Electronic check,118.75,5818.75,true
CUST-03379,Male,1,false,true,42,false,false,DSL,true,true,false,true,false,true,Two year,true,Bank transfer (automatic),91.01,3822.42,false
CUST-03380,Female,0,false,true,33,true,false,Fiber optic,true,true,true,true,false,false,Month-to-month,true,Mailed check,24.26,800.58,false
CUST-03381,Male,0,true,true,21,false,true,DSL,false,false,false,true,true,true,Two year,true,Bank transfer (automatic),90.24,1895.04,false
CUST-03382,Male,0,true,false,42,true,false,DSL,true,false,true,true,true,true,Two year,false,Mailed check,59.25,2488.5,false
CUST-03383,Female,0,true,false,64,true,false,Fiber optic,false,false,false,true,false,false,Month-to-month,false,Electronic check,23.42,1498.88,false
CUST-03384,Male,1,false,true,66,true,false,Fiber optic,true,true,true,true,false,true,Month-to-month,true,Electronic check,113.46,7488.36,false
CUST-03385,Male,0,false,true,62,true,true,DSL,false,false,true,true,true,true,Month-to-month,true,Electronic check,50.96,3159.52,false
CUST-03386,Male,0,false,false,20,false,true,No,false,true,false,true,false,false,Two year,true,Bank transfer (automatic),56.97,1139.4,false
CUST-03387,Male,0,true,true,4,true,true,No,true,true,true,false,false,false,One year,false,Mailed check,50.59,202.36,false
CUST-03388,Female,0,true,true,46,true,false,DSL,true,true,true,false,true,true,Month-to-month,true,Credit card (automatic),119.63,5502.98,true
CUST-03389,Male,0,false,false,21,true,false,DSL,false,true,false,false,false,false,Month-to-month,true,Mailed check,67.96,1427.16,false
CUST-03390,Female,0,false,true,34,true,true,Fiber optic,true,true,true,false,true,true,Month-to-month,true,Credit card (automatic),85.55,2908.7,true
CUST-03391,Male,0,true,true,41,true,true,Fiber optic,true,false,false,true,true,false,One year,false,Electronic check,95.39,3910.99,true
CUST-03392,Male,1,true,true,31,false,true,Fiber optic,false,true,true,true,true,false,One year,true,Bank transfer (automatic),21.87,677.97,false
CUST-03393,Female,0,true,true,44,false,true,DSL,true,true,true,false,false,true,Two year,true,Mailed check,98.07,4315.08,false
CUST-03394,Male,0,true,false,5,true,true,Fiber optic,true,false,false,false,true,true,Two year,false,Mailed check,38.44,192.2,false
CUST-03395,Male,0,true,true,13,false,true,DSL,false,false,false,false,false,false,One year,true,Mailed check,119.74,1556.62,false
CUST-03396,Female,1,false,true,14,false,true,Fiber optic,true,false,false,false,true,true,Month-to-month,false,Bank transfer (automatic),60.31,844.34,true
CUST-03397,Male,0,false,true,18,false,false,DSL,false,true,true,true,true,true,Two year,true,Bank transfer (automatic),90.31,1625.58,false
CUST-03398,Male,0,false,true,5,false,true,No,true,true,true,true,false,false,One year,false,Credit card (automatic),71.41,357.05,true
CUST-03399,Male,0,false,false,72,true,true,Fiber optic,false,true,true,true,true,true,One year,true,Electronic check,67.22,4839.84,false
CUST-03400,Female,1,false,false,67,true,false,Fiber optic,true,true,false,true,false,true,Month-to-month,false,Mailed check,115.19,7717.73,false
CUST-03401,Male,0,true,false,51,false,false,DSL,true,false,true,false,true,true,Two year,true,Electronic check,78.37,3996.87,false
CUST-03402,Male,1,false,false,56,false,true,DSL,false,false,false,true,false,true,Two year,true,Electronic check,78.6,4401.6,false
CUST-03403,Female,0,false,false,23,true,true,No,false,true,false,false,false,true,Month-to-month,false,Electronic check,90.82,2088.86,false
CUST-03404,Male,0,true,true,68,false,true,No,true,false,false,true,true,true,One year,true,Bank transfer (automatic),48.98,3330.64,false
CUST-03405,Female,0,true,false,70,false,true,No,true,true,true,false,false,false,Two year,false,Electronic check,83.9,5873,false
CUST-03406,Female,0,true,true,33,false,false,No,true,true,false,true,true,false,One year,false,Electronic check,88.3,2913.9,false
CUST-03407,Male,1,true,true,41,true,false,DSL,true,true,false,true,false,true,Month-to-month,false,Mailed check,108.61,4453.01,false
CUST-03408,Female,0,true,true,12,true,false,No,true,true,false,false,false,true,One year,true,Bank transfer (automatic),51.6,619.2,true
CUST-03409,Male,1,false,false,68,true,false,Fiber optic,false,true,false,true,true,false,Two year,false,Electronic check,81.72,5556.96,false
CUST-03410,Female,0,false,true,45,true,true,No,true,false,true,false,true,false,Month-to-month,false,Credit card (automatic),20.21,909.45,false
CUST-03411,Female,0,false,false,57,true,false,DSL,false,false,false,false,true,false,Two year,true,Bank transfer (automatic),79.48,4530.36,true
CUST-03412,Female,0,true,false,8,false,true,No,false,true,true,false,true,true,One year,true,Electronic check,54.43,435.44,false
CUST-03413,Male,0,false,false,9,false,true,DSL,false,false,false,true,true,true,One year,false,Credit card (automatic),55.61,500.49,false
CUST-03414,Male,0,true,false,57,false,true,No,false,false,true,true,false,true,One year,true,Bank transfer (automatic),37.55,2140.35,false
CUST-03415,Male,0,true,false,43,true,false,No,false,true,true,false,true,true,Two year,false,Bank transfer (automatic),92.76,3988.68,false
CUST-03416,Male,0,true,true,1,true,false,Fiber optic,false,false,false,false,true,false,Two year,false,Bank transfer (automatic),38.91,38.91,false
CUST-03417,Male,1,false,false,11,true,true,Fiber optic,false,true,false,false,false,true,One year,true,Electronic check,77.85,856.35,false
CUST-03418,Male,0,true,false,18,true,true,DSL,true,true,false,false,true,false,Month-to-month,true,Credit card (automatic),71.5,1287,true
CUST-03419,Female,0,false,true,18,true,true,No,false,false,false,false,true,false,Month-to-month,false,Credit card (automatic),22.6,406.8,false
CUST-03420,Male,0,true,true,47,false,false,Fiber optic,true,false,false,false,true,false,Two year,true,Bank transfer (automatic),48.35,2272.45,false
CUST-03421,Male,1,true,false,4,true,false,Fiber optic,false,false,true,true,true,true,One year,false,Mailed check,101.81,407.24,false
CUST-03422,Female,0,true,true,34,true,false,Fiber optic,false,true,false,false,true,true,One year,false,Electronic check,106.26,3612.84,false
CUST-03423,Female,0,false,false,46,true,true,No,false,false,false,false,true,false,One year,false,Bank transfer (automatic),115.99,5335.54,false
CUST-03424,Male,0,true,false,23,true,true,No,true,true,false,false,true,true,One year,true,Bank transfer (automatic),74.56,1714.88,false
CUST-03425,Male,0,true,true,24,true,false,Fiber optic,true,true,false,false,false,true,Month-to-month,false,Mailed check,22.87,548.88,false
CUST-03426,Female,0,true,true,53,true,false,No,false,false,false,false,false,false,Two year,false,Bank transfer (automatic),118.84,6298.52,false
CUST-03427,Male,0,true,true,8,false,false,Fiber optic,true,false,true,false,true,false,One year,true,Credit card (automatic),108.69,869.52,true
CUST-03428,Male,0,false,true,45,false,false,Fiber optic,true,false,true,true,true,false,Two year,false,Electronic check,59.95,2697.75,false
CUST-03429,Female,0,true,false,64,false,false,Fiber optic,false,false,true,true,true,true,One year,true,Electronic check,74.62,4775.68,false
CUST-03430,Female,0,false,true,43,true,true,No,true,true,false,false,true,true,Two year,false,Electronic check,106.21,4567.03,false
CUST-03431,Female,0,false,true,6,false,true,No,true,false,true,true,false,true,One year,false,Credit card (automatic),93.09,558.54,false
CUST-03432,Female,1,true,false,4,false,true,No,false,false,false,false,true,false,One year,false,Electronic check,45.47,181.88,false
CUST-03433,Female,0,true,true,55,true,false,DSL,true,false,false,false,false,true,One year,true,Mailed check,92.23,5072.65,false
CUST-03434,Female,0,false,false,42,false,false,DSL,true,true,true,false,true,true,Month-to-month,false,Electronic check,82.41,3461.22,true
CUST-03435,Female,0,false,false,66,false,false,DSL,true,false,false,true,false,false,Month-to-month,false,Electronic check,87.29,5761.14,true
CUST-03436,Female,0,false,false,47,true,true,DSL,true,true,false,false,false,false,Month-to-month,false,Credit card (automatic),40.64,1910.08,true
CUST-03437,Female,0,false,false,52,false,true,No,false,false,true,true,true,true,One year,false,Credit card (automatic),101.89,5298.28,false
CUST-03438,Female,1,false,false,68,true,false,No,false,true,true,true,false,false,One year,true,Mailed check,111.73,7597.64,false
CUST-03439,Male,0,true,true,33,true,true,No,true,false,true,true,false,true,Month-to-month,false,Mailed check,119.55,3945.15,false
CUST-03440,Male,0,true,true,54,true,false,DSL,false,false,false,false,false,false,Month-to-month,true,Mailed check,65.12,3516.48,false
CUST-03441,Female,0,false,false,12,true,true,No,false,true,true,false,false,false,Month-to-month,true,Bank transfer (automatic),84.69,1016.28,false
CUST-03442,Female,1,true,false,69,false,true,Fiber optic,false,true,false,false,true,false,Month-to-month,true,Electronic check,115.93,7999.17,false
CUST-03443,Male,0,false,false,66,true,false,No,true,false,true,false,false,false,One year,true,Mailed check,80.26,5297.16,false
CUST-03444,Male,0,false,false,23,true,true,No,true,false,false,true,true,false,One year,true,Bank transfer (automatic),33.92,780.16,true
CUST-03445,Female,0,true,false,22,false,false,DSL,true,false,true,false,false,false,One year,true,Electronic check,36,792,false
CUST-03446,Female,0,false,true,70,false,false,No,true,false,true,true,false,false,Month-to-month,true,Credit card (automatic),106.46,7452.2,false
CUST-03447,Male,1,true,false,38,true,false,Fiber optic,true,true,true,true,true,false,One year,false,Mailed check,23.04,875.52,true
CUST-03448,Female,1,true,true,10,true,true,No,true,false,true,true,false,false,Month-to-month,true,Credit card (automatic),62.37,623.7,true
CUST-03449,Female,0,false,true,30,false,false,Fiber optic,false,false,true,false,false,true,Two year,false,Electronic check,29.58,887.4,false
CUST-03450,Male,0,true,false,67,false,true,DSL,true,true,false,false,true,true,Month-to-month,true,Bank transfer (automatic),117.81,7893.27,true
CUST-03451,Male,0,false,false,2,true,true,Fiber optic,false,false,true,true,false,false,Two year,true,Electronic check,63.91,127.82,false
CUST-03452,Female,0,true,true,30,true,true,No,false,false,true,true,false,false,Two year,false,Electronic check,48.96,1468.8,false
CUST-03453,Female,0,false,false,14,false,false,DSL,false,false,false,true,true,true,Month-to-month,false,Electronic check,117.42,1643.88,true
CUST-03454,Female,0,false,false,12,true,false,No,true,true,true,true,true,false,Two year,true,Mailed check,73.44,881.28,false
CUST-03455,Female,1,false,false,55,true,true,No,true,false,false,true,false,false,Month-to-month,false,Bank transfer (automatic),44.02,2421.1,true
CUST-03456,Female,0,false,false,11,true,true,DSL,true,false,false,false,false,true,One year,true,Electronic check,94.77,1042.47,true
CUST-03457,Female,0,true,true,46,true,false,Fiber optic,false,false,false,true,false,false,One year,false,Bank transfer (automatic),58.04,2669.84,false
CUST-03458,Male,1,true,false,72,false,true,Fiber optic,false,false,false,false,false,false,Month-to-month,true,Electronic check,21.96,1581.12,false
CUST-03459,Female,0,true,false,53,true,false,Fiber optic,true,true,false,false,false,true,One year,false,Mailed check,24.38,1292.14,false
CUST-03460,Female,0,true,false,22,false,false,No,false,false,false,false,true,true,One year,false,Bank transfer (automatic),43.27,951.94,true
CUST-03461,Female,1,false,false,18,true,true,DSL,true,false,true,false,true,false,One year,true,Bank transfer (automatic),119.51,2151.18,false
CUST-03462,Male,0,true,false,33,true,false,Fiber optic,true,true,true,false,true,true,Month-to-month,true,Bank transfer (automatic),39.01,1287.33,true
CUST-03463,Female,1,false,false,49,false,true,No,true,true,true,true,true,true,Month-to-month,false,Credit card (automatic),23.98,1175.02,false
CUST-03464,Male,0,false,true,62,false,true,DSL,true,true,true,true,true,false,Two year,true,Mailed check,44.89,2783.18,false
CUST-03465,Female,0,false,false,3,true,false,Fiber optic,true,false,false,true,false,false,One year,true,Credit card (automatic),49.56,148.68,true
CUST-03466,Male,1,true,false,43,true,true,No,true,true,true,false,false,true,Two year,false,Bank transfer (automatic),61.55,2646.65,false
CUST-03467,Female,0,true,true,6,true,true,DSL,true,true,true,true,false,false,One year,true,Credit card (automatic),76.62,459.72,false
CUST-03468,Female,0,false,false,23,false,true,No,true,true,true,true,true,false,Month-to-month,true,Credit card (automatic),75.64,1739.72,true
CUST-03469,Female,1,true,true,43,false,false,No,false,false,false,true,false,false,Month-to-month,false,Credit card (automatic),88.34,3798.62,false
CUST-03470,Female,0,false,true,54,true,true,Fiber optic,true,true,false,true,false,false,Month-to-month,false,Credit card (automatic),59.34,3204.36,false
CUST-03471,Female,0,true,false,46,true,true,DSL,true,true,false,true,false,true,Month-to-month,false,Credit card (automatic),60.61,2788.06,true
CUST-03472,Male,0,true,false,50,true,true,Fiber optic,true,true,false,true,true,false,Month-to-month,false,Mailed check,34.26,1713,false
CUST-03473,Female,1,true,false,55,false,false,Fiber optic,false,false,true,false,false,true,One year,true,Credit card (automatic),68.28,3755.4,false
CUST-03474,Male,0,false,false,24,true,false,No,false,false,false,false,true,true,Month-to-month,false,Credit card (automatic),34.96,839.04,false
CUST-03475,Female,0,false,true,37,false,true,Fiber optic,false,false,true,true,false,true,One year,false,Electronic check,33.75,1248.75,false
CUST-03476,Male,0,false,true,43,false,false,Fiber optic,true,true,false,true,true,true,One year,false,Bank transfer (automatic),76.78,3301.54,true
CUST-03477,Male,0,false,true,43,true,true,DSL,false,true,false,false,false,false,One year,true,Bank transfer (automatic),28.13,1209.59,true
CUST-03478,Male,0,true,true,67,true,false,DSL,false,false,false,false,true,false,One year,true,Electronic check,77.94,5221.98,false
CUST-03479,Female,1,true,false,47,false,false,Fiber optic,false,true,false,false,false,false,Two year,true,Electronic check,103.19,4849.93,false
CUST-03480,Male,1,true,true,20,false,true,DSL,false,true,false,true,true,true,One year,false,Credit card (automatic),43.72,874.4,false
CUST-03481,Female,0,false,false,26,true,false,DSL,true,false,true,true,true,true,One year,false,Mailed check,65.49,1702.74,true
CUST-03482,Female,0,false,true,47,true,false,DSL,true,true,true,true,false,true,One year,false,Mailed check,66.71,3135.37,false
CUST-03483,Male,1,true,true,4,false,false,DSL,false,true,false,false,true,true,One year,false,Credit card (automatic),74.5,298,false
CUST-03484,Female,0,false,false,10,false,false,No,false,false,true,false,false,true,Two year,true,Credit card (automatic),32.38,323.8,false
CUST-03485,Female,0,true,false,60,true,false,DSL,false,false,false,true,true,false,Month-to-month,true,Mailed check,115.75,6945,false
CUST-03486,Female,0,false,true,3,false,false,DSL,true,false,true,true,true,false,One year,true,Bank transfer (automatic),37.94,113.82,false
CUST-03487,Male,0,false,true,37,false,false,No,true,false,true,false,false,true,Two year,true,Mailed check,34.32,1269.84,false
CUST-03488,Male,0,true,false,46,false,false,Fiber optic,true,true,true,true,true,true,Two year,false,Bank transfer (automatic),37.69,1733.74,false
CUST-03489,Male,1,true,true,3,false,false,DSL,false,true,false,false,true,false,Two year,true,Electronic check,52.16,156.48,false
CUST-03490,Male,1,true,false,60,false,true,DSL,true,false,false,true,true,true,Month-to-month,false,Credit card (automatic),41.85,2511,false
CUST-03491,Female,0,true,true,5,true,false,No,false,true,true,false,false,true,One year,true,Bank transfer (automatic),113.49,567.45,false
CUST-03492,Male,0,true,false,36,true,true,No,true,true,true,false,true,true,One year,false,Credit card (automatic),113.98,4103.28,false
CUST-03493,Female,1,false,true,56,false,false,No,true,true,true,true,false,true,One year,false,Bank transfer (automatic),41.74,2337.44,true
CUST-03494,Male,0,true,true,14,false,true,No,true,false,false,false,true,false,One year,true,Bank transfer (automatic),48.23,675.22,false
CUST-03495,Male,0,true,true,46,true,false,No,false,true,false,true,true,true,Month-to-month,true,Electronic check,109.32,5028.72,false
CUST-03496,Male,0,true,false,59,false,false,No,true,false,false,true,false,true,Month-to-month,false,Electronic check,66.47,3921.73,false
CUST-03497,Female,1,true,true,21,true,false,DSL,false,true,false,true,false,false,Two year,false,Bank transfer (automatic),109.73,2304.33,false
CUST-03498,Female,0,true,true,24,true,true,Fiber optic,false,false,true,false,true,true,Two year,true,Credit card (automatic),85.93,2062.32,false
CUST-03499,Female,1,true,true,24,true,false,Fiber optic,true,false,false,true,false,false,Month-to-month,false,Electronic check,60.55,1453.2,false
CUST-03500,Female,0,true,true,14,true,true,Fiber optic,true,false,true,true,true,true,Month-to-month,true,Electronic check,119.97,1679.58,true
CUST-03501,Female,0,false,true,55,false,false,No,false,true,true,true,false,true,One year,true,Mailed check,24.22,1332.1,false
CUST-03502,Female,0,true,true,40,true,false,DSL,false,true,true,true,true,false,Month-to-month,false,Mailed check,48.44,1937.6,false
CUST-03503,Male,0,false,false,15,true,false,DSL,false,false,false,false,true,false,Month-to-month,true,Credit card (automatic),75.16,1127.4,false
CUST-03504,Male,1,true,false,65,true,true,Fiber optic,false,true,true,true,true,false,Two year,true,Mailed check,97.66,6347.9,false
CUST-03505,Female,0,false,true,12,false,true,DSL,true,false,true,true,true,false,One year,true,Bank transfer (automatic),23.18,278.16,true
CUST-03506,Male,0,true,false,61,false,true,Fiber optic,true,false,true,true,false,true,Month-to-month,false,Mailed check,116.51,7107.11,false
CUST-03507,Male,0,false,false,43,false,false,Fiber optic,true,false,false,true,true,true,Two year,true,Credit card (automatic),109.84,4723.12,false
CUST-03508,Female,0,true,true,3,true,false,DSL,true,false,false,false,true,true,Month-to-month,true,Electronic check,65.49,196.47,true
CUST-03509,Male,1,true,true,20,true,false,DSL,true,true,true,false,false,true,One year,true,Bank transfer (automatic),74.39,1487.8,true
CUST-03510,Male,0,true,false,57,false,true,DSL,false,false,false,false,true,false,One year,true,Electronic check,84.92,4840.44,false
CUST-03511,Male,0,true,false,25,false,true,DSL,true,false,true,false,false,true,Month-to-month,true,Bank transfer (automatic),69.35,1733.75,false
CUST-03512,Male,1,true,true,10,true,false,DSL,false,true,false,false,true,false,Month-to-month,true,Electronic check,40.26,402.6,false
CUST-03513,Male,0,true,true,22,true,true,DSL,true,true,false,false,false,false,Two year,false,Credit card (automatic),37.18,817.96,false
CUST-03514,Female,0,false,false,19,false,true,No,true,true,false,true,false,true,One year,true,Electronic check,64.83,1231.77,false
CUST-03515,Male,0,true,true,43,false,false,Fiber optic,true,true,false,true,true,true,Month-to-month,true,Credit card (automatic),89.01,3827.43,true
CUST-03516,Male,0,false,true,41,false,false,No,true,false,true,true,false,false,Month-to-month,false,Electronic check,82.55,3384.55,false
CUST-03517,Female,0,false,true,28,false,false,DSL,false,true,false,false,false,false,Two year,false,Bank transfer (automatic),74.24,2078.72,false
CUST-03518,Female,0,true,true,64,false,true,DSL,false,false,false,true,true,true,Two year,false,Mailed check,28.78,1841.92,false
CUST-03519,Male,0,false,true,28,false,true,No,true,false,true,false,true,true,Month-to-month,true,Mailed check,43.28,1211.84,false
CUST-03520,Female,0,false,false,45,false,true,No,false,true,true,true,true,false,One year,true,Electronic check,67.71,3046.95,false
CUST-03521,Female,1,false,false,45,true,true,DSL,false,false,false,true,false,true,One year,false,Bank transfer (automatic),28.73,1292.85,false
CUST-03522,Male,0,false,false,70,false,true,DSL,false,true,false,true,true,true,Month-to-month,false,Bank transfer (automatic),100.13,7009.1,false
CUST-03523,Male,0,true,false,46,true,true,Fiber optic,true,true,true,false,true,false,Two year,false,Bank transfer (automatic),50.09,2304.14,false
CUST-03524,Female,1,false,true,36,true,false,DSL,false,false,false,false,false,false,Month-to-month,false,Credit card (automatic),67.27,2421.72,true
CUST-03525,Male,0,false,true,27,false,true,No,false,true,true,false,false,false,Two year,true,Mailed check,48.67,1314.09,true
CUST-03526,Female,0,true,true,7,true,false,Fiber optic,false,true,true,false,false,false,Month-to-month,true,Bank transfer (automatic),91.73,642.11,true
CUST-03527,Female,0,false,false,36,false,false,DSL,false,true,false,false,true,false,Two year,true,Electronic check,75.75,2727,false
CUST-03528,Female,0,true,false,2,true,false,Fiber optic,false,true,true,true,false,true,Month-to-month,false,Mailed check,96.28,192.56,false
CUST-03529,Male,0,true,false,12,true,true,Fiber optic,false,true,true,false,false,false,One year,true,Electronic check,94.07,1128.84,false
CUST-03530,Female,0,true,false,46,true,false,DSL,true,false,true,true,true,false,One year,false,Mailed check,99.18,4562.28,false
CUST-03531,Male,1,false,false,7,true,false,No,false,true,true,true,true,true,Two year,false,Bank transfer (automatic),118.86,832.02,false
CUST-03532,Male,0,true,false,65,true,false,No,true,false,false,true,true,true,Two year,true,Mailed check,26.73,1737.45,false
CUST-03533,Female,0,true,false,71,true,false,DSL,true,true,true,true,true,true,One year,true,Credit card (automatic),92.14,6541.94,true
CUST-03534,Male,0,true,true,5,false,false,Fiber optic,true,false,true,true,true,true,Two year,true,Mailed check,117.06,585.3,false
CUST-03535,Female,0,true,true,9,false,false,Fiber optic,false,true,true,true,false,false,Month-to-month,true,Mailed check,78.62,707.58,true
CUST-03536,Female,0,true,true,58,true,true,DSL,true,false,false,false,true,false,One year,false,Mailed check,73.31,4251.98,false
CUST-03537,Male,0,false,false,25,true,false,Fiber optic,true,false,true,false,false,true,One year,false,Electronic check,50.77,1269.25,false
CUST-03538,Male,0,true,false,47,false,true,DSL,true,false,true,false,false,false,Two year,true,Mailed check,64.85,3047.95,false
CUST-03539,Female,0,true,true,23,false,true,Fiber optic,false,true,true,false,false,true,One year,false,Mailed check,106.85,2457.55,false
CUST-03540,Female,0,false,true,51,false,false,Fiber optic,false,false,false,true,false,false,Two year,false,Credit card (automatic),82.66,4215.66,false
CUST-03541,Male,0,false,true,52,true,false,Fiber optic,false,true,false,true,true,true,Month-to-month,false,Credit card (automatic),31.9,1658.8,false
CUST-03542,Female,0,true,true,67,true,false,Fiber optic,false,false,true,false,true,false,One year,true,Credit card (automatic),75.67,5069.89,false
CUST-03543,Female,1,false,true,28,true,true,DSL,false,true,false,false,true,false,Two year,false,Bank transfer (automatic),118.59,3320.52,false
CUST-03544,Female,0,false,false,70,true,true,DSL,true,false,true,true,false,true,Month-to-month,true,Mailed check,46.79,3275.3,false
CUST-03545,Female,0,false,true,48,true,true,DSL,false,true,true,true,true,false,Two year,false,Mailed check,67.56,3242.88,false
CUST-03546,Male,0,false,true,43,true,false,Fiber optic,true,false,false,true,true,false,Two year,false,Electronic check,103.97,4470.71,false
CUST-03547,Male,0,true,false,7,true,true,DSL,true,true,true,false,false,true,Two year,true,Credit card (automatic),67.78,474.46,false
CUST-03548,Female,0,true,false,3,false,true,No,true,false,false,false,true,false,Two year,false,Mailed check,74.33,222.99,false
CUST-03549,Male,1,true,true,41,false,false,Fiber optic,false,false,false,false,true,true,Month-to-month,false,Bank transfer (automatic),28.41,1164.81,true
CUST-03550,Female,1,true,true,49,false,false,No,true,true,true,false,true,false,One year,false,Credit card (automatic),55.57,2722.93,true
CUST-03551,Male,0,true,true,41,true,false,DSL,false,true,false,false,false,true,Two year,true,Credit card (automatic),82.99,3402.59,false
CUST-03552,Male,0,false,false,5,false,false,No,true,true,true,false,false,true,Month-to-month,false,Mailed check,71.91,359.55,true
CUST-03553,Male,0,false,false,55,true,true,DSL,true,true,false,false,true,false,Month-to-month,false,Mailed check,54.88,3018.4,false
CUST-03554,Female,0,false,true,28,false,true,Fiber optic,false,true,false,true,false,true,Month-to-month,true,Credit card (automatic),62.57,1751.96,false
CUST-03555,Male,0,true,false,41,true,true,Fiber optic,false,false,false,false,true,true,Two year,true,Bank transfer (automatic),74.16,3040.56,false
CUST-03556,Female,0,true,false,34,true,true,DSL,false,false,true,false,true,false,Two year,false,Bank transfer (automatic),49.55,1684.7,false
CUST-03557,Male,0,true,true,49,true,true,DSL,false,true,false,true,false,true,Month-to-month,true,Credit card (automatic),59.82,2931.18,true
CUST-03558,Male,0,false,false,19,false,false,DSL,true,false,false,true,false,true,Two year,false,Electronic check,57.34,1089.46,false
CUST-03559,Female,1,false,false,3,true,true,Fiber optic,false,true,true,false,false,false,Two year,true,Bank transfer (automatic),55.4,166.2,false
CUST-03560,Male,0,false,false,14,true,false,No,false,true,false,true,false,true,One year,true,Bank transfer (automatic),29.2,408.8,false
CUST-03561,Female,0,false,true,9,true,false,DSL,true,true,true,true,false,true,One year,true,Mailed check,52.91,476.19,false
CUST-03562,Male,0,false,false,22,true,false,Fiber optic,true,false,true,true,true,false,Month-to-month,false,Credit card (automatic),50.21,1104.62,false
CUST-03563,Male,0,false,true,32,false,true,No,true,true,false,false,true,false,One year,false,Credit card (automatic),98.6,3155.2,false
CUST-03564,Male,1,false,true,11,true,false,Fiber optic,true,false,false,false,false,true,One year,false,Electronic check,66.49,731.39,false
CUST-03565,Female,0,true,true,64,false,true,DSL,true,false,false,true,false,false,Month-to-month,false,Bank transfer (automatic),52.03,3329.92,false
CUST-03566,Male,0,true,true,66,true,false,DSL,false,true,true,true,true,false,Two year,true,Credit card (automatic),36.16,2386.56,false
CUST-03567,Female,0,false,false,7,true,true,Fiber optic,false,false,false,true,true,false,One year,true,Mailed check,92.79,649.53,true
CUST-03568,Female,0,true,true,1,false,false,Fiber optic,false,false,true,false,false,true,One year,true,Credit card (automatic),30.29,30.29,false
CUST-03569,Male,0,true,false,28,true,false,No,true,true,true,false,false,true,Two year,true,Credit card (automatic),88.08,2466.24,false
CUST-03570,Male,0,false,true,33,true,true,DSL,true,false,true,false,true,false,Month-to-month,false,Electronic check,91.89,3032.37,false
CUST-03571,Male,0,true,true,56,true,true,No,false,false,true,true,false,false,Month-to-month,true,Electronic check,85.33,4778.48,false
CUST-03572,Male,0,true,true,36,false,false,DSL,true,true,false,false,true,false,Month-to-month,false,Electronic check,44.44,1599.84,false
CUST-03573,Female,1,true,false,56,true,true,Fiber optic,true,true,false,false,false,false,Two year,false,Mailed check,59.86,3352.16,false
CUST-03574,Female,0,true,false,21,false,true,Fiber optic,false,true,false,false,false,true,Two year,false,Bank transfer (automatic),55.98,1175.58,false
CUST-03575,Male,0,false,false,68,false,false,DSL,false,false,false,false,false,false,Month-to-month,true,Credit card (automatic),23.18,1576.24,false
CUST-03576,Female,0,false,false,48,false,true,Fiber optic,false,true,false,false,false,true,Two year,true,Bank transfer (automatic),48.12,2309.76,false
CUST-03577,Male,0,true,false,69,false,true,No,false,true,true,false,true,false,Two year,false,Bank transfer (automatic),65.91,4547.79,false
CUST-03578,Male,0,false,true,21,false,true,Fiber optic,false,true,true,true,false,true,Month-to-month,false,Mailed check,79.32,1665.72,false
CUST-03579,Male,0,true,false,71,false,true,DSL,true,true,false,false,false,false,Month-to-month,false,Mailed check,33.18,2355.78,false
CUST-03580,Male,1,false,true,47,false,true,No,false,true,false,false,true,true,One year,true,Mailed check,42.76,2009.72,false
CUST-03581,Male,0,false,true,18,false,true,DSL,true,true,true,false,false,true,One year,true,Credit card (automatic),48.13,866.34,false
CUST-03582,Male,0,true,true,54,true,false,Fiber optic,false,true,false,false,false,false,One year,false,Mailed check,113.44,6125.76,false
CUST-03583,Female,0,false,false,21,false,true,DSL,true,true,false,true,true,false,Month-to-month,false,Electronic check,79.77,1675.17,false
CUST-03584,Female,1,false,false,8,false,true,DSL,true,true,true,false,true,true,Two year,true,Mailed check,85.68,685.44,false
CUST-03585,Female,0,true,false,15,false,true,Fiber optic,false,false,true,true,false,true,Two year,true,Bank transfer (automatic),49.18,737.7,true
CUST-03586,Male,0,true,true,43,false,true,DSL,true,true,false,false,true,false,Two year,false,Mailed check,55.72,2395.96,false
CUST-03587,Female,0,false,false,52,false,false,Fiber optic,false,false,true,true,true,true,One year,true,Mailed check,87.57,4553.64,false
CUST-03588,Male,1,false,false,29,false,false,No,false,true,true,true,true,false,One year,true,Electronic check,105.97,3073.13,false
CUST-03589,Male,0,true,false,35,false,true,Fiber optic,false,false,true,false,true,true,One year,true,Electronic check,46.05,1611.75,false
CUST-03590,Female,0,true,true,72,true,false,Fiber optic,false,true,false,false,true,false,Month-to-month,false,Mailed check,23.64,1702.08,true
CUST-03591,Male,0,false,false,27,false,true,DSL,true,false,false,true,false,true,One year,true,Bank transfer (automatic),47.69,1287.63,true
CUST-03592,Male,0,true,false,5,true,true,DSL,true,false,false,true,false,true,One year,true,Electronic check,113.8,569,true
CUST-03593,Male,0,false,true,32,true,true,No,false,true,false,false,true,true,One year,true,Credit card (automatic),32.21,1030.72,false
CUST-03594,Male,0,false,true,68,false,true,No,false,false,false,false,true,true,Month-to-month,false,Mailed check,69.74,4742.32,true
CUST-03595,Female,0,false,true,63,true,true,Fiber optic,false,true,false,false,false,true,Two year,false,Bank transfer (automatic),37.18,2342.34,false
CUST-03596,Male,0,true,false,23,false,true,DSL,true,false,false,true,false,true,Month-to-month,true,Mailed check,80.3,1846.9,true
CUST-03597,Male,1,true,true,26,false,false,Fiber optic,true,true,true,true,false,true,One year,true,Bank transfer (automatic),53.19,1382.94,false
CUST-03598,Male,0,false,true,7,true,true,Fiber optic,true,false,true,false,true,false,Two year,true,Electronic check,72.14,504.98,false
CUST-03599,Male,0,true,false,33,true,true,Fiber optic,true,false,false,false,false,false,One year,true,Electronic check,86.29,2847.57,false
CUST-03600,Male,0,true,true,30,true,true,DSL,true,true,false,false,false,false,Two year,true,Bank transfer (automatic),51.68,1550.4,false
CUST-03601,Male,0,false,false,5,true,true,Fiber optic,true,false,true,false,true,true,Two year,true,Credit card (automatic),27.13,135.65,false
CUST-03602,Male,1,false,false,61,true,false,No,true,false,true,false,true,true,Month-to-month,true,Electronic check,74.57,4548.77,false
CUST-03603,Male,1,false,false,23,false,true,Fiber optic,true,false,false,false,true,true,One year,true,Credit card (automatic),90.78,2087.94,false
CUST-03604,Female,1,false,true,47,false,false,DSL,false,true,false,false,true,true,Month-to-month,true,Electronic check,92.31,4338.57,false
CUST-03605,Female,1,true,true,9,true,false,DSL,true,false,true,true,true,false,One year,true,Bank transfer (automatic),112.36,1011.24,false
CUST-03606,Female,0,false,true,30,false,false,No,false,false,true,false,false,true,Two year,false,Credit card (automatic),99.65,2989.5,false
CUST-03607,Female,0,false,true,17,false,false,DSL,false,false,false,true,false,false,Month-to-month,true,Credit card (automatic),28.89,491.13,true
CUST-03608,Female,0,true,false,45,true,true,Fiber optic,false,true,true,true,true,false,Month-to-month,true,Mailed check,65.48,2946.6,false
CUST-03609,Male,1,true,true,56,true,false,Fiber optic,false,true,true,true,true,true,One year,false,Credit card (automatic),83.39,4669.84,true
CUST-03610,Male,0,false,false,21,true,false,DSL,true,true,true,false,true,true,One year,false,Bank transfer (automatic),64.12,1346.52,false
CUST-03611,Female,0,false,true,62,true,true,No,false,false,false,false,false,true,One year,false,Bank transfer (automatic),72.67,4505.54,false
CUST-03612,Female,1,true,true,17,false,false,DSL,true,false,false,false,false,false,Two year,false,Electronic check,49.76,845.92,false
CUST-03613,Female,0,false,false,24,false,true,DSL,false,true,false,true,false,true,Two year,false,Electronic check,73.28,1758.72,false
CUST-03614,Female,1,true,true,2,true,true,No,false,true,true,false,false,true,One year,false,Electronic check,107.72,215.44,false
CUST-03615,Female,1,false,true,50,true,true,No,true,true,false,true,false,false,One year,true,Mailed check,45.45,2272.5,false
CUST-03616,Female,0,false,false,29,true,true,DSL,false,false,true,true,false,false,One year,false,Bank transfer (automatic),115.04,3336.16,false
CUST-03617,Male,0,false,false,11,true,true,DSL,false,false,false,false,false,false,Two year,false,Bank transfer (automatic),56.51,621.61,false
CUST-03618,Female,0,true,true,56,true,false,DSL,false,false,false,false,false,true,Month-to-month,false,Mailed check,66.2,3707.2,false
CUST-03619,Male,0,false,false,40,true,true,No,true,true,true,true,false,true,Two year,false,Credit card (automatic),94.94,3797.6,false
CUST-03620,Female,1,true,false,65,false,true,DSL,true,false,true,true,true,true,One year,true,Mailed check,58.84,3824.6,false
CUST-03621,Male,0,false,false,25,true,true,No,false,true,true,true,false,true,Two year,true,Electronic check,88.72,2218,false
CUST-03622,Female,0,true,false,54,true,true,Fiber optic,false,true,false,false,true,true,Month-to-month,true,Credit card (automatic),73.94,3992.76,false
CUST-03623,Male,0,false,false,30,true,false,Fiber optic,false,false,false,true,true,false,Month-to-month,true,Electronic check,49.61,1488.3,true
CUST-03624,Male,1,true,true,17,true,true,No,false,false,false,false,true,false,Month-to-month,false,Electronic check,56.34,957.78,false
CUST-03625,Female,1,false,true,45,false,false,No,true,true,false,true,false,true,Two year,false,Credit card (automatic),76.16,3427.2,false
CUST-03626,Female,0,false,true,45,true,true,Fiber optic,true,true,true,true,true,false,Month-to-month,true,Bank transfer (automatic),20.96,943.2,true
CUST-03627,Male,0,true,true,1,false,false,No,false,true,true,true,true,true,One year,true,Electronic check,93.52,93.52,false
CUST-03628,Female,0,true,true,26,false,false,DSL,true,true,false,false,true,false,Month-to-month,true,Electronic check,87.52,2275.52,false
CUST-03629,Male,0,false,true,7,true,true,No,false,false,false,true,false,false,Two year,true,Credit card (automatic),77.29,541.03,false
CUST-03630,Male,1,false,false,33,false,true,No,true,true,false,false,true,false,One year,false,Electronic check,39.88,1316.04,false
CUST-03631,Male,0,false,true,57,false,false,No,false,false,true,true,false,false,One year,true,Bank transfer (automatic),82.31,4691.67,true
CUST-03632,Male,1,true,false,20,true,false,No,false,false,false,false,true,false,One year,false,Mailed check,85.06,1701.2,true
CUST-03633,Female,0,true,true,25,false,true,Fiber optic,false,true,false,true,false,false,Month-to-month,true,Credit card (automatic),113.18,2829.5,true
CUST-03634,Female,0,false,false,37,true,true,DSL,false,false,false,false,false,true,One year,true,Bank transfer (automatic),114.11,4222.07,false
CUST-03635,Female,0,true,true,43,true,false,No,false,true,true,false,false,false,Month-to-month,true,Mailed check,91,3913,false
CUST-03636,Female,0,false,true,49,false,true,DSL,true,true,false,true,true,true,Two year,true,Electronic check,27.1,1327.9,false
CUST-03637,Male,0,false,false,14,true,false,No,false,false,true,true,false,false,Month-to-month,true,Credit card (automatic),22.4,313.6,true
CUST-03638,Female,0,true,false,72,false,true,Fiber optic,true,false,false,false,false,true,Month-to-month,true,Bank transfer (automatic),59.53,4286.16,false
CUST-03639,Female,1,true,false,23,false,false,DSL,true,true,true,false,true,false,One year,true,Credit card (automatic),76.15,1751.45,false
CUST-03640,Male,0,false,true,14,false,true,DSL,true,false,true,true,false,false,Month-to-month,true,Credit card (automatic),108.99,1525.86,true
CUST-03641,Female,0,false,false,38,false,true,Fiber optic,true,true,false,false,false,true,Month-to-month,false,Credit card (automatic),107.72,4093.36,false
CUST-03642,Female,0,true,true,4,true,true,DSL,false,false,true,true,true,true,Two year,true,Mailed check,95.51,382.04,false
CUST-03643,Female,0,false,true,63,false,true,Fiber optic,true,true,true,false,true,false,Month-to-month,true,Mailed check,25.49,1605.87,true
CUST-03644,Male,0,false,true,58,false,false,DSL,false,true,true,false,true,false,One year,false,Credit card (automatic),98.75,5727.5,true
CUST-03645,Female,0,false,true,42,false,false,No,false,false,true,true,false,false,One year,false,Bank transfer (automatic),45.93,1929.06,false
CUST-03646,Male,0,true,false,64,true,false,Fiber optic,true,true,false,true,false,false,Two year,true,Electronic check,70.04,4482.56,false
CUST-03647,Female,1,true,false,47,true,true,Fiber optic,true,false,false,true,true,true,Month-to-month,true,Credit card (automatic),93.36,4387.92,false
CUST-03648,Female,0,false,true,17,false,true,No,false,false,false,false,false,false,Two year,true,Bank transfer (automatic),40.43,687.31,false
CUST-03649,Female,0,true,true,67,false,true,No,false,true,true,true,true,false,One year,true,Electronic check,116.12,7780.04,false
CUST-03650,Female,0,false,true,53,true,false,Fiber optic,false,false,true,false,true,true,Month-to-month,false,Bank transfer (automatic),55.44,2938.32,true
CUST-03651,Male,0,false,true,35,true,false,No,true,false,true,true,true,false,Two year,false,Credit card (automatic),62.87,2200.45,false
CUST-03652,Male,0,false,true,57,true,true,DSL,false,true,false,false,false,false,Month-to-month,false,Mailed check,91.15,5195.55,false
CUST-03653,Female,0,false,true,69,true,true,DSL,true,false,true,true,true,true,Two year,true,Electronic check,24.85,1714.65,false
CUST-03654,Female,0,false,true,41,false,true,Fiber optic,false,false,true,false,false,true,Two year,true,Mailed check,56.38,2311.58,false
CUST-03655,Male,0,true,true,45,false,true,No,false,true,false,true,true,true,Two year,false,Mailed check,94.2,4239,false
CUST-03656,Female,0,false,true,19,false,true,No,true,true,false,false,true,false,Month-to-month,true,Mailed check,49.24,935.56,false
CUST-03657,Female,1,true,true,57,false,true,No,false,false,true,false,false,false,One year,false,Mailed check,118.65,6763.05,false
CUST-03658,Female,0,false,true,68,true,true,Fiber optic,true,true,true,false,true,true,Two year,true,Bank transfer (automatic),60.52,4115.36,false
CUST-03659,Male,0,false,false,46,false,true,No,true,false,false,false,false,false,One year,false,Mailed check,109.44,5034.24,false
CUST-03660,Female,0,true,true,17,true,true,Fiber optic,true,true,false,false,false,true,Month-to-month,false,Electronic check,91.66,1558.22,true
CUST-03661,Female,0,false,false,57,true,false,DSL,true,true,false,false,true,true,Month-to-month,false,Mailed check,34.97,1993.29,false
CUST-03662,Male,0,false,true,65,false,false,Fiber optic,false,false,true,false,false,true,Month-to-month,false,Electronic check,49.51,3218.15,false
CUST-03663,Male,0,true,false,58,false,false,DSL,true,true,false,false,false,true,Two year,true,Credit card (automatic),41.42,2402.36,false
CUST-03664,Female,0,true,false,53,false,false,No,true,false,true,false,true,true,Two year,false,Bank transfer (automatic),46.4,2459.2,false
CUST-03665,Female,0,false,false,56,false,false,No,false,true,false,false,false,false,Two year,false,Credit card (automatic),43.16,2416.96,false
CUST-03666,Male,0,true,false,66,true,false,Fiber optic,true,true,false,true,false,false,One year,false,Bank transfer (automatic),47.11,3109.26,false
CUST-03667,Female,0,false,false,30,false,true,DSL,true,true,true,true,true,false,Month-to-month,false,Credit card (automatic),91.11,2733.3,true
CUST-03668,Female,0,false,true,45,false,false,DSL,false,true,true,false,true,true,One year,true,Mailed check,35.85,1613.25,false
CUST-03669,Female,0,false,true,49,true,true,Fiber optic,true,false,true,false,false,true,Two year,false,Mailed check,26.09,1278.41,false
CUST-03670,Male,0,true,false,65,true,true,No,true,false,false,true,true,true,Month-to-month,false,Credit card (automatic),49.47,3215.55,true
CUST-03671,Female,0,true,true,71,false,false,Fiber optic,true,false,true,false,false,false,Two year,true,Credit card (automatic),25.47,1808.37,false
CUST-03672,Female,1,false,false,8,false,false,DSL,false,false,false,false,false,false,Month-to-month,false,Mailed check,80.55,644.4,true
CUST-03673,Male,0,true,false,45,true,true,DSL,false,false,true,true,true,false,Month-to-month,false,Mailed check,22.4,1008,true
CUST-03674,Male,0,false,true,16,false,false,Fiber optic,true,false,false,true,false,true,One year,false,Credit card (automatic),56.98,911.68,false
CUST-03675,Male,0,true,true,29,false,false,DSL,true,false,false,true,true,false,One year,true,Bank transfer (automatic),86.02,2494.58,false
CUST-03676,Female,0,true,false,48,true,false,No,true,false,true,true,false,false,Two year,false,Bank transfer (automatic),74.54,3577.92,false
CUST-03677,Male,0,false,false,71,false,false,No,true,false,false,true,true,true,One year,false,Credit card (automatic),60.98,4329.58,false
CUST-03678,Female,0,false,true,28,false,false,DSL,true,true,false,false,true,false,Month-to-month,true,Bank transfer (automatic),61.9,1733.2,false
CUST-03679,Male,1,false,false,32,true,false,DSL,true,false,false,false,true,true,One year,true,Credit card (automatic),27.96,894.72,true
CUST-03680,Male,0,true,false,7,false,false,No,true,false,true,false,false,true,Month-to-month,false,Bank transfer (automatic),85.01,595.07,true
CUST-03681,Male,0,false,false,55,false,false,Fiber optic,true,true,true,true,true,false,One year,false,Electronic check,119.59,6577.45,false
CUST-03682,Male,0,true,true,12,false,false,No,false,true,false,false,false,true,Two year,true,Mailed check,67.58,810.96,false
CUST-03683,Male,1,false,true,29,false,true,DSL,false,false,false,false,false,true,One year,true,Bank transfer (automatic),23.96,694.84,true
CUST-03684,Female,1,false,true,16,false,false,No,false,true,false,false,true,false,One year,false,Mailed check,51.3,820.8,false
CUST-03685,Male,1,false,false,65,true,true,Fiber optic,true,true,false,true,true,true,Month-to-month,true,Electronic check,117.33,7626.45,true
CUST-03686,Female,0,true,true,37,false,false,DSL,false,true,false,true,true,false,One year,false,Electronic check,28.3,1047.1,true
CUST-03687,Female,0,true,true,8,false,true,No,false,true,true,true,true,true,Month-to-month,true,Credit card (automatic),102.06,816.48,false
CUST-03688,Male,1,false,true,23,false,false,No,false,false,true,false,true,true,One year,true,Electronic check,80.63,1854.49,true
CUST-03689,Male,1,true,true,56,true,false,Fiber optic,true,true,true,true,true,false,Two year,true,Mailed check,43.68,2446.08,false
CUST-03690,Male,0,false,false,40,false,true,Fiber optic,true,true,true,false,false,false,Two year,false,Credit card (automatic),38.66,1546.4,false
CUST-03691,Female,0,true,false,39,false,true,DSL,true,true,false,true,true,true,Two year,false,Mailed check,64.91,2531.49,false
CUST-03692,Female,0,true,true,18,true,false,Fiber optic,true,false,true,true,false,false,Two year,false,Credit card (automatic),48.94,880.92,false
CUST-03693,Female,0,true,false,27,false,true,No,true,false,false,true,false,true,One year,true,Mailed check,90.77,2450.79,false
CUST-03694,Male,0,true,false,64,false,true,DSL,false,true,false,true,true,false,Month-to-month,false,Mailed check,20.67,1322.88,true
CUST-03695,Female,0,false,false,4,false,true,Fiber optic,true,true,false,true,false,false,Month-to-month,true,Bank transfer (automatic),48.56,194.24,true
CUST-03696,Male,1,true,false,39,true,false,Fiber optic,false,true,true,false,true,true,Month-to-month,true,Credit card (automatic),67.67,2639.13,false
CUST-03697,Male,0,true,false,15,true,true,No,true,false,true,false,true,true,Month-to-month,true,Electronic check,21.22,318.3,false
CUST-03698,Male,0,false,false,51,false,false,Fiber optic,false,false,false,false,false,false,Month-to-month,false,Electronic check,92.79,4732.29,false
CUST-03699,Female,0,false,true,22,true,false,No,false,false,true,false,true,false,Month-to-month,false,Credit card (automatic),55.39,1218.58,true
CUST-03700,Female,0,false,false,56,false,false,DSL,true,true,false,false,true,true,One year,false,Mailed check,63.48,3554.88,false
CUST-03701,Male,0,false,true,39,true,false,DSL,true,false,false,false,true,false,One year,false,Credit card (automatic),68.04,2653.56,false
CUST-03702,Male,0,false,true,23,false,false,Fiber optic,false,true,false,true,false,true,Two year,true,Bank transfer (automatic),45.53,1047.19,true
CUST-03703,Male,0,true,false,19,false,false,DSL,true,false,false,true,false,true,Two year,true,Mailed check,114.78,2180.82,false
CUST-03704,Female,0,true,true,6,false,false,DSL,false,false,false,true,true,false,Month-to-month,false,Electronic check,103.99,623.94,false
CUST-03705,Female,0,false,false,11,true,true,Fiber optic,true,true,false,true,true,true,Month-to-month,true,Mailed check,57.65,634.15,false
CUST-03706,Male,0,false,false,47,false,false,DSL,true,false,true,false,true,true,Two year,true,Electronic check,71.1,3341.7,false
CUST-03707,Female,0,false,false,63,false,false,Fiber optic,false,false,false,false,false,true,One year,false,Credit card (automatic),41.98,2644.74,true
CUST-03708,Female,0,true,true,68,false,false,Fiber optic,false,true,true,true,true,true,Two year,false,Electronic check,53.66,3648.88,false
CUST-03709,Male,0,true,true,32,false,true,No,true,false,true,false,false,false,Month-to-month,true,Credit card (automatic),24.3,777.6,true
CUST-03710,Female,0,true,true,39,false,false,Fiber optic,true,false,true,false,true,true,Two year,true,Electronic check,95.96,3742.44,false
CUST-03711,Female,0,false,true,62,true,true,DSL,true,false,true,true,true,true,Two year,true,Bank transfer (automatic),96.32,5971.84,false
CUST-03712,Female,0,false,false,10,false,false,DSL,true,true,false,true,false,true,Two year,true,Credit card (automatic),99,990,false
CUST-03713,Female,1,false,false,24,false,true,DSL,false,false,true,false,true,true,Month-to-month,false,Credit card (automatic),26.74,641.76,true
CUST-03714,Female,0,true,false,35,false,false,No,false,false,true,false,false,false,One year,false,Bank transfer (automatic),106.56,3729.6,false
CUST-03715,Male,0,true,false,62,false,true,Fiber optic,false,true,true,true,false,false,Month-to-month,true,Mailed check,59.49,3688.38,true
CUST-03716,Male,1,true,false,60,true,false,Fiber optic,true,true,true,false,false,true,Two year,false,Electronic check,76.71,4602.6,false
CUST-03717,Female,0,true,true,63,false,true,No,true,true,true,false,false,false,One year,true,Bank transfer (automatic),32.68,2058.84,false
CUST-03718,Male,1,true,false,71,true,false,DSL,true,false,true,true,true,true,Month-to-month,false,Mailed check,90.17,6402.07,false
CUST-03719,Male,0,true,false,8,false,true,DSL,false,true,true,true,true,false,Month-to-month,true,Electronic check,40.4,323.2,false
CUST-03720,Female,0,true,true,66,false,true,No,true,true,false,false,true,false,One year,true,Credit card (automatic),70.93,4681.38,false
CUST-03721,Female,0,true,true,7,true,true,DSL,false,false,true,true,false,false,Two year,false,Mailed check,105.57,738.99,false
CUST-03722,Female,0,false,true,4,true,true,DSL,true,true,false,true,false,false,One year,true,Credit card (automatic),101.31,405.24,false
CUST-03723,Male,1,false,false,41,true,false,No,true,false,false,false,false,false,Two year,false,Credit card (automatic),102.69,4210.29,false
CUST-03724,Female,0,true,true,69,true,true,Fiber optic,false,true,false,true,true,false,Month-to-month,true,Mailed check,67.24,4639.56,false
CUST-03725,Female,1,true,false,24,false,false,DSL,false,false,true,false,true,false,One year,true,Electronic check,50.88,1221.12,false
CUST-03726,Female,0,false,true,65,false,false,DSL,true,false,true,true,false,false,Two year,false,Mailed check,69.27,4502.55,false
CUST-03727,Male,0,true,true,57,true,true,DSL,false,false,true,true,true,true,One year,true,Credit card (automatic),51,2907,false
CUST-03728,Female,0,true,false,61,true,true,No,true,false,false,false,true,true,One year,false,Credit card (automatic),62.09,3787.49,false
CUST-03729,Female,1,true,false,44,true,true,DSL,true,false,true,true,false,true,Two year,false,Mailed check,83.87,3690.28,false
CUST-03730,Male,0,true,true,38,true,true,No,false,true,true,false,true,false,One year,false,Bank transfer (automatic),70.71,2686.98,false
CUST-03731,Male,0,false,true,59,true,true,No,false,false,true,true,true,false,Month-to-month,false,Mailed check,77.6,4578.4,false
CUST-03732,Female,0,true,true,12,true,true,Fiber optic,false,true,false,false,true,true,Two year,false,Electronic check,92.51,1110.12,true
CUST-03733,Male,1,false,true,26,false,true,Fiber optic,true,true,true,false,true,true,Two year,true,Mailed check,49.97,1299.22,false
CUST-03734,Male,0,false,true,40,true,false,No,true,true,true,true,true,true,Month-to-month,false,Bank transfer (automatic),24.67,986.8,false
CUST-03735,Male,0,false,true,49,true,false,DSL,false,false,true,false,false,true,Month-to-month,true,Mailed check,43.57,2134.93,true
CUST-03736,Male,1,false,false,35,true,false,Fiber optic,false,false,true,true,true,true,One year,false,Electronic check,100.72,3525.2,false
CUST-03737,Female,0,false,false,66,false,true,DSL,true,false,false,true,false,true,One year,true,Mailed check,101.45,6695.7,false
CUST-03738,Male,0,false,true,31,true,true,DSL,false,false,true,false,true,true,One year,false,Electronic check,79.89,2476.59,false
CUST-03739,Male,0,true,false,45,false,false,DSL,true,false,false,true,true,false,Month-to-month,true,Credit card (automatic),60.61,2727.45,false
CUST-03740,Male,0,false,false,57,true,false,Fiber optic,true,true,false,false,true,false,Month-to-month,true,Mailed check,24.19,1378.83,false
CUST-03741,Male,1,true,true,60,true,false,No,false,false,true,false,false,true,Two year,false,Credit card (automatic),86.92,5215.2,false
CUST-03742,Male,0,false,false,45,true,false,No,false,false,true,true,false,false,One year,true,Electronic check,86.09,3874.05,false
CUST-03743,Male,0,false,true,7,false,true,No,false,false,false,false,false,true,Month-to-month,false,Bank transfer (automatic),75.43,528.01,false
CUST-03744,Female,0,false,true,53,true,true,DSL,true,true,true,false,true,false,Month-to-month,true,Mailed check,83.49,4424.97,false
CUST-03745,Male,0,false,false,59,true,true,No,true,true,true,false,false,true,Month-to-month,false,Credit card (automatic),109.37,6452.83,false
CUST-03746,Male,0,false,true,67,false,true,No,false,true,false,false,true,true,Month-to-month,true,Bank transfer (automatic),107.58,7207.86,true
CUST-03747,Female,0,false,true,63,false,true,DSL,false,true,true,false,true,false,One year,false,Bank transfer (automatic),64.73,4077.99,true
CUST-03748,Female,0,false,false,55,true,false,DSL,true,true,false,true,false,false,Two year,true,Bank transfer (automatic),113.18,6224.9,false
CUST-03749,Female,0,false,true,42,true,false,Fiber optic,true,false,true,true,true,false,Two year,false,Mailed check,60.15,2526.3,false
CUST-03750,Female,0,false,true,68,true,true,Fiber optic,false,true,true,false,false,true,Month-to-month,true,Mailed check,66.97,4553.96,false
CUST-03751,Female,0,true,false,62,true,false,Fiber optic,false,false,false,true,true,true,Month-to-month,true,Mailed check,77.1,4780.2,true
CUST-03752,Male,0,false,true,69,false,false,No,false,false,true,false,false,true,Month-to-month,false,Credit card (automatic),54.49,3759.81,false
CUST-03753,Male,0,false,true,56,true,false,Fiber optic,true,false,true,false,true,true,Month-to-month,false,Mailed check,32.53,1821.68,false
CUST-03754,Female,0,false,true,63,false,true,DSL,true,false,false,false,false,true,Two year,true,Bank transfer (automatic),43.67,2751.21,false
CUST-03755,Male,0,true,true,39,false,false,Fiber optic,false,true,true,true,false,false,Two year,true,Mailed check,28.23,1100.97,false
CUST-03756,Male,0,true,true,32,false,false,No,false,true,false,false,false,false,Month-to-month,false,Credit card (automatic),64.38,2060.16,true
CUST-03757,Male,0,true,false,17,false,false,DSL,true,true,false,true,true,true,Two year,true,Mailed check,93.12,1583.04,true
CUST-03758,Female,0,true,true,25,false,false,DSL,true,false,false,true,false,true,One year,true,Electronic check,114.01,2850.25,false
CUST-03759,Male,1,false,false,29,true,true,DSL,true,true,false,true,true,true,One year,true,Bank transfer (automatic),33.72,977.88,false
CUST-03760,Female,0,true,true,8,true,true,DSL,false,false,false,true,true,true,Two year,false,Mailed check,47.98,383.84,false
CUST-03761,Female,1,true,false,26,true,false,DSL,false,true,false,true,true,true,Two year,false,Credit card (automatic),101.83,2647.58,false
CUST-03762,Male,1,false,false,49,true,true,DSL,true,true,true,true,false,false,Month-to-month,false,Credit card (automatic),74.32,3641.68,false
CUST-03763,Female,0,false,false,66,true,false,No,false,false,true,true,true,false,Two year,false,Mailed check,74.97,4948.02,false
CUST-03764,Male,0,false,false,12,true,false,No,true,false,true,true,false,true,One year,true,Credit card (automatic),20.32,243.84,false
CUST-03765,Female,1,false,true,5,false,false,No,true,true,true,false,true,true,One year,false,Credit card (automatic),32.36,161.8,false
CUST-03766,Male,0,false,true,62,false,true,DSL,false,true,true,true,true,false,Two year,false,Electronic check,101.97,6322.14,false
CUST-03767,Female,0,true,true,42,true,false,Fiber optic,true,false,false,false,false,true,One year,false,Credit card (automatic),108.13,4541.46,false
CUST-03768,Female,0,false,true,16,true,true,Fiber optic,true,true,true,false,true,true,Month-to-month,true,Electronic check,91.78,1468.48,false
CUST-03769,Male,1,false,true,33,true,false,No,true,true,false,true,false,false,Month-to-month,false,Electronic check,39.08,1289.64,false
CUST-03770,Male,0,false,true,62,true,false,Fiber optic,true,true,false,false,false,true,Month-to-month,true,Credit card (automatic),105.44,6537.28,false
CUST-03771,Female,0,false,true,35,false,false,Fiber optic,false,false,false,true,true,false,One year,false,Electronic check,67.16,2350.6,false
CUST-03772,Male,0,true,true,66,true,false,Fiber optic,true,true,false,true,false,true,One year,true,Electronic check,102.33,6753.78,false
CUST-03773,Female,0,true,false,7,true,true,Fiber optic,true,false,true,true,true,false,One year,false,Bank transfer (automatic),57.67,403.69,false
CUST-03774,Female,0,false,false,17,true,false,No,true,false,true,false,false,true,One year,false,Bank transfer (automatic),105.9,1800.3,false
CUST-03775,Female,0,true,true,65,false,true,DSL,true,true,false,false,false,true,One year,false,Mailed check,82.04,5332.6,false
CUST-03776,Male,0,false,true,19,true,false,Fiber optic,true,false,true,false,false,false,Two year,false,Electronic check,54.78,1040.82,false
CUST-03777,Female,0,false,false,41,true,false,DSL,true,true,true,true,false,false,Month-to-month,false,Electronic check,67.58,2770.78,true
CUST-03778,Female,0,true,true,60,false,false,No,false,false,true,false,false,true,Month-to-month,true,Bank transfer (automatic),108.64,6518.4,false
CUST-03779,Male,0,true,false,1,false,true,DSL,true,false,true,true,true,true,One year,false,Mailed check,37.64,37.64,false
CUST-03780,Male,0,false,true,27,true,true,Fiber optic,false,true,true,false,true,true,One year,true,Electronic check,88.42,2387.34,false
CUST-03781,Female,1,true,false,62,false,false,Fiber optic,false,false,true,false,true,false,One year,true,Bank transfer (automatic),33.94,2104.28,true
CUST-03782,Female,0,true,false,21,true,true,No,false,false,true,true,false,false,One year,true,Bank transfer (automatic),96.69,2030.49,false
CUST-03783,Female,0,true,true,18,true,true,Fiber optic,true,true,true,true,true,true,One year,false,Credit card (automatic),97.06,1747.08,false
CUST-03784,Female,0,false,true,20,false,false,Fiber optic,false,true,true,false,false,false,One year,true,Credit card (automatic),62.35,1247,false
CUST-03785,Male,1,false,true,6,true,false,Fiber optic,true,false,true,true,true,true,Month-to-month,false,Bank transfer (automatic),59.52,357.12,false
CUST-03786,Female,0,false,true,4,false,false,Fiber optic,true,false,false,true,true,false,Month-to-month,true,Electronic check,99.44,397.76,false
CUST-03787,Female,0,false,true,61,false,true,DSL,false,true,false,false,false,true,Two year,true,Credit card (automatic),62.25,3797.25,false
CUST-03788,Female,0,false,false,51,true,false,Fiber optic,true,true,false,true,true,false,One year,true,Bank transfer (automatic),111.79,5701.29,false
CUST-03789,Female,0,false,true,72,false,false,DSL,true,false,false,true,false,false,Two year,true,Bank transfer (automatic),49.96,3597.12,false
CUST-03790,Female,0,true,true,31,false,true,DSL,true,false,false,true,true,true,Month-to-month,true,Credit card (automatic),71.55,2218.05,false
CUST-03791,Male,0,true,true,44,false,true,No,false,false,true,true,false,true,Month-to-month,true,Bank transfer (automatic),78.33,3446.52,false
CUST-03792,Male,1,false,false,8,true,true,Fiber optic,false,false,true,false,true,true,Month-to-month,true,Bank transfer (automatic),99.93,799.44,false
CUST-03793,Female,0,true,true,42,false,true,DSL,false,false,true,true,true,true,Two year,false,Bank transfer (automatic),103.99,4367.58,false
CUST-03794,Female,0,true,true,31,true,true,Fiber optic,true,false,false,false,false,false,One year,true,Bank transfer (automatic),37.72,1169.32,false
CUST-03795,Female,0,false,false,25,false,true,Fiber optic,true,true,true,false,false,true,Two year,false,Electronic check,34.31,857.75,false
CUST-03796,Female,0,true,false,55,true,false,No,false,true,true,false,true,true,Two year,false,Mailed check,60.23,3312.65,false
CUST-03797,Female,0,false,true,56,true,true,No,true,true,true,false,true,false,Month-to-month,false,Electronic check,68.85,3855.6,false
CUST-03798,Male,0,false,true,40,true,false,Fiber optic,true,false,true,false,true,true,Two year,true,Electronic check,50.61,2024.4,true
CUST-03799,Female,0,true,false,58,false,true,Fiber optic,false,true,true,false,false,true,Month-to-month,false,Bank transfer (automatic),57.87,3356.46,false
CUST-03800,Male,0,true,true,69,true,true,No,false,false,false,true,false,false,One year,false,Mailed check,82.34,5681.46,false
CUST-03801,Female,0,true,false,42,false,true,Fiber optic,true,true,false,true,false,false,Month-to-month,false,Mailed check,116.48,4892.16,false
CUST-03802,Male,0,true,true,41,false,true,DSL,true,false,true,false,true,false,One year,false,Electronic check,108.29,4439.89,false
CUST-03803,Female,0,true,true,62,true,false,DSL,true,false,true,true,false,false,Two year,true,Credit card (automatic),89.34,5539.08,false
CUST-03804,Female,0,true,true,9,true,false,Fiber optic,true,false,false,true,false,true,Month-to-month,false,Mailed check,71.77,645.93,false
CUST-03805,Female,1,true,true,68,true,true,No,true,true,true,false,false,true,One year,false,Electronic check,24.15,1642.2,false
CUST-03806,Female,0,false,false,17,false,true,No,true,false,true,false,false,false,One year,false,Mailed check,77.52,1317.84,false
CUST-03807,Female,0,false,false,35,false,false,DSL,false,true,true,true,false,true,One year,true,Bank transfer (automatic),59.22,2072.7,false
CUST-03808,Female,0,true,true,44,true,false,DSL,true,true,false,true,false,true,Month-to-month,true,Mailed check,33.35,1467.4,false
CUST-03809,Male,1,false,false,48,false,true,Fiber optic,false,false,true,false,true,true,One year,false,Bank transfer (automatic),48.09,2308.32,false
CUST-03810,Male,0,true,false,16,true,false,DSL,false,true,false,true,true,false,Two year,false,Electronic check,85.14,1362.24,false
CUST-03811,Male,0,true,true,25,true,true,DSL,true,false,true,true,false,true,Two year,false,Mailed check,97.15,2428.75,false
CUST-03812,Female,0,true,true,51,false,true,No,false,true,false,false,false,false,Month-to-month,false,Mailed check,98.39,5017.89,true
CUST-03813,Male,0,true,false,14,true,true,No,true,true,false,false,true,true,One year,true,Electronic check,108.41,1517.74,false
CUST-03814,Male,0,false,true,30,false,false,No,false,false,false,false,true,false,One year,true,Electronic check,111.64,3349.2,true
CUST-03815,Male,0,true,true,71,false,false,DSL,true,true,false,true,false,false,Two year,true,Bank transfer (automatic),52.63,3736.73,false
CUST-03816,Male,0,true,false,38,true,false,DSL,false,true,true,false,false,true,One year,false,Electronic check,59.68,2267.84,false
CUST-03817,Male,0,false,false,31,true,true,No,false,true,true,false,true,false,Month-to-month,false,Electronic check,113.74,3525.94,true
CUST-03818,Male,0,false,false,20,false,false,No,false,false,false,false,true,false,Two year,true,Mailed check,67.88,1357.6,false
CUST-03819,Male,0,false,false,35,false,true,Fiber optic,true,false,false,true,true,true,One year,false,Credit card (automatic),24.15,845.25,false
CUST-03820,Male,1,true,true,49,true,true,Fiber optic,true,true,true,true,true,false,Month-to-month,true,Mailed check,54.38,2664.62,false
CUST-03821,Male,0,true,true,45,true,false,DSL,false,true,false,true,true,false,One year,false,Mailed check,119.84,5392.8,false
CUST-03822,Female,1,false,true,27,false,false,No,true,true,true,true,true,false,One year,true,Mailed check,66.84,1804.68,false
CUST-03823,Female,0,true,true,21,false,true,Fiber optic,true,false,false,true,false,false,Month-to-month,true,Mailed check,100.44,2109.24,false
CUST-03824,Male,0,false,false,66,true,false,Fiber optic,true,false,true,false,true,true,One year,false,Bank transfer (automatic),56.28,3714.48,false
CUST-03825,Male,0,false,true,33,true,false,Fiber optic,false,true,true,false,false,false,One year,true,Electronic check,28.27,932.91,false
CUST-03826,Male,1,false,false,1,true,true,Fiber optic,false,false,false,true,false,false,Month-to-month,false,Electronic check,67.2,67.2,false
CUST-03827,Male,0,true,true,62,false,true,DSL,false,false,false,true,true,true,Month-to-month,true,Mailed check,59.52,3690.24,true
CUST-03828,Male,0,false,true,52,true,true,Fiber optic,true,false,false,true,true,true,Month-to-month,false,Credit card (automatic),56.56,2941.12,false
CUST-03829,Male,0,true,false,33,false,false,Fiber optic,false,false,true,true,true,false,Month-to-month,false,Credit card (automatic),91.75,3027.75,false
CUST-03830,Male,0,true,true,10,true,true,No,true,true,true,true,false,true,Month-to-month,false,Mailed check,74.46,744.6,true
CUST-03831,Female,0,false,true,30,false,false,No,false,true,true,false,false,false,Month-to-month,false,Mailed check,49.25,1477.5,false
CUST-03832,Female,0,true,false,32,false,true,Fiber optic,false,false,false,false,false,false,One year,true,Credit card (automatic),47.46,1518.72,false
CUST-03833,Male,0,false,true,9,false,true,DSL,true,false,false,false,true,false,One year,true,Mailed check,94.93,854.37,true
CUST-03834,Female,0,true,true,21,true,true,Fiber optic,true,true,false,false,true,false,One year,false,Bank transfer (automatic),47.96,1007.16,false
CUST-03835,Female,0,false,true,1,false,true,Fiber optic,true,false,true,false,true,false,One year,false,Credit card (automatic),107.72,107.72,false
CUST-03836,Male,1,true,false,63,true,false,No,true,true,true,true,false,true,One year,true,Bank transfer (automatic),63.44,3996.72,true
CUST-03837,Female,1,true,true,72,false,true,Fiber optic,false,false,true,false,false,true,Month-to-month,true,Mailed check,45.68,3288.96,false
CUST-03838,Female,0,false,false,52,false,true,No,true,false,true,false,false,false,Month-to-month,false,Mailed check,53.79,2797.08,false
CUST-03839,Female,0,false,false,70,true,false,Fiber optic,true,false,false,false,false,true,Two year,true,Credit card (automatic),79.58,5570.6,false
CUST-03840,Male,0,true,true,56,false,false,DSL,false,false,true,true,true,true,One year,true,Electronic check,111.06,6219.36,false
CUST-03841,Male,1,false,true,47,true,true,Fiber optic,true,true,false,false,false,false,Month-to-month,true,Credit card (automatic),49.55,2328.85,false
CUST-03842,Male,0,true,true,20,true,true,DSL,true,true,false,false,true,true,Two year,true,Electronic check,94.77,1895.4,false
CUST-03843,Male,0,true,true,29,true,true,DSL,false,false,true,true,true,false,Two year,true,Bank transfer (automatic),73.17,2121.93,false
CUST-03844,Female,0,true,true,66,false,false,DSL,false,false,true,true,false,false,Month-to-month,true,Bank transfer (automatic),113.52,7492.32,true
CUST-03845,Female,0,true,false,49,true,false,No,false,false,false,true,true,false,Month-to-month,true,Credit card (automatic),46.12,2259.88,true
CUST-03846,Female,1,true,false,19,false,false,No,true,true,false,false,false,true,One year,true,Credit card (automatic),36.31,689.89,false
CUST-03847,Male,0,true,false,64,true,false,Fiber optic,false,true,true,true,true,true,One year,false,Credit card (automatic),92.49,5919.36,false
CUST-03848,Male,0,true,true,14,true,false,DSL,false,true,false,true,false,true,Two year,true,Mailed check,117.71,1647.94,false
CUST-03849,Female,0,false,true,20,false,true,Fiber optic,false,false,true,false,true,true,Month-to-month,true,Bank transfer (automatic),105.94,2118.8,false
CUST-03850,Male,0,false,false,51,true,false,No,true,true,false,true,true,false,Month-to-month,true,Bank transfer (automatic),29.36,1497.36,false
CUST-03851,Female,0,false,false,24,true,false,No,false,true,true,true,false,true,Two year,false,Credit card (automatic),105.56,2533.44,false
CUST-03852,Female,0,false,false,60,false,false,Fiber optic,true,true,false,false,false,false,Two year,true,Mailed check,105.07,6304.2,false
CUST-03853,Male,0,true,false,36,false,true,DSL,false,false,true,false,false,false,Two year,false,Credit card (automatic),98.8,3556.8,false
CUST-03854,Female,0,true,true,56,true,true,Fiber optic,false,true,false,true,false,true,Month-to-month,true,Bank transfer (automatic),105.97,5934.32,false
CUST-03855,Male,0,false,true,51,false,false,Fiber optic,false,false,true,true,false,true,Month-to-month,true,Electronic check,39.7,2024.7,true
CUST-03856,Male,0,true,false,3,true,true,DSL,true,false,false,true,true,true,One year,false,Electronic check,55.23,165.69,true
CUST-03857,Female,0,false,true,42,true,false,DSL,false,true,false,true,false,false,Two year,false,Bank transfer (automatic),81.21,3410.82,false
CUST-03858,Female,0,true,true,22,true,false,Fiber optic,false,true,false,false,false,true,Two year,true,Bank transfer (automatic),79.6,1751.2,false
CUST-03859,Female,0,true,false,9,false,false,Fiber optic,true,false,false,true,true,false,One year,false,Mailed check,55.12,496.08,false
CUST-03860,Male,1,true,false,28,true,false,No,false,true,true,false,false,true,Month-to-month,false,Bank transfer (automatic),104.38,2922.64,false
CUST-03861,Female,0,false,true,34,false,true,No,false,true,true,true,true,false,One year,true,Mailed check,85.66,2912.44,false
CUST-03862,Female,0,false,false,58,true,true,Fiber optic,true,true,true,false,false,true,Month-to-month,false,Credit card (automatic),52.67,3054.86,false
CUST-03863,Female,0,true,false,20,false,true,Fiber optic,false,true,false,false,true,false,One year,false,Electronic check,83.25,1665,false
CUST-03864,Female,0,false,true,52,true,false,DSL,true,false,true,true,true,false,Month-to-month,false,Mailed check,31.22,1623.44,false
CUST-03865,Female,1,true,false,7,false,true,Fiber optic,false,true,false,true,false,true,Two year,true,Credit card (automatic),94.44,661.08,false
CUST-03866,Female,1,false,true,61,true,true,DSL,false,true,true,false,false,false,Month-to-month,true,Electronic check,88.12,5375.32,false
CUST-03867,Male,0,true,true,11,false,true,DSL,true,true,false,false,false,false,Month-to-month,true,Electronic check,21.11,232.21,false
CUST-03868,Male,0,true,false,44,true,false,Fiber optic,false,true,false,true,false,false,Two year,false,Credit card (automatic),67.01,2948.44,false
CUST-03869,Female,1,true,false,25,true,true,Fiber optic,false,false,true,true,true,false,Two year,false,Electronic check,29.51,737.75,false
CUST-03870,Male,0,false,false,14,true,false,DSL,false,true,false,false,false,false,Month-to-month,true,Electronic check,55.68,779.52,false
CUST-03871,Female,1,false,true,43,false,false,Fiber optic,false,false,true,true,false,false,One year,true,Bank transfer (automatic),46.88,2015.84,false
CUST-03872,Female,0,false,true,6,false,true,No,true,false,false,false,false,true,Two year,true,Mailed check,51.31,307.86,false
CUST-03873,Female,1,false,true,11,true,true,DSL,false,false,true,false,true,false,Two year,false,Bank transfer (automatic),54.04,594.44,false
CUST-03874,Male,1,false,false,44,true,true,DSL,false,true,true,false,true,false,Month-to-month,false,Electronic check,48.99,2155.56,true
CUST-03875,Female,0,true,false,33,true,true,DSL,true,true,false,false,true,true,One year,false,Mailed check,35.89,1184.37,false
CUST-03876,Male,0,false,false,42,false,true,No,false,true,false,false,false,false,One year,false,Bank transfer (automatic),24.78,1040.76,true
CUST-03877,Female,1,true,true,6,false,false,No,true,true,false,false,false,false,Two year,true,Mailed check,68.58,411.48,false
CUST-03878,Male,1,true,false,47,false,false,DSL,true,false,false,false,false,true,One year,true,Credit card (automatic),31.22,1467.34,true
CUST-03879,Female,0,false,true,30,false,true,Fiber optic,true,true,false,true,true,false,One year,true,Bank transfer (automatic),102.33,3069.9,true
CUST-03880,Female,0,false,true,15,true,true,No,false,false,true,false,false,true,Month-to-month,false,Bank transfer (automatic),68.69,1030.35,false
CUST-03881,Female,0,false,false,8,true,true,Fiber optic,true,true,true,false,true,false,Two year,true,Electronic check,74.26,594.08,false
CUST-03882,Male,0,true,false,37,false,true,No,false,false,true,true,false,false,One year,true,Electronic check,93.29,3451.73,false
CUST-03883,Male,1,false,true,70,true,true,No,true,false,false,false,true,false,Two year,true,Credit card (automatic),23.96,1677.2,false
CUST-03884,Male,0,true,true,57,false,false,Fiber optic,false,false,false,false,true,true,One year,true,Mailed check,113.82,6487.74,false
CUST-03885,Female,1,false,false,31,false,true,No,false,true,false,false,true,false,One year,false,Credit card (automatic),59.02,1829.62,false
CUST-03886,Female,0,false,true,68,true,true,No,false,false,false,true,false,false,One year,false,Mailed check,44.7,3039.6,true
CUST-03887,Male,0,false,true,23,false,false,Fiber optic,false,true,true,true,true,true,Two year,true,Mailed check,118.34,2721.82,false
CUST-03888,Male,0,true,false,58,false,false,No,false,true,true,true,false,false,Month-to-month,false,Credit card (automatic),73.24,4247.92,true
CUST-03889,Male,0,true,true,50,true,false,DSL,true,true,true,false,true,true,Two year,false,Credit card (automatic),46.69,2334.5,false
CUST-03890,Male,0,true,false,69,true,true,Fiber optic,true,false,false,true,true,true,One year,false,Mailed check,38.88,2682.72,false
CUST-03891,Male,0,true,false,25,false,true,DSL,false,true,true,true,true,true,One year,false,Bank transfer (automatic),25.88,647,false
CUST-03892,Female,1,false,true,44,false,false,Fiber optic,true,false,false,true,true,true,One year,false,Mailed check,67.25,2959,false
CUST-03893,Male,0,true,false,12,false,true,No,true,true,false,true,false,true,Two year,false,Electronic check,118.33,1419.96,false
CUST-03894,Male,1,false,true,13,true,true,No,false,false,false,false,true,false,Month-to-month,true,Mailed check,46.16,600.08,false
CUST-03895,Female,0,true,false,3,false,false,DSL,true,false,true,false,false,false,Two year,false,Credit card (automatic),91.88,275.64,false
CUST-03896,Male,0,true,false,61,false,false,Fiber optic,false,false,true,true,false,true,One year,true,Mailed check,60.74,3705.14,false
CUST-03897,Male,0,false,true,52,true,true,No,true,true,true,false,false,false,One year,false,Bank transfer (automatic),58.68,3051.36,false
CUST-03898,Female,0,true,true,23,true,false,DSL,false,true,true,true,false,true,Two year,false,Electronic check,100.27,2306.21,false
CUST-03899,Female,0,true,false,33,true,false,DSL,false,true,false,false,false,true,One year,false,Mailed check,45.28,1494.24,false
CUST-03900,Male,0,false,false,58,true,false,DSL,false,false,false,false,false,true,One year,false,Credit card (automatic),115.04,6672.32,false
CUST-03901,Male,0,true,false,11,false,false,No,false,false,false,true,false,true,Two year,true,Mailed check,89.64,986.04,false
CUST-03902,Male,0,true,true,8,true,false,No,false,false,true,false,false,false,One year,false,Mailed check,115.33,922.64,false
CUST-03903,Female,0,false,true,65,true,false,DSL,false,false,false,false,false,true,Month-to-month,false,Bank transfer (automatic),60.63,3940.95,false
CUST-03904,Female,0,false,false,56,true,true,Fiber optic,true,true,true,true,true,false,Month-to-month,false,Credit card (automatic),70.26,3934.56,false
CUST-03905,Female,0,true,true,36,true,false,DSL,true,false,true,true,true,true,One year,false,Electronic check,58.7,2113.2,true
CUST-03906,Female,0,false,false,3,true,true,DSL,true,true,false,true,true,true,One year,false,Electronic check,108.29,324.87,false
CUST-03907,Male,0,false,true,46,false,false,DSL,true,false,true,false,true,true,Month-to-month,true,Bank transfer (automatic),51.33,2361.18,false
CUST-03908,Female,0,false,true,17,false,true,No,false,false,true,true,true,true,Two year,true,Electronic check,103.32,1756.44,false
CUST-03909,Female,0,false,true,72,true,false,Fiber optic,false,true,false,true,true,true,Month-to-month,true,Credit card (automatic),63.86,4597.92,false
CUST-03910,Female,0,false,true,61,false,false,DSL,false,false,false,true,true,true,Two year,true,Bank transfer (automatic),34.46,2102.06,false
CUST-03911,Male,1,true,true,20,true,false,DSL,false,true,false,false,false,true,Two year,true,Credit card (automatic),55.15,1103,false
CUST-03912,Female,0,false,true,28,false,false,No,false,true,true,false,false,true,Month-to-month,true,Bank transfer (automatic),80.24,2246.72,false
CUST-03913,Female,0,false,false,50,false,false,DSL,true,true,true,false,true,false,Month-to-month,false,Bank transfer (automatic),41.36,2068,true
CUST-03914,Female,0,false,false,30,true,true,Fiber optic,false,false,false,false,true,false,Two year,true,Credit card (automatic),21.49,644.7,false
CUST-03915,Female,0,false,false,52,true,false,No,false,true,false,false,true,false,Two year,false,Credit card (automatic),38.25,1989,false
CUST-03916,Male,0,true,false,6,true,true,DSL,true,false,true,true,true,true,Two year,false,Credit card (automatic),39.6,237.6,true
CUST-03917,Male,0,false,false,63,false,false,DSL,true,true,false,false,false,true,Month-to-month,true,Mailed check,86.47,5447.61,true
CUST-03918,Male,0,true,true,3,true,true,No,true,true,false,false,true,false,Month-to-month,false,Bank transfer (automatic),57.39,172.17,false
CUST-03919,Female,0,false,false,60,false,true,No,true,false,false,false,true,true,Month-to-month,false,Electronic check,44.34,2660.4,false
CUST-03920,Female,0,false,true,54,false,true,No,true,false,true,true,true,false,One year,false,Electronic check,79.34,4284.36,false
CUST-03921,Female,0,true,false,17,true,false,Fiber optic,false,false,false,true,false,false,Month-to-month,false,Credit card (automatic),20.6,350.2,true
CUST-03922,Male,0,true,true,4,true,false,DSL,true,true,true,false,false,false,Two year,false,Electronic check,114.74,458.96,false
CUST-03923,Male,0,false,true,67,false,false,No,false,true,false,false,true,false,Two year,false,Bank transfer (automatic),88.72,5944.24,false
CUST-03924,Male,0,true,false,34,false,true,DSL,true,false,true,false,true,true,Month-to-month,false,Credit card (automatic),63.45,2157.3,false
CUST-03925,Female,1,true,true,40,false,true,Fiber optic,false,false,true,true,false,false,Two year,false,Electronic check,104.71,4188.4,false
CUST-03926,Female,0,false,false,9,true,true,DSL,true,false,true,true,true,true,One year,true,Mailed check,104.38,939.42,false
CUST-03927,Female,0,false,true,8,true,false,No,false,true,true,false,true,false,One year,true,Mailed check,115.07,920.56,false
CUST-03928,Female,1,false,true,1,true,false,No,false,false,true,false,true,true,Month-to-month,true,Electronic check,56.96,56.96,true
CUST-03929,Female,0,true,true,19,true,false,Fiber optic,true,false,false,false,false,true,Two year,false,Electronic check,91.73,1742.87,false
CUST-03930,Male,0,false,true,43,false,true,No,false,true,true,true,false,false,Month-to-month,false,Mailed check,54.27,2333.61,false
CUST-03931,Male,0,true,false,6,false,true,No,true,true,true,false,true,false,Month-to-month,true,Electronic check,70.5,423,true
CUST-03932,Female,0,true,false,5,true,false,Fiber optic,true,false,false,false,true,false,Month-to-month,false,Credit card (automatic),59.89,299.45,true
CUST-03933,Male,0,false,false,16,false,false,Fiber optic,true,true,false,false,false,false,Month-to-month,false,Mailed check,113.13,1810.08,false
CUST-03934,Male,1,true,false,22,true,false,No,true,true,false,true,true,false,Month-to-month,false,Bank transfer (automatic),39.93,878.46,false
CUST-03935,Female,1,true,false,33,true,false,DSL,true,false,true,false,false,true,Month-to-month,false,Electronic check,84.75,2796.75,false
CUST-03936,Male,0,true,false,1,true,true,Fiber optic,true,false,false,true,false,false,Month-to-month,false,Bank transfer (automatic),63.59,63.59,false
CUST-03937,Male,0,false,true,56,true,false,DSL,false,true,true,false,false,false,One year,false,Credit card (automatic),21.19,1186.64,true
CUST-03938,Male,0,false,true,18,false,false,DSL,false,false,true,false,true,false,Month-to-month,false,Bank transfer (automatic),109.01,1962.18,false
CUST-03939,Female,0,false,true,57,true,false,No,true,false,false,true,false,false,One year,true,Electronic check,51.15,2915.55,false
CUST-03940,Female,0,false,false,4,false,true,Fiber optic,true,false,true,false,false,true,Two year,true,Electronic check,48.24,192.96,false
CUST-03941,Male,0,false,false,31,true,false,Fiber optic,true,true,true,true,false,true,Month-to-month,true,Bank transfer (automatic),49.37,1530.47,true
CUST-03942,Female,0,false,false,32,true,true,No,true,false,true,true,false,false,Month-to-month,true,Bank transfer (automatic),66.07,2114.24,true
CUST-03943,Female,0,true,false,36,true,false,Fiber optic,false,false,true,false,true,false,Two year,false,Electronic check,111.14,4001.04,false
CUST-03944,Male,0,true,true,22,true,true,DSL,false,false,false,false,false,true,Two year,false,Bank transfer (automatic),66.05,1453.1,false
CUST-03945,Male,0,false,false,25,false,false,DSL,false,false,true,true,true,true,Two year,false,Bank transfer (automatic),57.13,1428.25,false
CUST-03946,Female,0,true,true,47,false,true,DSL,true,false,true,true,false,false,Two year,true,Bank transfer (automatic),40.61,1908.67,false
CUST-03947,Male,0,false,true,69,true,false,Fiber optic,true,false,false,true,true,false,Month-to-month,true,Electronic check,82.94,5722.86,false
CUST-03948,Male,0,false,true,55,true,false,Fiber optic,true,false,true,true,true,false,One year,true,Credit card (automatic),94.47,5195.85,false
CUST-03949,Male,0,false,false,16,false,true,Fiber optic,true,true,true,false,false,true,Two year,true,Electronic check,22.64,362.24,false
CUST-03950,Male,0,false,false,54,true,true,No,true,true,true,false,true,false,One year,true,Electronic check,112.34,6066.36,false
CUST-03951,Male,0,false,true,5,false,false,No,false,true,true,true,false,false,One year,false,Bank transfer (automatic),74.42,372.1,false
CUST-03952,Female,0,false,true,41,false,true,No,false,false,false,true,true,true,Month-to-month,true,Credit card (automatic),46.97,1925.77,false
CUST-03953,Male,0,false,true,3,true,false,Fiber optic,false,true,true,false,false,false,One year,true,Credit card (automatic),98.7,296.1,false
CUST-03954,Female,0,true,true,60,false,false,No,true,false,true,true,false,true,One year,true,Electronic check,115.49,6929.4,false
CUST-03955,Female,0,false,true,50,false,true,Fiber optic,true,true,true,true,true,false,Month-to-month,false,Mailed check,40.1,2005,false
CUST-03956,Female,0,false,true,63,false,false,No,false,false,false,false,false,false,Two year,false,Credit card (automatic),99.4,6262.2,false
CUST-03957,Male,0,false,true,71,false,false,DSL,false,true,true,true,true,true,Month-to-month,true,Credit card (automatic),65.43,4645.53,false
CUST-03958,Female,0,false,false,61,true,false,Fiber optic,false,true,true,false,false,false,Two year,false,Electronic check,116.01,7076.61,false
CUST-03959,Male,0,false,false,54,false,false,Fiber optic,false,false,true,true,true,true,One year,false,Mailed check,94.56,5106.24,false
CUST-03960,Female,0,false,false,11,false,true,DSL,true,true,false,false,true,false,Two year,true,Bank transfer (automatic),81.89,900.79,false
CUST-03961,Male,0,false,false,28,true,true,Fiber optic,true,false,false,false,true,true,Two year,false,Bank transfer (automatic),28.16,788.48,false
CUST-03962,Male,0,true,true,52,true,false,Fiber optic,false,true,true,true,true,false,One year,false,Electronic check,112.32,5840.64,false
CUST-03963,Male,0,true,true,24,false,false,No,true,true,false,false,false,false,One year,true,Mailed check,107.41,2577.84,false
CUST-03964,Female,0,true,false,16,false,false,No,false,false,true,true,false,true,One year,true,Bank transfer (automatic),89.05,1424.8,true
CUST-03965,Male,0,false,false,64,true,false,DSL,true,false,false,false,false,true,Month-to-month,false,Mailed check,30.63,1960.32,false
CUST-03966,Male,0,true,false,51,false,false,Fiber optic,true,false,false,false,false,false,One year,true,Mailed check,56.36,2874.36,false
CUST-03967,Male,0,true,true,28,false,false,Fiber optic,false,false,true,false,true,false,Two year,true,Credit card (automatic),53.88,1508.64,false
CUST-03968,Female,0,true,true,45,true,false,No,false,true,true,true,true,false,One year,false,Mailed check,102.44,4609.8,false
CUST-03969,Female,0,true,true,6,true,false,No,false,true,true,false,true,true,Two year,false,Mailed check,101.07,606.42,false
CUST-03970,Female,0,true,true,50,true,false,DSL,false,false,true,false,true,true,Month-to-month,true,Mailed check,36.12,1806,true
CUST-03971,Male,0,true,false,8,false,false,No,true,false,false,false,false,false,Two year,false,Electronic check,114.96,919.68,false
CUST-03972,Female,0,false,false,33,true,true,No,true,false,false,false,false,true,Month-to-month,true,Mailed check,43.52,1436.16,false
CUST-03973,Female,0,false,false,56,false,false,No,true,false,true,false,false,true,Month-to-month,true,Credit card (automatic),34.54,1934.24,true
CUST-03974,Male,0,true,false,18,false,false,No,false,true,true,false,false,false,Two year,true,Bank transfer (automatic),22.37,402.66,false
CUST-03975,Male,0,true,false,1,false,true,No,true,false,false,false,true,true,Month-to-month,true,Mailed check,45.27,45.27,true
CUST-03976,Female,0,false,true,11,true,true,DSL,true,false,true,true,false,true,Month-to-month,false,Bank transfer (automatic),74.39,818.29,false
CUST-03977,Male,0,true,false,25,true,false,DSL,false,true,true,false,false,false,Month-to-month,true,Bank transfer (automatic),90.83,2270.75,true
CUST-03978,Female,0,true,false,26,true,false,No,true,false,false,false,true,false,Month-to-month,true,Mailed check,45.52,1183.52,false
CUST-03979,Female,0,false,false,43,true,false,DSL,true,true,true,true,false,true,One year,true,Electronic check,28.85,1240.55,false
CUST-03980,Male,0,true,false,43,true,true,Fiber optic,true,false,true,false,false,true,Month-to-month,true,Electronic check,60.45,2599.35,true
CUST-03981,Male,0,true,true,34,false,true,DSL,false,false,false,true,true,false,Two year,true,Bank transfer (automatic),76.24,2592.16,false
CUST-03982,Female,0,true,true,44,false,true,No,true,false,true,true,true,false,Month-to-month,true,Credit card (automatic),104.48,4597.12,false
CUST-03983,Female,0,false,false,53,true,false,No,false,true,true,false,false,true,Two year,true,Bank transfer (automatic),85.75,4544.75,false
CUST-03984,Male,0,true,true,49,false,true,Fiber optic,false,false,false,false,false,true,One year,true,Mailed check,73.86,3619.14,false
CUST-03985,Male,1,true,true,51,true,false,No,true,false,false,true,false,false,One year,false,Electronic check,49.86,2542.86,false
CUST-03986,Male,0,false,false,17,false,false,Fiber optic,true,true,false,false,true,false,Two year,true,Credit card (automatic),37.23,632.91,false
CUST-03987,Male,0,false,true,69,true,false,DSL,true,false,false,true,false,true,One year,true,Bank transfer (automatic),42.92,2961.48,false
CUST-03988,Female,1,true,false,33,true,false,Fiber optic,false,false,false,false,true,false,One year,false,Bank transfer (automatic),108.25,3572.25,false
CUST-03989,Female,0,true,true,65,false,true,Fiber optic,false,false,false,true,true,false,Two year,true,Mailed check,26.12,1697.8,false
CUST-03990,Female,0,false,false,37,false,true,DSL,false,false,true,true,false,true,Two year,false,Bank transfer (automatic),103.87,3843.19,false
CUST-03991,Female,0,true,true,36,true,false,No,false,true,true,false,true,true,Month-to-month,true,Bank transfer (automatic),96.86,3486.96,true
CUST-03992,Female,0,false,false,18,true,true,No,false,false,true,false,false,false,One year,false,Mailed check,25.04,450.72,false
CUST-03993,Female,0,false,true,57,true,true,Fiber optic,false,true,false,false,false,false,Two year,false,Mailed check,98.48,5613.36,false
CUST-03994,Male,0,true,true,47,true,true,Fiber optic,false,false,false,false,true,true,One year,false,Mailed check,103.28,4854.16,false
CUST-03995,Female,0,false,true,34,true,false,Fiber optic,true,false,false,false,true,false,One year,true,Bank transfer (automatic),58.46,1987.64,true
CUST-03996,Female,1,true,false,41,true,false,Fiber optic,false,false,false,true,false,true,One year,false,Bank transfer (automatic),23.14,948.74,false
CUST-03997,Female,0,false,false,68,false,false,No,false,false,false,false,false,false,One year,false,Bank transfer (automatic),25.17,1711.56,false
CUST-03998,Female,0,false,true,63,false,true,No,false,true,false,false,true,false,Month-to-month,true,Credit card (automatic),119.34,7518.42,false
CUST-03999,Male,0,true,false,20,false,false,DSL,true,false,true,true,false,false,Month-to-month,false,Mailed check,97.76,1955.2,false
CUST-04000,Female,0,true,true,24,false,false,DSL,true,true,false,false,false,true,One year,true,Mailed check,90.69,2176.56,false
CUST-04001,Female,1,true,false,32,true,true,DSL,false,false,true,false,false,false,One year,true,Bank transfer (automatic),102.96,3294.72,false
CUST-04002,Female,0,false,true,19,true,false,DSL,false,false,true,true,true,true,Two year,false,Electronic check,109.98,2089.62,false
CUST-04003,Male,0,true,true,56,false,true,DSL,true,false,false,false,false,true,Two year,false,Mailed check,93.5,5236,false
CUST-04004,Female,1,true,true,27,true,false,DSL,false,true,false,true,false,true,Month-to-month,false,Mailed check,119.65,3230.55,true
CUST-04005,Female,0,false,true,49,false,false,No,false,true,false,true,true,true,Two year,true,Mailed check,68.24,3343.76,false
CUST-04006,Male,0,true,false,41,true,true,Fiber optic,false,true,false,true,false,true,Two year,false,Mailed check,55.21,2263.61,false
CUST-04007,Female,0,true,false,33,false,false,DSL,true,false,false,true,false,false,Two year,false,Credit card (automatic),20.61,680.13,false
CUST-04008,Female,0,true,true,15,false,true,Fiber optic,true,true,false,true,true,false,Month-to-month,false,Bank transfer (automatic),114.82,1722.3,false
CUST-04009,Male,0,true,false,29,true,false,Fiber optic,false,true,true,false,true,false,Month-to-month,true,Credit card (automatic),40.86,1184.94,false
CUST-04010,Male,0,false,true,29,false,false,Fiber optic,true,false,false,false,false,false,One year,true,Credit card (automatic),57.81,1676.49,false
CUST-04011,Female,0,false,true,54,false,false,DSL,false,false,false,true,false,true,Two year,false,Electronic check,71.55,3863.7,false
CUST-04012,Male,0,false,false,11,true,true,DSL,false,false,true,true,true,false,Two year,false,Credit card (automatic),28.73,316.03,false
CUST-04013,Female,0,false,false,12,true,true,DSL,true,true,true,true,false,true,One year,false,Bank transfer (automatic),67.6,811.2,false
CUST-04014,Male,0,true,false,53,false,false,No,true,false,false,false,false,false,One year,false,Mailed check,30.62,1622.86,false
CUST-04015,Female,0,false,true,58,false,true,No,false,true,true,false,true,true,Two year,true,Bank transfer (automatic),39.02,2263.16,false
CUST-04016,Male,1,false,true,41,true,false,No,true,true,true,true,false,true,Month-to-month,true,Mailed check,89.22,3658.02,true
CUST-04017,Female,0,true,false,64,true,false,No,true,false,true,true,false,true,Month-to-month,false,Mailed check,64.25,4112,true
CUST-04018,Male,1,true,true,62,true,true,Fiber optic,false,false,true,false,false,false,Two year,true,Electronic check,67.92,4211.04,true
CUST-04019,Female,0,true,true,34,false,true,DSL,true,true,true,true,true,true,Month-to-month,true,Mailed check,80.76,2745.84,true
CUST-04020,Female,1,true,false,41,true,false,Fiber optic,true,true,true,true,false,false,Two year,true,Credit card (automatic),55.78,2286.98,true
CUST-04021,Male,0,true,false,11,true,false,DSL,false,false,true,false,false,false,One year,false,Electronic check,75.95,835.45,false
CUST-04022,Male,0,false,true,31,true,true,DSL,true,true,false,true,false,true,Two year,false,Credit card (automatic),25.23,782.13,false
CUST-04023,Female,0,true,true,18,false,true,No,true,true,true,false,true,true,One year,false,Mailed check,84.78,1526.04,false
CUST-04024,Female,0,true,false,15,false,true,No,true,true,false,false,true,false,Month-to-month,true,Credit card (automatic),32.77,491.55,false
CUST-04025,Female,0,false,false,8,true,true,Fiber optic,true,true,true,true,true,true,Two year,true,Bank transfer (automatic),68.59,548.72,false
CUST-04026,Male,0,false,false,38,true,true,No,true,false,true,false,false,true,One year,false,Electronic check,86.86,3300.68,false
CUST-04027,Female,0,false,true,27,true,true,No,true,false,false,false,true,false,Two year,true,Bank transfer (automatic),111.29,3004.83,false
CUST-04028,Female,0,true,true,35,true,false,No,false,true,false,false,false,true,Month-to-month,true,Credit card (automatic),79.2,2772,true
CUST-04029,Male,0,true,true,35,true,false,Fiber optic,true,true,false,false,true,false,One year,true,Credit card (automatic),117.23,4103.05,false
CUST-04030,Male,0,false,false,1,false,true,Fiber optic,true,true,false,true,true,false,Month-to-month,false,Mailed check,45.25,45.25,false
CUST-04031,Female,1,true,false,1,true,true,DSL,true,true,true,false,false,true,One year,true,Mailed check,66.43,66.43,true
CUST-04032,Male,0,true,false,56,false,false,No,true,true,false,false,true,false,Two year,false,Bank transfer (automatic),79.22,4436.32,false
CUST-04033,Female,1,true,false,69,true,true,DSL,false,false,true,true,true,true,Two year,true,Bank transfer (automatic),113.01,7797.69,false
CUST-04034,Female,0,true,false,28,true,false,DSL,false,false,true,false,false,true,One year,false,Mailed check,71.77,2009.56,false
CUST-04035,Male,0,false,false,60,true,true,Fiber optic,true,false,true,false,false,false,One year,false,Credit card (automatic),58.76,3525.6,false
CUST-04036,Female,0,false,true,66,true,true,Fiber optic,true,true,true,false,true,false,Month-to-month,false,Bank transfer (automatic),40.02,2641.32,true
CUST-04037,Male,0,true,false,65,false,true,DSL,true,true,false,true,false,false,One year,false,Electronic check,93.67,6088.55,false
CUST-04038,Female,0,true,true,16,true,true,No,true,true,true,false,false,true,Two year,false,Electronic check,35.58,569.28,false
CUST-04039,Female,0,false,true,70,false,true,No,true,true,false,false,true,false,One year,false,Credit card (automatic),92.92,6504.4,true
CUST-04040,Male,0,false,true,63,false,true,No,false,false,false,false,false,true,One year,true,Bank transfer (automatic),27.95,1760.85,false
CUST-04041,Female,0,false,false,68,false,false,DSL,true,false,true,false,true,true,Month-to-month,true,Credit card (automatic),43.43,2953.24,false
CUST-04042,Female,1,false,true,36,true,true,Fiber optic,true,false,false,true,true,true,One year,true,Bank transfer (automatic),46.2,1663.2,false
CUST-04043,Female,0,false,true,9,true,true,Fiber optic,false,true,false,true,true,true,Two year,false,Mailed check,23.42,210.78,false
CUST-04044,Female,0,true,true,25,false,false,No,true,false,true,false,true,false,Two year,true,Credit card (automatic),26.07,651.75,false
CUST-04045,Male,1,false,true,52,true,true,DSL,true,false,false,false,true,true,One year,false,Electronic check,65.11,3385.72,false
CUST-04046,Male,0,false,true,7,true,true,DSL,true,false,false,false,true,false,Two year,false,Bank transfer (automatic),91.76,642.32,true
CUST-04047,Male,1,false,true,20,false,false,Fiber optic,false,true,false,false,false,true,One year,true,Mailed check,75.84,1516.8,false
CUST-04048,Male,0,true,true,43,false,true,DSL,true,false,true,true,true,false,One year,false,Credit card (automatic),42.08,1809.44,false
CUST-04049,Female,0,false,true,47,true,true,Fiber optic,true,false,false,true,true,true,Two year,true,Electronic check,91.89,4318.83,false
CUST-04050,Male,0,true,false,57,false,false,No,false,true,false,false,true,true,One year,false,Credit card (automatic),65.51,3734.07,false
CUST-04051,Male,0,true,true,36,true,true,No,true,true,false,false,false,false,Two year,false,Bank transfer (automatic),40.72,1465.92,false
CUST-04052,Male,1,false,false,29,true,true,No,false,false,false,false,true,false,Two year,false,Mailed check,59.76,1733.04,false
CUST-04053,Male,1,true,true,4,false,false,DSL,true,false,true,false,true,true,Two year,false,Credit card (automatic),95.2,380.8,false
CUST-04054,Female,0,false,false,20,true,true,No,false,false,false,true,true,false,Month-to-month,true,Bank transfer (automatic),59.4,1188,false
CUST-04055,Male,0,false,true,68,true,false,DSL,true,true,false,true,false,false,Month-to-month,true,Credit card (automatic),48.31,3285.08,false
CUST-04056,Female,0,true,false,34,false,true,Fiber optic,false,false,true,true,true,true,Month-to-month,true,Credit card (automatic),86.35,2935.9,false
CUST-04057,Male,1,false,false,40,false,false,DSL,true,false,true,true,true,true,One year,false,Bank transfer (automatic),92.77,3710.8,false
CUST-04058,Male,0,false,false,2,true,true,Fiber optic,false,true,true,true,false,false,One year,false,Mailed check,22.85,45.7,false
CUST-04059,Male,0,true,false,13,false,false,DSL,false,true,false,true,false,true,One year,false,Electronic check,97.71,1270.23,false
CUST-04060,Female,0,true,true,60,true,true,Fiber optic,false,false,true,true,false,true,Month-to-month,true,Electronic check,107.93,6475.8,false
CUST-04061,Female,0,false,false,43,true,true,DSL,true,true,true,true,true,false,Two year,false,Electronic check,99.35,4272.05,false
CUST-04062,Female,0,true,true,24,true,true,Fiber optic,false,false,true,false,true,true,One year,true,Bank transfer (automatic),72.28,1734.72,false
CUST-04063,Male,0,true,true,51,false,false,Fiber optic,true,true,false,true,false,true,Month-to-month,false,Mailed check,61.26,3124.26,true
CUST-04064,Male,1,true,false,7,true,true,Fiber optic,true,false,false,false,true,true,Two year,false,Bank transfer (automatic),23.09,161.63,false
CUST-04065,Male,0,true,true,51,false,false,DSL,false,true,false,false,false,true,Month-to-month,true,Electronic check,28.19,1437.69,false
CUST-04066,Male,0,false,false,46,true,true,No,false,true,false,true,false,false,Two year,true,Mailed check,113.09,5202.14,false
CUST-04067,Male,0,true,false,24,false,true,DSL,false,true,true,false,true,false,Two year,true,Electronic check,116.88,2805.12,false
CUST-04068,Male,0,true,false,30,true,true,No,false,false,false,false,false,true,Two year,true,Bank transfer (automatic),74.73,2241.9,false
CUST-04069,Female,0,false,false,7,true,false,DSL,true,false,false,true,true,true,Month-to-month,true,Electronic check,32.55,227.85,true
CUST-04070,Male,0,false,false,45,true,false,No,true,false,false,true,true,false,One year,true,Credit card (automatic),60.82,2736.9,false
CUST-04071,Female,0,false,false,39,true,true,DSL,true,false,true,true,false,true,One year,true,Credit card (automatic),110.21,4298.19,false
CUST-04072,Male,0,false,true,63,true,false,DSL,false,true,false,true,true,false,Two year,false,Electronic check,113.21,7132.23,false
CUST-04073,Female,0,false,false,48,true,true,DSL,false,false,false,false,true,true,One year,false,Bank transfer (automatic),80.75,3876,false
CUST-04074,Male,0,false,false,2,false,false,Fiber optic,true,false,true,false,false,false,Month-to-month,true,Electronic check,98.47,196.94,false
CUST-04075,Female,1,false,true,64,false,true,No,false,false,true,false,false,false,Month-to-month,true,Mailed check,44.03,2817.92,false
CUST-04076,Male,0,true,true,60,false,false,DSL,false,true,false,true,true,false,Month-to-month,false,Credit card (automatic),75.9,4554,false
CUST-04077,Female,0,true,true,3,false,true,Fiber optic,false,false,true,false,false,true,One year,false,Bank transfer (automatic),32.37,97.11,false
CUST-04078,Male,1,true,true,44,false,false,Fiber optic,true,true,false,false,true,false,Two year,false,Credit card (automatic),40.49,1781.56,false
CUST-04079,Female,0,true,false,62,false,true,DSL,true,true,false,false,true,false,One year,true,Mailed check,83.95,5204.9,false
CUST-04080,Male,0,true,false,18,true,true,Fiber optic,true,false,true,false,true,true,One year,true,Bank transfer (automatic),93.06,1675.08,false
CUST-04081,Female,0,true,false,59,false,true,No,true,true,true,false,false,true,One year,true,Credit card (automatic),70.24,4144.16,false
CUST-04082,Female,0,true,true,31,true,false,DSL,false,false,true,false,true,false,One year,false,Electronic check,74.36,2305.16,false
CUST-04083,Female,0,false,false,23,false,false,DSL,true,true,false,true,true,false,One year,true,Bank transfer (automatic),88.41,2033.43,false
CUST-04084,Male,1,false,false,3,false,true,No,true,true,false,false,false,true,Month-to-month,true,Electronic check,115.05,345.15,true
CUST-04085,Male,1,false,true,62,true,true,Fiber optic,true,false,true,true,false,true,Month-to-month,true,Bank transfer (automatic),38.53,2388.86,true
CUST-04086,Female,0,false,true,53,true,true,Fiber optic,false,true,true,false,false,true,Month-to-month,true,Credit card (automatic),49.94,2646.82,true
CUST-04087,Female,0,true,false,9,false,true,DSL,false,false,true,false,true,true,Month-to-month,true,Mailed check,44,396,true
CUST-04088,Male,1,false,true,6,false,false,No,true,false,false,false,true,false,Month-to-month,true,Mailed check,36.48,218.88,false
CUST-04089,Male,0,false,false,63,true,false,DSL,true,true,true,false,false,true,Month-to-month,false,Credit card (automatic),59.38,3740.94,true
CUST-04090,Male,1,false,false,69,false,false,DSL,false,true,false,true,false,true,One year,false,Bank transfer (automatic),75.18,5187.42,false
CUST-04091,Male,1,false,true,58,false,true,No,true,true,true,true,false,true,Two year,true,Bank transfer (automatic),52.34,3035.72,false
CUST-04092,Male,1,true,true,58,true,false,Fiber optic,false,true,true,true,false,true,Two year,false,Credit card (automatic),23.76,1378.08,false
CUST-04093,Female,0,false,false,40,false,false,No,false,true,true,false,false,true,Two year,true,Credit card (automatic),42.83,1713.2,false
CUST-04094,Female,0,true,true,11,false,true,No,false,false,true,true,false,false,Two year,false,Credit card (automatic),38.88,427.68,false
CUST-04095,Female,1,true,false,9,false,false,No,false,false,false,true,true,true,Two year,false,Credit card (automatic),53.1,477.9,false
CUST-04096,Male,0,false,true,57,false,false,No,false,false,true,true,true,true,Month-to-month,true,Mailed check,43.99,2507.43,false
CUST-04097,Female,0,false,true,69,true,false,DSL,false,true,false,true,true,true,Two year,false,Electronic check,40.79,2814.51,false
CUST-04098,Female,1,true,false,12,false,true,Fiber optic,false,false,false,false,true,false,Month-to-month,true,Credit card (automatic),104.45,1253.4,false
CUST-04099,Male,0,true,false,20,true,true,No,true,true,true,false,true,true,One year,true,Credit card (automatic),112.34,2246.8,false
CUST-04100,Male,1,false,false,10,true,false,DSL,false,false,false,false,false,false,Two year,false,Credit card (automatic),48.44,484.4,false
CUST-04101,Female,0,true,true,55,false,true,No,false,false,false,false,true,false,One year,true,Electronic check,101.05,5557.75,false
CUST-04102,Male,0,true,true,22,true,true,DSL,true,true,false,true,false,false,Two year,true,Electronic check,91.92,2022.24,false
CUST-04103,Female,0,false,true,64,true,false,No,true,false,false,true,false,false,Month-to-month,true,Bank transfer (automatic),34.29,2194.56,false
CUST-04104,Female,0,false,true,3,false,false,No,true,false,false,false,false,true,One year,true,Credit card (automatic),53.41,160.23,false
CUST-04105,Female,0,false,false,59,false,false,No,false,true,false,false,false,true,Two year,true,Mailed check,42.16,2487.44,false
CUST-04106,Male,0,false,false,49,true,false,Fiber optic,false,true,false,true,true,false,Month-to-month,true,Credit card (automatic),65.23,3196.27,true
CUST-04107,Female,0,false,false,1,false,true,Fiber optic,false,false,false,true,false,true,Two year,true,Mailed check,58.27,58.27,true
CUST-04108,Female,0,false,false,60,false,true,No,true,false,true,true,false,false,Two year,false,Credit card (automatic),106.38,6382.8,false
CUST-04109,Female,0,false,true,53,false,true,DSL,true,false,false,true,false,true,Two year,true,Mailed check,68.3,3619.9,false
CUST-04110,Female,0,true,true,36,false,false,Fiber optic,true,true,true,true,true,false,One year,true,Credit card (automatic),29.04,1045.44,false
CUST-04111,Female,1,false,true,50,true,true,No,false,false,false,true,false,true,Month-to-month,false,Electronic check,108.84,5442,false
CUST-04112,Male,0,true,true,44,false,false,No,false,true,true,false,false,true,Two year,true,Electronic check,80.84,3556.96,false
CUST-04113,Female,1,false,false,7,false,false,Fiber optic,false,false,false,false,true,true,One year,true,Electronic check,50,350,true
CUST-04114,Male,0,true,true,55,true,false,No,true,true,true,true,true,false,Month-to-month,false,Credit card (automatic),62.12,3416.6,false
CUST-04115,Female,0,false,false,57,true,false,Fiber optic,true,true,false,true,true,true,Month-to-month,false,Credit card (automatic),42.06,2397.42,true
CUST-04116,Female,0,false,true,10,false,true,DSL,false,false,true,true,false,true,Two year,true,Credit card (automatic),46.11,461.1,false
CUST-04117,Male,0,false,true,12,true,true,No,true,false,false,true,false,true,Two year,false,Bank transfer (automatic),56.88,682.56,false
CUST-04118,Male,0,false,true,62,false,true,Fiber optic,true,true,true,false,false,true,One year,false,Electronic check,117.1,7260.2,false
CUST-04119,Female,0,false,true,16,false,false,No,false,false,true,false,false,false,Two year,true,Mailed check,74.99,1199.84,false
CUST-04120,Male,0,true,true,45,false,true,No,false,false,true,false,false,true,Two year,false,Mailed check,102.7,4621.5,false
CUST-04121,Female,0,true,true,52,false,true,No,true,true,true,true,true,true,Two year,false,Mailed check,111.81,5814.12,false
CUST-04122,Female,0,false,false,58,false,true,No,false,true,false,true,true,false,Two year,true,Credit card (automatic),21.53,1248.74,false
CUST-04123,Male,0,true,false,37,true,false,DSL,false,false,false,false,true,true,One year,true,Mailed check,106.85,3953.45,false
CUST-04124,Female,0,true,true,41,true,true,Fiber optic,false,true,true,false,false,false,Two year,true,Electronic check,71.76,2942.16,false
CUST-04125,Female,0,false,true,66,false,false,No,true,false,true,true,true,true,Two year,true,Mailed check,48.85,3224.1,false
CUST-04126,Male,1,true,true,28,false,true,Fiber optic,true,true,true,true,false,false,Month-to-month,false,Mailed check,87.41,2447.48,false
CUST-04127,Male,0,true,true,4,true,true,Fiber optic,false,false,true,false,true,false,Month-to-month,false,Electronic check,30.76,123.04,false
CUST-04128,Male,0,false,true,58,true,true,No,false,false,false,false,false,false,Month-to-month,false,Credit card (automatic),107.17,6215.86,true
CUST-04129,Male,0,false,true,60,false,true,No,true,true,true,false,false,true,Two year,false,Mailed check,77.79,4667.4,false
CUST-04130,Male,0,false,false,20,true,false,No,false,true,false,false,false,false,Month-to-month,false,Mailed check,40.48,809.6,false
CUST-04131,Female,1,false,false,13,false,false,No,false,true,true,true,true,true,Month-to-month,false,Mailed check,82.24,1069.12,false
CUST-04132,Female,0,true,true,27,true,true,Fiber optic,true,true,false,true,true,true,Two year,true,Bank transfer (automatic),39.86,1076.22,false
CUST-04133,Female,1,true,false,32,false,false,Fiber optic,true,true,false,false,true,true,Two year,false,Electronic check,60.26,1928.32,false
CUST-04134,Male,0,true,false,56,false,true,No,false,true,false,false,true,false,Two year,true,Bank transfer (automatic),106.58,5968.48,false
CUST-04135,Male,0,false,true,33,false,false,No,false,true,false,false,false,true,One year,true,Credit card (automatic),21.15,697.95,false
CUST-04136,Male,0,true,false,8,true,true,DSL,true,true,false,true,true,true,One year,true,Electronic check,25.98,207.84,false
CUST-04137,Female,0,false,false,61,false,true,Fiber optic,false,true,false,false,false,false,One year,true,Bank transfer (automatic),79.61,4856.21,false
CUST-04138,Male,1,true,false,20,true,false,Fiber optic,false,true,true,true,false,false,Two year,true,Electronic check,98.11,1962.2,false
CUST-04139,Male,0,false,false,1,false,true,DSL,true,false,false,true,false,true,Two year,true,Credit card (automatic),57.58,57.58,false
CUST-04140,Female,0,false,false,14,false,false,No,false,true,false,false,false,false,Two year,false,Bank transfer (automatic),80.7,1129.8,false
CUST-04141,Male,0,false,true,59,false,false,No,false,false,false,false,false,false,Month-to-month,false,Electronic check,95.99,5663.41,true
CUST-04142,Male,1,true,true,60,false,true,Fiber optic,true,false,true,false,true,false,Two year,false,Credit card (automatic),53.05,3183,false
CUST-04143,Male,0,true,false,57,false,true,Fiber optic,false,true,false,false,false,true,Two year,false,Credit card (automatic),55.21,3146.97,false
CUST-04144,Female,0,true,false,34,false,false,Fiber optic,false,true,false,false,false,true,One year,false,Mailed check,84.62,2877.08,false
CUST-04145,Male,0,true,true,59,true,true,No,false,true,false,false,false,false,One year,true,Mailed check,91.58,5403.22,true
CUST-04146,Male,0,true,false,4,false,true,No,true,true,true,true,true,true,Month-to-month,false,Credit card (automatic),22.5,90,false
CUST-04147,Female,1,true,true,20,true,false,Fiber optic,true,true,false,false,false,true,Two year,true,Credit card (automatic),25.66,513.2,false
CUST-04148,Male,0,true,false,69,false,true,Fiber optic,true,true,false,true,false,true,Two year,true,Mailed check,77.12,5321.28,false
CUST-04149,Female,0,false,false,29,false,false,DSL,false,true,true,false,false,false,Two year,false,Electronic check,74.68,2165.72,false
CUST-04150,Female,0,false,false,71,true,true,DSL,true,true,false,false,false,true,Two year,false,Electronic check,58.39,4145.69,false
CUST-04151,Female,1,false,true,18,true,false,No,true,true,true,true,false,false,One year,false,Electronic check,37.35,672.3,false
CUST-04152,Male,0,true,true,16,false,false,DSL,false,false,true,false,true,false,One year,true,Bank transfer (automatic),56.48,903.68,false
CUST-04153,Male,1,true,false,7,true,false,Fiber optic,false,true,true,true,false,false,Two year,true,Bank transfer (automatic),62.91,440.37,false
CUST-04154,Female,0,true,true,17,false,false,DSL,true,false,true,false,false,false,Two year,false,Electronic check,56.2,955.4,true
CUST-04155,Male,0,true,false,25,false,true,No,false,true,false,false,false,false,One year,true,Bank transfer (automatic),42.05,1051.25,false
CUST-04156,Female,0,true,true,5,false,false,No,true,false,false,false,false,false,One year,true,Mailed check,41.73,208.65,false
CUST-04157,Male,0,false,false,49,false,true,DSL,true,true,true,false,true,false,Two year,true,Bank transfer (automatic),50.09,2454.41,false
CUST-04158,Male,0,false,true,57,true,true,DSL,false,false,false,true,true,true,Two year,false,Electronic check,89.36,5093.52,false
CUST-04159,Male,0,true,false,72,true,true,Fiber optic,true,true,true,false,true,false,Two year,true,Bank transfer (automatic),95.23,6856.56,false
CUST-04160,Male,0,true,true,40,true,false,Fiber optic,true,false,false,true,true,true,Month-to-month,false,Electronic check,82.15,3286,false
CUST-04161,Female,0,false,true,44,true,true,DSL,true,false,true,false,true,true,Two year,false,Bank transfer (automatic),116.26,5115.44,false
CUST-04162,Male,0,true,true,47,false,false,DSL,true,false,true,false,false,true,One year,false,Mailed check,38.26,1798.22,false
CUST-04163,Male,0,false,false,3,true,true,DSL,false,true,false,false,true,true,One year,true,Mailed check,83.9,251.7,false
CUST-04164,Female,0,false,false,33,false,true,Fiber optic,false,true,false,true,false,true,Month-to-month,false,Mailed check,27.12,894.96,false
CUST-04165,Male,0,false,false,26,false,true,Fiber optic,false,true,true,false,false,false,Two year,false,Credit card (automatic),44.07,1145.82,false
CUST-04166,Male,1,false,true,3,false,false,No,true,true,true,true,false,true,Two year,true,Credit card (automatic),99.99,299.97,false
CUST-04167,Male,1,true,true,24,false,true,No,true,false,true,false,false,false,Two year,true,Mailed check,76.37,1832.88,false
CUST-04168,Male,0,true,true,13,false,true,No,true,false,false,false,true,false,One year,false,Mailed check,41.11,534.43,false
CUST-04169,Male,0,false,false,65,false,true,No,true,true,false,true,false,false,Two year,false,Credit card (automatic),53.84,3499.6,false
CUST-04170,Female,0,true,true,59,false,false,DSL,true,false,false,true,true,false,One year,false,Mailed check,92.33,5447.47,false
CUST-04171,Female,0,true,true,32,false,false,Fiber optic,false,true,false,false,true,false,One year,true,Electronic check,71.99,2303.68,false
CUST-04172,Male,0,false,false,24,false,true,No,false,false,true,false,true,true,Two year,true,Bank transfer (automatic),59.79,1434.96,false
CUST-04173,Female,0,false,true,35,true,true,Fiber optic,true,false,true,false,true,true,One year,true,Mailed check,116.98,4094.3,false
CUST-04174,Male,0,true,true,35,true,false,Fiber optic,false,false,true,false,true,true,One year,false,Credit card (automatic),29.77,1041.95,true
CUST-04175,Male,0,false,true,24,true,true,DSL,false,false,true,false,true,true,One year,true,Bank transfer (automatic),59.09,1418.16,false
CUST-04176,Male,0,true,false,55,true,false,Fiber optic,false,true,false,true,true,false,One year,false,Electronic check,98.62,5424.1,false
CUST-04177,Male,0,true,false,60,true,true,Fiber optic,false,false,true,true,true,true,Two year,true,Mailed check,116.35,6981,false
CUST-04178,Male,1,false,true,10,false,false,DSL,false,false,false,true,false,false,Two year,false,Electronic check,46.59,465.9,true
CUST-04179,Male,1,false,false,53,false,true,No,false,false,true,true,true,true,One year,false,Mailed check,39.02,2068.06,false
CUST-04180,Female,0,true,true,59,false,false,Fiber optic,true,false,false,false,false,false,Two year,true,Bank transfer (automatic),119.79,7067.61,false
CUST-04181,Female,1,false,true,51,false,true,DSL,true,true,false,true,true,true,One year,false,Mailed check,36.47,1859.97,false
CUST-04182,Male,0,false,true,61,true,true,Fiber optic,true,true,false,false,false,true,Two year,true,Bank transfer (automatic),116.02,7077.22,false
CUST-04183,Male,0,false,false,64,false,true,DSL,false,false,false,true,false,true,Two year,false,Electronic check,113.54,7266.56,false
CUST-04184,Female,0,true,false,2,false,true,DSL,false,true,false,true,false,true,Month-to-month,false,Electronic check,52.67,105.34,false
CUST-04185,Male,0,true,false,59,false,true,DSL,true,false,false,true,true,false,One year,true,Credit card (automatic),32.92,1942.28,false
CUST-04186,Male,0,true,true,61,true,true,Fiber optic,true,true,false,false,true,false,Two year,true,Bank transfer (automatic),62.07,3786.27,false
CUST-04187,Male,1,false,true,16,true,false,Fiber optic,false,true,false,false,false,false,Two year,false,Electronic check,91.12,1457.92,false
CUST-04188,Male,0,true,false,69,true,false,Fiber optic,true,false,false,false,false,false,Two year,false,Bank transfer (automatic),88.59,6112.71,false
CUST-04189,Male,0,true,false,14,true,true,No,true,false,false,true,false,false,Month-to-month,false,Bank transfer (automatic),28.29,396.06,false
CUST-04190,Female,1,true,false,16,false,true,No,false,false,false,false,false,true,Two year,true,Credit card (automatic),87.67,1402.72,false
CUST-04191,Female,0,true,true,66,false,true,Fiber optic,true,false,false,true,true,false,Two year,true,Mailed check,66.38,4381.08,false
CUST-04192,Male,0,true,false,69,true,true,Fiber optic,true,true,false,true,true,false,One year,true,Mailed check,62.75,4329.75,false
CUST-04193,Male,0,true,true,68,true,true,Fiber optic,true,true,false,true,true,true,Month-to-month,true,Mailed check,67.42,4584.56,true
CUST-04194,Female,0,true,true,45,false,true,Fiber optic,true,true,false,false,true,true,One year,true,Electronic check,66.77,3004.65,false
CUST-04195,Female,0,true,true,8,false,false,Fiber optic,true,true,false,false,true,true,Month-to-month,true,Credit card (automatic),85.88,687.04,false
CUST-04196,Male,0,true,false,72,false,true,No,false,false,false,false,true,false,Month-to-month,false,Electronic check,65.22,4695.84,false
CUST-04197,Female,0,true,true,22,false,false,Fiber optic,false,false,false,true,false,true,One year,false,Mailed check,59.82,1316.04,false
CUST-04198,Male,0,false,false,17,true,false,Fiber optic,true,false,true,false,false,true,One year,false,Mailed check,115.43,1962.31,false
CUST-04199,Male,0,true,true,12,false,true,No,false,true,false,true,true,true,One year,false,Mailed check,49.56,594.72,false
CUST-04200,Female,0,true,false,48,false,false,No,true,false,false,true,true,false,One year,false,Bank transfer (automatic),108.23,5195.04,false
CUST-04201,Male,1,true,true,8,false,true,DSL,false,true,true,false,false,true,One year,true,Mailed check,82.09,656.72,false
CUST-04202,Male,1,true,true,64,true,true,No,false,true,false,false,false,false,One year,true,Credit card (automatic),77.04,4930.56,true
CUST-04203,Male,0,false,true,57,false,false,DSL,true,false,true,false,false,true,One year,true,Credit card (automatic),54.84,3125.88,false
CUST-04204,Male,0,false,true,34,true,true,Fiber optic,false,true,true,false,true,true,Month-to-month,true,Credit card (automatic),112.62,3829.08,true
CUST-04205,Female,0,true,true,47,false,false,Fiber optic,true,false,true,false,false,true,One year,false,Credit card (automatic),24,1128,false
CUST-04206,Female,0,true,true,17,true,false,DSL,true,false,true,false,false,false,One year,true,Mailed check,119.98,2039.66,false
CUST-04207,Female,0,false,false,59,false,false,DSL,true,true,false,true,true,false,Two year,false,Bank transfer (automatic),81.52,4809.68,false
CUST-04208,Male,0,true,false,44,false,false,DSL,true,true,false,true,false,false,Month-to-month,true,Electronic check,20.33,894.52,false
CUST-04209,Female,1,false,false,23,true,true,DSL,false,true,true,false,true,true,Month-to-month,true,Credit card (automatic),57.02,1311.46,true
CUST-04210,Male,0,true,true,10,true,true,Fiber optic,false,false,true,true,true,false,Two year,false,Electronic check,68.4,684,false
CUST-04211,Male,1,true,false,14,true,true,Fiber optic,true,true,false,false,true,true,One year,false,Credit card (automatic),68.26,955.64,false
CUST-04212,Female,1,false,false,42,false,true,DSL,false,false,false,true,false,true,Two year,true,Electronic check,115.1,4834.2,false
CUST-04213,Male,0,true,true,19,true,true,DSL,true,true,false,false,false,false,Two year,false,Electronic check,115.81,2200.39,false
CUST-04214,Male,0,false,true,29,false,true,Fiber optic,true,false,false,true,false,false,Two year,true,Bank transfer (automatic),107.47,3116.63,false
CUST-04215,Female,0,false,true,57,true,true,Fiber optic,false,true,false,false,false,true,One year,false,Electronic check,65.3,3722.1,true
CUST-04216,Female,0,true,true,54,true,false,DSL,true,true,false,false,true,false,Two year,true,Electronic check,55.68,3006.72,false
CUST-04217,Male,1,false,true,30,true,false,DSL,true,true,false,false,false,false,Two year,true,Credit card (automatic),83.2,2496,true
CUST-04218,Female,0,true,false,18,false,true,No,false,false,false,true,false,true,One year,true,Mailed check,116.86,2103.48,false
CUST-04219,Male,0,true,true,20,true,true,No,true,true,true,false,true,true,Month-to-month,true,Credit card (automatic),44.31,886.2,false
CUST-04220,Male,1,true,true,20,true,true,Fiber optic,true,true,false,true,true,true,Month-to-month,false,Bank transfer (automatic),20.94,418.8,false
CUST-04221,Male,0,false,true,15,false,false,No,false,true,true,true,true,false,Month-to-month,false,Electronic check,23.82,357.3,true
CUST-04222,Male,0,true,false,3,false,true,Fiber optic,true,true,true,false,false,true,Two year,true,Electronic check,61.59,184.77,false
CUST-04223,Female,0,true,true,5,true,false,Fiber optic,true,true,true,false,false,false,One year,true,Mailed check,86.08,430.4,false
CUST-04224,Male,0,true,false,20,false,true,Fiber optic,false,true,true,true,true,false,One year,true,Bank transfer (automatic),94.81,1896.2,false
CUST-04225,Female,1,false,true,20,true,false,Fiber optic,true,false,false,false,false,false,Two year,false,Bank transfer (automatic),75.48,1509.6,true
CUST-04226,Male,0,true,true,6,false,false,Fiber optic,false,false,true,true,true,false,Month-to-month,false,Credit card (automatic),115.33,691.98,true
CUST-04227,Female,0,true,false,69,true,true,No,false,true,false,false,false,false,Month-to-month,false,Mailed check,28.71,1980.99,true
CUST-04228,Female,1,false,false,6,false,true,DSL,false,false,false,false,false,false,One year,true,Bank transfer (automatic),63.83,382.98,true
CUST-04229,Female,0,true,true,55,true,false,Fiber optic,false,true,false,false,false,true,Month-to-month,false,Mailed check,38.54,2119.7,false
CUST-04230,Male,0,true,false,35,true,true,Fiber optic,false,false,false,false,false,true,One year,true,Mailed check,62.97,2203.95,false
CUST-04231,Male,0,false,false,24,false,false,No,false,true,false,false,true,true,One year,false,Mailed check,94.33,2263.92,false
CUST-04232,Male,0,true,true,41,true,false,No,true,false,true,true,false,true,Two year,true,Credit card (automatic),98.93,4056.13,false
CUST-04233,Male,0,false,true,34,true,true,No,true,false,false,false,false,true,One year,false,Electronic check,33.14,1126.76,false
CUST-04234,Female,0,true,false,36,true,false,No,true,false,true,false,false,true,Month-to-month,true,Credit card (automatic),93.28,3358.08,true
CUST-04235,Female,1,false,false,6,false,true,No,true,true,true,true,true,false,Two year,false,Mailed check,71.26,427.56,false
CUST-04236,Male,0,true,true,25,false,false,DSL,false,true,true,false,true,true,One year,false,Bank transfer (automatic),70.4,1760,false
CUST-04237,Female,0,true,true,38,true,false,No,true,false,false,true,true,true,Two year,true,Mailed check,114.51,4351.38,false
CUST-04238,Male,0,false,true,9,true,false,DSL,true,true,true,false,false,true,Month-to-month,false,Mailed check,48.31,434.79,false
CUST-04239,Male,0,true,true,9,false,true,DSL,true,false,false,true,false,true,Month-to-month,false,Credit card (automatic),75.77,681.93,false
CUST-04240,Male,1,true,false,37,false,false,Fiber optic,true,false,false,true,false,true,Two year,false,Mailed check,102.91,3807.67,false
CUST-04241,Female,0,true,true,23,true,false,No,true,true,false,false,false,false,Month-to-month,true,Electronic check,87.53,2013.19,false
CUST-04242,Female,0,false,false,42,true,true,Fiber optic,false,false,true,false,false,true,One year,false,Bank transfer (automatic),102.73,4314.66,false
CUST-04243,Male,0,true,true,65,false,false,DSL,false,true,true,false,false,false,One year,false,Bank transfer (automatic),111.47,7245.55,false
CUST-04244,Male,0,false,false,55,true,true,DSL,true,false,false,true,true,false,Month-to-month,true,Mailed check,89.75,4936.25,false
CUST-04245,Male,0,false,true,32,false,true,DSL,true,true,false,false,true,false,Month-to-month,true,Bank transfer (automatic),28.44,910.08,false
CUST-04246,Male,1,false,true,68,true,true,Fiber optic,true,true,true,false,true,true,Month-to-month,true,Credit card (automatic),26.41,1795.88,false
CUST-04247,Male,0,true,false,22,false,false,DSL,false,false,false,false,false,true,Two year,true,Mailed check,42.5,935,false
CUST-04248,Male,0,false,false,68,true,true,DSL,false,true,true,false,false,false,One year,true,Bank transfer (automatic),38.88,2643.84,false
CUST-04249,Female,1,false,false,21,false,true,DSL,true,false,true,false,false,false,One year,false,Bank transfer (automatic),47.18,990.78,true
CUST-04250,Female,0,false,false,10,true,false,No,true,false,true,true,false,true,One year,false,Credit card (automatic),62.25,622.5,false
CUST-04251,Female,0,false,false,68,false,false,DSL,true,true,true,true,true,true,One year,true,Credit card (automatic),27.35,1859.8,false
CUST-04252,Male,1,false,true,58,false,true,No,false,true,true,false,false,true,One year,false,Mailed check,37.47,2173.26,false
CUST-04253,Male,0,false,false,4,true,true,Fiber optic,false,true,true,false,true,false,Month-to-month,true,Credit card (automatic),32.55,130.2,false
CUST-04254,Male,0,true,true,3,true,true,Fiber optic,false,true,true,true,false,true,One year,true,Credit card (automatic),38.58,115.74,false
CUST-04255,Male,0,true,true,14,false,true,Fiber optic,true,false,true,false,false,false,Two year,true,Credit card (automatic),111.6,1562.4,false
CUST-04256,Male,0,false,true,64,false,false,Fiber optic,false,false,false,false,true,false,Month-to-month,false,Credit card (automatic),78.03,4993.92,false
CUST-04257,Male,0,true,false,25,false,false,DSL,false,true,false,true,false,false,One year,true,Mailed check,50.01,1250.25,true
CUST-04258,Female,0,true,true,4,true,true,DSL,false,true,true,false,false,true,Two year,false,Credit card (automatic),111.31,445.24,false
CUST-04259,Male,1,true,true,2,true,true,DSL,true,true,true,false,false,true,One year,false,Electronic check,25.82,51.64,true
CUST-04260,Male,0,false,true,9,false,true,Fiber optic,true,false,true,false,false,true,Two year,true,Bank transfer (automatic),36.96,332.64,false
CUST-04261,Male,0,true,true,54,true,false,Fiber optic,true,true,false,true,false,true,Month-to-month,true,Mailed check,111.77,6035.58,true
CUST-04262,Male,0,true,true,34,false,true,DSL,true,true,false,true,true,false,Two year,false,Electronic check,37.79,1284.86,false
CUST-04263,Male,0,false,true,60,false,false,No,true,true,false,true,false,false,Two year,true,Electronic check,118.84,7130.4,false
CUST-04264,Male,1,true,false,72,false,true,DSL,false,true,false,true,false,false,Two year,true,Credit card (automatic),51.23,3688.56,false
CUST-04265,Male,0,true,true,52,false,false,Fiber optic,true,true,false,true,true,true,Month-to-month,false,Credit card (automatic),111.01,5772.52,true
CUST-04266,Female,0,true,false,69,false,true,DSL,false,true,false,true,true,false,One year,true,Mailed check,106.4,7341.6,false
CUST-04267,Male,0,false,true,69,false,true,No,false,false,true,true,false,true,Two year,true,Mailed check,24.93,1720.17,false
CUST-04268,Male,0,true,false,49,false,true,DSL,true,false,false,false,false,false,Two year,false,Electronic check,117.84,5774.16,false
CUST-04269,Female,0,false,false,8,false,false,No,true,false,false,true,false,true,One year,false,Electronic check,20.91,167.28,false
CUST-04270,Male,0,false,true,57,false,true,DSL,false,true,false,true,true,true,One year,false,Bank transfer (automatic),79.73,4544.61,false
CUST-04271,Female,0,true,false,2,true,true,No,false,false,false,false,false,true,Two year,true,Bank transfer (automatic),98.62,197.24,false
CUST-04272,Female,0,false,false,69,true,true,Fiber optic,false,true,true,true,true,true,One year,true,Electronic check,92.47,6380.43,false
CUST-04273,Female,0,true,false,1,false,false,No,false,true,true,false,true,true,One year,true,Bank transfer (automatic),24.99,24.99,true
CUST-04274,Male,1,false,true,63,true,false,No,true,true,true,true,false,false,One year,false,Mailed check,103.58,6525.54,false
CUST-04275,Female,0,false,true,41,true,true,DSL,false,false,true,true,false,false,Two year,true,Mailed check,104.72,4293.52,false
CUST-04276,Female,1,true,true,28,false,true,No,false,false,true,false,true,true,Two year,false,Mailed check,30.49,853.72,false
CUST-04277,Male,0,false,true,19,true,false,DSL,true,true,true,true,true,false,One year,true,Credit card (automatic),34.65,658.35,false
CUST-04278,Male,0,true,false,70,true,false,No,false,true,true,true,true,true,Two year,true,Credit card (automatic),50.69,3548.3,false
CUST-04279,Female,0,false,true,43,true,true,DSL,false,true,true,true,false,false,Month-to-month,false,Bank transfer (automatic),26.38,1134.34,true
CUST-04280,Male,1,false,false,58,false,false,Fiber optic,true,true,true,true,false,true,Two year,true,Mailed check,114.89,6663.62,false
CUST-04281,Male,0,true,false,12,true,true,Fiber optic,false,false,true,true,false,true,Two year,false,Credit card (automatic),53.7,644.4,false
CUST-04282,Female,0,false,true,9,false,false,No,true,true,true,false,true,false,One year,true,Bank transfer (automatic),91.09,819.81,true
CUST-04283,Female,0,true,true,63,true,true,Fiber optic,false,true,true,true,false,true,One year,false,Mailed check,94.06,5925.78,false
CUST-04284,Male,0,true,false,42,true,true,Fiber optic,true,false,true,false,true,true,Month-to-month,false,Bank transfer (automatic),86.63,3638.46,false
CUST-04285,Male,0,false,false,2,false,true,Fiber optic,true,false,false,true,false,false,One year,false,Credit card (automatic),53.42,106.84,false
CUST-04286,Female,1,true,true,18,false,true,Fiber optic,true,false,true,false,true,false,Month-to-month,true,Mailed check,88.28,1589.04,false
CUST-04287,Female,0,false,false,58,false,true,Fiber optic,true,false,false,true,false,true,One year,false,Electronic check,107.33,6225.14,true
CUST-04288,Male,0,false,false,4,true,true,Fiber optic,true,false,false,false,false,true,Two year,false,Electronic check,20,80,false
CUST-04289,Male,0,true,false,15,false,true,DSL,true,true,true,false,false,false,Month-to-month,true,Credit card (automatic),103.77,1556.55,false
CUST-04290,Female,0,true,false,43,true,true,DSL,false,false,true,true,false,false,One year,false,Credit card (automatic),94.85,4078.55,false
CUST-04291,Male,1,true,false,54,false,false,No,false,true,false,true,false,false,Two year,false,Credit card (automatic),105.28,5685.12,false
CUST-04292,Female,0,true,false,19,false,false,Fiber optic,true,true,false,true,false,true,Two year,false,Credit card (automatic),78.32,1488.08,false
CUST-04293,Male,1,true,false,1,true,true,DSL,false,true,false,false,true,true,Two year,false,Electronic check,35.21,35.21,false
CUST-04294,Female,0,false,true,27,true,true,Fiber optic,false,false,false,false,true,false,One year,true,Bank transfer (automatic),42.33,1142.91,false
CUST-04295,Female,0,false,false,42,false,false,DSL,true,true,false,false,false,false,Month-to-month,false,Mailed check,79.86,3354.12,true
CUST-04296,Male,0,false,true,49,false,false,No,true,true,false,false,false,true,Month-to-month,true,Credit card (automatic),97.69,4786.81,false
CUST-04297,Male,0,true,true,55,true,true,No,false,true,true,false,false,true,Month-to-month,false,Mailed check,39.49,2171.95,false
CUST-04298,Female,0,true,false,33,true,true,DSL,false,true,true,false,true,false,Two year,true,Bank transfer (automatic),26.81,884.73,false
CUST-04299,Female,0,true,true,29,true,false,DSL,true,true,true,true,true,true,Month-to-month,false,Mailed check,46.64,1352.56,false
CUST-04300,Male,0,false,true,48,true,true,No,false,false,true,false,false,false,Month-to-month,false,Credit card (automatic),33.96,1630.08,true
CUST-04301,Male,0,true,true,45,false,true,Fiber optic,true,true,false,true,true,true,Two year,true,Mailed check,68.01,3060.45,false
CUST-04302,Male,0,false,false,23,false,false,DSL,false,false,true,true,false,true,Two year,false,Mailed check,47.3,1087.9,false
CUST-04303,Male,0,true,false,49,true,true,No,false,false,true,true,false,true,One year,true,Bank transfer (automatic),104.75,5132.75,false
CUST-04304,Male,0,false,true,9,true,true,Fiber optic,true,false,true,true,true,false,Month-to-month,true,Electronic check,53.1,477.9,false
CUST-04305,Female,1,false,false,15,false,true,Fiber optic,false,true,true,false,false,false,Two year,false,Credit card (automatic),73.42,1101.3,false
CUST-04306,Female,0,false,true,10,true,false,Fiber optic,true,false,false,true,true,false,One year,false,Bank transfer (automatic),57.66,576.6,false
CUST-04307,Male,0,false,false,41,true,false,No,false,false,false,true,false,true,Two year,false,Credit card (automatic),20.85,854.85,false
CUST-04308,Male,0,true,false,58,true,false,No,false,true,true,false,false,true,One year,false,Credit card (automatic),24.5,1421,true
CUST-04309,Male,0,true,false,72,true,true,DSL,false,false,false,false,false,true,One year,false,Mailed check,64.55,4647.6,false
CUST-04310,Female,1,false,true,43,false,false,Fiber optic,true,true,false,false,false,false,Month-to-month,false,Mailed check,76.21,3277.03,false
CUST-04311,Male,0,false,false,29,true,true,DSL,false,true,true,true,true,false,One year,true,Credit card (automatic),20.14,584.06,false
CUST-04312,Male,0,false,false,69,true,false,DSL,false,false,true,true,true,true,One year,false,Credit card (automatic),93.39,6443.91,false
CUST-04313,Male,0,true,true,29,true,false,No,true,true,false,false,false,true,One year,false,Bank transfer (automatic),106.6,3091.4,false
CUST-04314,Female,1,true,false,26,true,true,DSL,false,false,false,true,false,false,Two year,false,Electronic check,38.58,1003.08,false
CUST-04315,Female,0,true,true,51,false,true,No,false,true,false,false,true,false,Month-to-month,false,Electronic check,78.28,3992.28,false
CUST-04316,Female,1,false,false,20,false,false,No,false,false,false,true,false,false,One year,false,Bank transfer (automatic),110.93,2218.6,false
CUST-04317,Female,1,false,false,57,true,false,Fiber optic,false,false,true,true,true,true,Two year,true,Bank transfer (automatic),105.72,6026.04,false
CUST-04318,Female,0,false,false,9,true,false,No,false,false,true,false,true,false,Month-to-month,false,Mailed check,56.89,512.01,false
CUST-04319,Female,0,false,true,1,true,true,No,false,false,false,true,false,false,Month-to-month,true,Electronic check,64.75,64.75,false
CUST-04320,Female,1,false,true,50,true,true,Fiber optic,true,true,true,true,false,false,Two year,true,Credit card (automatic),50.84,2542,false
CUST-04321,Female,0,false,false,69,false,true,DSL,false,false,true,true,true,true,Two year,false,Bank transfer (automatic),96.35,6648.15,false
CUST-04322,Male,0,true,false,34,false,true,No,true,false,false,false,false,false,Two year,false,Electronic check,64.97,2208.98,false
CUST-04323,Male,1,false,true,48,true,true,DSL,false,true,false,true,true,true,Two year,false,Bank transfer (automatic),75.57,3627.36,false
CUST-04324,Male,0,false,false,69,true,false,No,false,true,false,false,false,false,Month-to-month,false,Credit card (automatic),76.13,5252.97,false
CUST-04325,Male,0,true,true,38,false,true,No,false,false,false,true,false,true,Two year,false,Mailed check,34.58,1314.04,false
CUST-04326,Male,0,false,true,60,true,true,Fiber optic,true,true,false,false,false,true,Month-to-month,false,Electronic check,20.35,1221,false
CUST-04327,Male,0,true,true,58,true,false,Fiber optic,true,false,false,false,false,false,One year,false,Mailed check,98.05,5686.9,true
CUST-04328,Female,0,false,true,37,true,false,Fiber optic,true,false,true,false,false,false,Month-to-month,true,Electronic check,54.47,2015.39,true
CUST-04329,Male,0,false,true,55,false,true,Fiber optic,true,false,false,false,true,true,Month-to-month,true,Credit card (automatic),70.76,3891.8,true
CUST-04330,Female,0,false,true,2,true,false,No,false,true,true,true,true,true,One year,true,Bank transfer (automatic),45.21,90.42,false
CUST-04331,Male,1,true,false,34,false,false,Fiber optic,false,true,false,false,true,true,Two year,true,Electronic check,110.34,3751.56,false
CUST-04332,Male,0,true,true,47,true,false,No,false,false,true,true,true,true,Two year,false,Bank transfer (automatic),21.72,1020.84,false
CUST-04333,Female,0,true,true,70,false,false,DSL,true,true,true,true,true,false,Month-to-month,true,Mailed check,41.52,2906.4,false
CUST-04334,Female,0,true,true,32,false,true,No,true,false,false,true,true,true,Two year,false,Mailed check,67.02,2144.64,false
CUST-04335,Female,0,false,false,43,true,false,DSL,true,false,true,false,true,false,Two year,false,Electronic check,29.55,1270.65,false
CUST-04336,Male,1,true,false,60,true,true,DSL,false,true,false,true,false,false,Month-to-month,true,Electronic check,51.16,3069.6,true
CUST-04337,Female,0,true,false,14,true,true,Fiber optic,true,false,true,true,true,false,Two year,true,Credit card (automatic),62.16,870.24,false
CUST-04338,Male,1,true,true,37,false,true,No,false,false,true,true,true,true,One year,true,Electronic check,60.57,2241.09,false
CUST-04339,Female,0,false,true,67,false,true,No,false,false,false,false,false,true,One year,true,Bank transfer (automatic),66.19,4434.73,true
CUST-04340,Male,0,true,true,57,true,false,DSL,true,false,true,false,true,false,One year,true,Credit card (automatic),73.16,4170.12,false
CUST-04341,Female,0,false,false,28,true,true,Fiber optic,true,true,false,false,true,true,Two year,false,Electronic check,86.96,2434.88,true
CUST-04342,Male,0,false,true,20,true,false,No,false,true,false,true,true,false,One year,false,Electronic check,77.99,1559.8,true
CUST-04343,Female,0,true,true,19,false,true,DSL,false,true,false,false,false,true,Month-to-month,true,Mailed check,98.91,1879.29,false
CUST-04344,Male,1,false,true,43,true,true,No,false,true,true,true,true,false,Month-to-month,true,Credit card (automatic),118.98,5116.14,false
CUST-04345,Female,0,false,false,32,false,false,Fiber optic,true,false,false,false,false,true,Month-to-month,false,Credit card (automatic),38.52,1232.64,true
CUST-04346,Female,0,false,false,14,true,true,No,false,false,true,false,false,true,Two year,true,Mailed check,93.37,1307.18,false
CUST-04347,Male,1,true,false,35,false,true,DSL,true,false,false,false,false,true,Month-to-month,true,Bank transfer (automatic),32.27,1129.45,false
CUST-04348,Female,0,false,true,22,false,false,No,false,true,true,true,false,true,Two year,true,Electronic check,85.9,1889.8,false
CUST-04349,Female,0,true,true,54,true,false,DSL,true,true,true,false,true,true,Two year,true,Bank transfer (automatic),100.81,5443.74,true
CUST-04350,Male,0,false,false,18,false,true,DSL,true,false,false,false,false,true,One year,false,Electronic check,47.2,849.6,false
CUST-04351,Female,0,false,true,15,false,true,Fiber optic,false,false,false,false,false,true,Month-to-month,true,Credit card (automatic),63.81,957.15,false
CUST-04352,Female,0,false,true,66,true,true,No,false,false,true,true,true,true,Two year,false,Bank transfer (automatic),53.51,3531.66,true
CUST-04353,Female,0,false,false,60,false,false,DSL,false,false,true,false,true,true,Two year,false,Bank transfer (automatic),100.27,6016.2,false
CUST-04354,Male,0,false,true,30,false,false,No,true,true,true,true,true,true,Month-to-month,true,Mailed check,53.31,1599.3,false
CUST-04355,Female,0,false,false,52,false,true,No,true,true,true,true,true,false,Two year,false,Electronic check,39.58,2058.16,false
CUST-04356,Male,0,false,false,58,false,false,No,true,false,false,true,false,true,Two year,false,Bank transfer (automatic),83.55,4845.9,false
CUST-04357,Female,0,true,true,7,true,false,No,false,false,true,false,true,false,Two year,false,Electronic check,41.11,287.77,false
CUST-04358,Female,0,true,true,57,false,true,No,false,true,true,false,false,true,One year,true,Bank transfer (automatic),98.64,5622.48,false
CUST-04359,Male,0,false,true,34,false,true,Fiber optic,false,false,false,false,true,false,Two year,true,Mailed check,21.13,718.42,false
CUST-04360,Female,0,false,true,41,false,true,No,false,false,true,true,false,false,One year,false,Electronic check,89.71,3678.11,false
CUST-04361,Male,0,true,false,52,true,true,No,true,false,true,false,false,false,Month-to-month,false,Credit card (automatic),67.15,3491.8,false
CUST-04362,Male,0,false,true,14,true,false,Fiber optic,false,false,true,false,true,true,Month-to-month,true,Electronic check,61.05,854.7,true
CUST-04363,Male,1,true,false,28,false,true,Fiber optic,false,true,true,true,false,true,One year,false,Bank transfer (automatic),27.51,770.28,false
CUST-04364,Male,0,true,false,10,false,false,Fiber optic,false,true,true,false,false,true,One year,false,Mailed check,63.28,632.8,false
CUST-04365,Female,0,true,false,64,false,true,Fiber optic,false,true,true,true,true,false,Two year,false,Mailed check,60.8,3891.2,true
CUST-04366,Female,0,true,true,56,false,false,Fiber optic,false,true,false,false,true,true,One year,false,Bank transfer (automatic),57.17,3201.52,false
CUST-04367,Male,0,true,true,4,true,true,Fiber optic,true,true,true,false,true,false,One year,false,Credit card (automatic),38.7,154.8,false
CUST-04368,Female,1,false,true,71,false,false,No,false,false,true,true,false,false,One year,true,Electronic check,29.66,2105.86,true
CUST-04369,Male,0,true,true,20,true,false,DSL,true,false,false,true,false,false,One year,true,Mailed check,34.37,687.4,false
CUST-04370,Female,0,true,false,39,false,false,Fiber optic,true,false,false,false,true,true,One year,false,Bank transfer (automatic),69.85,2724.15,false
CUST-04371,Female,0,false,false,68,false,false,Fiber optic,false,true,true,false,true,true,Month-to-month,true,Bank transfer (automatic),43.29,2943.72,true
CUST-04372,Female,0,true,true,54,true,false,No,false,true,false,false,false,false,Month-to-month,false,Mailed check,118.06,6375.24,false
CUST-04373,Male,0,true,false,9,false,true,DSL,false,true,true,false,false,true,Month-to-month,true,Bank transfer (automatic),98.98,890.82,true
CUST-04374,Female,0,true,true,44,false,false,DSL,false,true,false,true,false,true,One year,false,Credit card (automatic),33.16,1459.04,false
CUST-04375,Male,0,true,false,68,false,false,DSL,false,true,true,true,true,true,Two year,false,Mailed check,64.36,4376.48,false
CUST-04376,Male,0,false,false,1,true,true,No,true,false,false,true,false,true,Two year,false,Credit card (automatic),48.18,48.18,false
CUST-04377,Male,0,false,false,63,false,false,DSL,false,true,false,false,false,true,One year,false,Electronic check,34.68,2184.84,false
CUST-04378,Male,0,true,true,2,true,true,No,true,true,true,true,true,false,Two year,true,Credit card (automatic),66.1,132.2,false
CUST-04379,Male,1,false,true,49,false,true,No,true,false,true,true,false,true,Two year,false,Mailed check,95.23,4666.27,false
CUST-04380,Female,0,true,false,40,false,false,DSL,false,false,true,false,false,false,Two year,true,Credit card (automatic),34.32,1372.8,false
CUST-04381,Female,0,true,true,70,true,false,No,true,false,true,false,false,true,Month-to-month,false,Mailed check,98.93,6925.1,false
CUST-04382,Male,0,false,false,18,false,true,Fiber optic,true,true,true,false,true,true,Two year,false,Credit card (automatic),25.48,458.64,false
CUST-04383,Female,0,false,true,62,false,true,Fiber optic,true,false,false,false,true,true,Two year,true,Mailed check,39.21,2431.02,false
CUST-04384,Male,0,false,true,10,false,false,Fiber optic,true,false,false,true,false,true,One year,true,Mailed check,71.29,712.9,false
CUST-04385,Male,0,true,true,47,false,true,Fiber optic,false,false,false,true,false,false,Month-to-month,true,Bank transfer (automatic),22.46,1055.62,false
CUST-04386,Female,1,true,true,50,false,false,No,false,true,true,false,false,false,Two year,true,Mailed check,117.88,5894,false
CUST-04387,Male,0,false,false,57,false,false,Fiber optic,false,true,true,false,false,true,Two year,true,Bank transfer (automatic),66.51,3791.07,false
CUST-04388,Female,0,false,true,69,true,false,Fiber optic,false,true,true,true,true,false,One year,true,Electronic check,86.07,5938.83,false
CUST-04389,Female,1,true,false,55,false,true,DSL,true,true,false,false,false,false,One year,false,Mailed check,63.12,3471.6,true
CUST-04390,Female,0,true,true,67,false,false,No,true,false,true,true,true,false,Two year,false,Electronic check,31.69,2123.23,false
CUST-04391,Male,0,true,false,18,true,false,Fiber optic,true,false,true,true,true,true,Two year,false,Electronic check,28.9,520.2,false
CUST-04392,Female,0,true,false,64,false,false,Fiber optic,true,false,false,false,false,true,Month-to-month,true,Credit card (automatic),100.69,6444.16,false
CUST-04393,Male,0,true,false,53,true,false,No,false,false,false,true,true,false,Month-to-month,true,Bank transfer (automatic),69.95,3707.35,false
CUST-04394,Female,0,true,true,23,true,true,No,true,false,true,false,false,false,Two year,false,Electronic check,79.94,1838.62,false
CUST-04395,Male,0,true,false,51,false,false,No,true,true,true,false,true,false,Month-to-month,true,Bank transfer (automatic),45.77,2334.27,false
CUST-04396,Female,0,true,false,19,true,true,Fiber optic,true,false,false,true,false,false,Two year,false,Electronic check,114.44,2174.36,false
CUST-04397,Female,0,true,true,34,false,true,No,false,false,true,true,false,false,Month-to-month,false,Electronic check,86.07,2926.38,false
CUST-04398,Male,1,true,true,31,true,true,DSL,true,true,true,true,true,false,Month-to-month,true,Mailed check,28.63,887.53,true
CUST-04399,Female,0,true,false,42,false,false,Fiber optic,false,true,false,false,true,false,Two year,true,Bank transfer (automatic),102.78,4316.76,false
CUST-04400,Male,0,true,true,26,true,false,DSL,true,false,false,false,true,true,Two year,true,Bank transfer (automatic),29.86,776.36,false
CUST-04401,Female,0,false,false,41,false,false,No,true,false,true,false,false,true,Two year,true,Electronic check,49.89,2045.49,false
CUST-04402,Female,0,true,false,55,false,true,Fiber optic,true,true,false,true,true,false,Two year,false,Mailed check,30.2,1661,false
CUST-04403,Male,0,false,false,35,false,true,Fiber optic,false,true,false,true,false,false,Two year,false,Mailed check,61.5,2152.5,false
CUST-04404,Female,0,true,false,24,false,true,DSL,false,false,false,false,true,true,One year,true,Bank transfer (automatic),24.39,585.36,false
CUST-04405,Female,1,true,false,57,true,false,Fiber optic,false,false,false,false,true,true,One year,true,Electronic check,20.52,1169.64,false
CUST-04406,Female,0,false,true,32,true,false,Fiber optic,false,true,false,true,false,false,Month-to-month,false,Credit card (automatic),73.74,2359.68,true
CUST-04407,Male,0,true,false,26,true,false,DSL,false,false,true,false,true,true,Two year,false,Mailed check,30.38,789.88,false
CUST-04408,Male,0,false,false,22,false,false,DSL,false,false,false,false,false,true,Month-to-month,false,Credit card (automatic),83.51,1837.22,false
CUST-04409,Male,0,false,true,48,false,true,DSL,true,false,true,false,true,true,One year,true,Bank transfer (automatic),59.49,2855.52,false
CUST-04410,Female,0,false,false,43,false,true,DSL,true,false,false,true,false,true,Two year,true,Credit card (automatic),46.01,1978.43,false
CUST-04411,Female,1,true,true,70,true,true,DSL,true,true,false,true,false,false,Month-to-month,true,Bank transfer (automatic),116.73,8171.1,true
CUST-04412,Female,0,true,false,50,true,false,No,true,false,false,true,true,false,One year,true,Electronic check,35.66,1783,false
CUST-04413,Female,0,false,false,17,true,true,DSL,true,true,false,false,false,false,Two year,false,Mailed check,80.14,1362.38,false
CUST-04414,Male,0,true,true,45,true,false,DSL,false,true,true,true,true,false,One year,true,Electronic check,81.7,3676.5,false
CUST-04415,Male,1,true,false,25,false,false,No,false,false,true,false,true,false,Month-to-month,true,Mailed check,114.5,2862.5,false
CUST-04416,Male,0,false,true,66,false,true,No,true,true,true,true,false,true,One year,false,Bank transfer (automatic),60.48,3991.68,false
CUST-04417,Female,0,false,true,3,false,false,No,false,false,false,true,false,true,Month-to-month,false,Electronic check,73.46,220.38,true
CUST-04418,Male,1,true,true,12,true,false,No,true,false,true,false,true,false,One year,false,Electronic check,54.64,655.68,false
CUST-04419,Male,0,false,false,31,false,true,DSL,false,true,true,true,true,true,Month-to-month,true,Electronic check,48.03,1488.93,false
CUST-04420,Female,0,true,true,34,true,false,DSL,false,false,false,false,false,false,One year,false,Credit card (automatic),52.61,1788.74,false
CUST-04421,Male,0,true,true,18,false,true,Fiber optic,false,false,false,true,true,false,Two year,true,Mailed check,38.67,696.06,false
CUST-04422,Male,0,false,false,48,true,false,Fiber optic,true,false,true,false,true,false,Two year,true,Electronic check,29.1,1396.8,false
CUST-04423,Male,0,true,true,17,false,true,No,true,false,true,true,false,false,Two year,true,Electronic check,49.48,841.16,false
CUST-04424,Female,0,false,true,25,true,true,No,false,true,false,false,true,false,Two year,false,Bank transfer (automatic),91,2275,false
CUST-04425,Female,0,true,false,55,true,false,DSL,true,true,false,true,false,false,Two year,true,Bank transfer (automatic),74.08,4074.4,false
CUST-04426,Female,0,true,false,50,false,true,DSL,true,true,true,false,false,false,Two year,false,Electronic check,52.88,2644,false
CUST-04427,Male,0,true,false,56,true,false,Fiber optic,true,false,true,true,true,true,Month-to-month,true,Credit card (automatic),106.93,5988.08,false
CUST-04428,Male,0,false,true,9,true,true,Fiber optic,false,true,false,true,true,true,One year,true,Bank transfer (automatic),56.35,507.15,true
CUST-04429,Male,0,true,true,49,false,false,Fiber optic,true,false,true,false,false,true,Month-to-month,true,Bank transfer (automatic),84.48,4139.52,false
CUST-04430,Female,0,true,false,26,true,false,No,false,false,true,false,false,true,Month-to-month,false,Bank transfer (automatic),83.73,2176.98,false
CUST-04431,Female,0,false,true,5,true,false,Fiber optic,false,true,true,true,true,false,Two year,true,Bank transfer (automatic),35.22,176.1,false
CUST-04432,Male,0,false,true,49,false,true,DSL,false,false,true,false,false,false,One year,false,Electronic check,109.13,5347.37,true
CUST-04433,Female,0,true,false,14,false,true,No,false,false,false,false,true,false,One year,false,Bank transfer (automatic),88.54,1239.56,false
CUST-04434,Female,0,true,true,50,true,true,Fiber optic,true,false,false,true,false,true,Month-to-month,true,Bank transfer (automatic),87.21,4360.5,false
CUST-04435,Male,1,true,true,68,true,false,No,true,false,true,true,false,false,One year,true,Credit card (automatic),82.89,5636.52,false
CUST-04436,Male,0,false,false,11,false,true,No,false,true,true,false,true,false,One year,true,Credit card (automatic),116.61,1282.71,false
CUST-04437,Female,1,true,false,2,true,true,No,false,true,false,true,true,false,One year,true,Credit card (automatic),53.55,107.1,false
CUST-04438,Male,0,true,true,40,true,false,Fiber optic,true,false,true,false,false,true,Month-to-month,false,Credit card (automatic),22.31,892.4,true
CUST-04439,Female,1,true,false,26,false,false,No,true,true,true,false,true,true,One year,true,Mailed check,64,1664,true
CUST-04440,Male,0,false,true,12,true,false,Fiber optic,true,true,true,true,true,true,One year,true,Bank transfer (automatic),39.03,468.36,false
CUST-04441,Female,0,false,true,12,false,true,Fiber optic,false,true,false,false,true,true,Month-to-month,false,Credit card (automatic),72.71,872.52,false
CUST-04442,Female,1,true,false,42,true,true,No,false,false,true,false,false,true,Two year,true,Credit card (automatic),52.14,2189.88,false
CUST-04443,Male,0,false,true,20,true,false,No,true,true,false,true,false,false,One year,true,Credit card (automatic),61.69,1233.8,false
CUST-04444,Male,0,true,false,49,false,true,DSL,false,true,false,true,false,true,One year,false,Mailed check,105.04,5146.96,false
CUST-04445,Female,0,true,false,65,false,false,No,false,true,false,true,true,true,One year,true,Credit card (automatic),58.09,3775.85,false
CUST-04446,Male,0,false,true,15,false,true,DSL,false,false,true,false,true,true,One year,true,Credit card (automatic),117.84,1767.6,true
CUST-04447,Female,0,false,true,33,true,false,DSL,true,false,false,true,true,true,Two year,false,Credit card (automatic),75.49,2491.17,false
CUST-04448,Female,0,true,true,43,true,false,DSL,true,false,true,true,false,true,One year,false,Electronic check,116.08,4991.44,false
CUST-04449,Female,0,true,false,65,true,false,DSL,true,false,false,true,false,true,Two year,false,Electronic check,41.32,2685.8,false
CUST-04450,Female,0,true,false,11,true,true,DSL,true,false,true,true,false,true,One year,true,Mailed check,115.11,1266.21,false
CUST-04451,Male,0,true,false,33,true,false,DSL,false,false,false,true,true,true,One year,true,Electronic check,46.48,1533.84,false
CUST-04452,Male,0,true,true,49,false,true,DSL,false,false,false,false,false,true,Two year,true,Electronic check,99.16,4858.84,false
CUST-04453,Male,0,true,false,5,true,true,Fiber optic,true,false,false,false,true,true,Two year,true,Bank transfer (automatic),74.68,373.4,false
CUST-04454,Male,0,false,true,30,false,false,No,true,false,false,false,false,true,One year,true,Mailed check,112.98,3389.4,false
CUST-04455,Female,0,false,false,19,true,false,No,false,true,true,false,false,false,Month-to-month,false,Electronic check,97.52,1852.88,false
CUST-04456,Male,0,true,true,34,true,true,No,false,false,false,true,false,false,Two year,true,Bank transfer (automatic),68.62,2333.08,false
CUST-04457,Female,1,true,false,56,false,false,DSL,false,false,true,false,false,true,Two year,true,Electronic check,43.3,2424.8,false
CUST-04458,Male,0,true,false,19,false,true,No,false,true,false,true,true,false,One year,false,Mailed check,72.23,1372.37,false
CUST-04459,Male,0,true,true,48,true,true,No,false,false,true,true,false,false,Two year,false,Mailed check,69.08,3315.84,true
CUST-04460,Male,0,true,false,51,true,false,Fiber optic,false,false,false,false,false,false,Month-to-month,false,Bank transfer (automatic),27.38,1396.38,false
CUST-04461,Male,0,false,false,17,true,false,DSL,false,false,true,true,false,false,Month-to-month,true,Bank transfer (automatic),114.93,1953.81,false
CUST-04462,Female,0,false,true,25,false,false,No,false,true,false,true,false,false,Two year,true,Bank transfer (automatic),74.73,1868.25,false
CUST-04463,Male,0,false,true,11,true,false,No,true,true,false,true,false,false,Two year,false,Bank transfer (automatic),63.63,699.93,false
CUST-04464,Male,1,false,false,56,false,false,No,false,true,true,true,true,false,Two year,true,Bank transfer (automatic),20.7,1159.2,false
CUST-04465,Male,1,false,false,58,true,false,DSL,false,false,true,false,true,false,One year,false,Electronic check,97.9,5678.2,false
CUST-04466,Male,0,true,true,13,true,false,Fiber optic,true,true,true,false,false,false,One year,true,Credit card (automatic),62.87,817.31,false
CUST-04467,Male,0,false,true,1,true,true,No,true,false,false,true,true,false,One year,true,Mailed check,70.98,70.98,false
CUST-04468,Female,0,true,false,72,true,true,DSL,true,true,true,false,true,true,One year,true,Credit card (automatic),77.24,5561.28,false
CUST-04469,Female,0,false,true,19,false,false,No,false,false,true,false,true,true,Month-to-month,true,Credit card (automatic),116.96,2222.24,true
CUST-04470,Male,0,false,false,1,true,true,No,true,true,true,true,true,false,One year,true,Credit card (automatic),105.18,105.18,true
CUST-04471,Female,1,true,true,8,false,true,No,true,false,false,false,true,true,Two year,true,Bank transfer (automatic),85.5,684,false
CUST-04472,Female,0,true,false,67,false,false,No,false,true,false,false,false,true,Month-to-month,false,Bank transfer (automatic),46.29,3101.43,true
CUST-04473,Male,1,true,true,54,false,false,Fiber optic,false,false,false,true,false,false,Two year,true,Mailed check,60.15,3248.1,false
CUST-04474,Male,0,true,false,65,false,true,DSL,false,false,false,true,false,true,One year,true,Mailed check,99.61,6474.65,false
CUST-04475,Male,1,false,false,72,false,false,DSL,false,true,true,false,true,false,Two year,true,Credit card (automatic),50.06,3604.32,false
CUST-04476,Male,0,true,true,7,false,false,Fiber optic,false,true,true,true,false,true,Month-to-month,false,Bank transfer (automatic),97.1,679.7,false
CUST-04477,Female,0,true,true,63,true,true,Fiber optic,false,false,true,true,false,false,Two year,true,Credit card (automatic),103.09,6494.67,false
CUST-04478,Female,0,false,false,63,true,false,DSL,false,true,false,false,true,false,Two year,false,Mailed check,37.68,2373.84,false
CUST-04479,Female,0,true,false,66,true,true,No,false,true,true,true,false,false,Month-to-month,false,Electronic check,76.83,5070.78,false
CUST-04480,Male,1,true,false,38,false,true,Fiber optic,true,true,false,true,false,true,One year,true,Electronic check,51.51,1957.38,false
CUST-04481,Male,0,false,true,35,false,true,Fiber optic,true,false,false,true,true,false,Month-to-month,true,Bank transfer (automatic),64.13,2244.55,false
CUST-04482,Female,0,true,true,19,false,true,No,true,false,true,false,false,true,Two year,true,Electronic check,26.49,503.31,false
CUST-04483,Female,0,true,true,5,false,false,Fiber optic,false,false,false,false,false,false,Two year,true,Electronic check,78.9,394.5,false
CUST-04484,Male,0,false,false,14,false,true,Fiber optic,true,false,false,false,true,false,Two year,false,Credit card (automatic),111.52,1561.28,false
CUST-04485,Female,0,true,true,64,false,true,DSL,true,false,false,false,true,true,Two year,false,Credit card (automatic),68.19,4364.16,false
CUST-04486,Female,0,true,true,37,true,false,Fiber optic,false,true,true,true,false,true,Two year,true,Mailed check,44.75,1655.75,false
CUST-04487,Female,0,false,false,12,false,false,Fiber optic,true,true,true,true,false,false,Month-to-month,false,Bank transfer (automatic),99.89,1198.68,false
CUST-04488,Male,1,true,false,39,false,false,No,false,true,false,false,true,true,Two year,false,Bank transfer (automatic),80.72,3148.08,false
CUST-04489,Female,0,true,false,70,false,true,DSL,false,false,true,false,false,false,One year,false,Bank transfer (automatic),64.54,4517.8,false
CUST-04490,Male,0,true,false,35,true,true,Fiber optic,false,true,true,false,true,false,One year,false,Electronic check,28.03,981.05,false
CUST-04491,Male,0,false,true,32,true,false,No,false,false,false,false,true,false,Two year,false,Electronic check,79.82,2554.24,false
CUST-04492,Female,0,false,true,49,true,false,Fiber optic,false,true,false,false,false,false,Two year,true,Bank transfer (automatic),102.16,5005.84,false
CUST-04493,Male,0,false,false,27,false,false,DSL,true,true,false,true,true,false,Month-to-month,false,Bank transfer (automatic),32.46,876.42,false
CUST-04494,Female,0,true,false,44,true,true,No,true,false,true,false,false,true,One year,false,Mailed check,41.65,1832.6,false
CUST-04495,Female,0,true,false,18,true,true,Fiber optic,false,true,false,true,false,false,Two year,false,Bank transfer (automatic),118.02,2124.36,false
CUST-04496,Male,0,false,true,38,false,false,DSL,true,false,false,true,true,false,One year,true,Bank transfer (automatic),90.1,3423.8,false
CUST-04497,Female,1,true,false,62,true,false,DSL,true,true,false,false,false,true,Two year,false,Credit card (automatic),104.67,6489.54,false
CUST-04498,Female,0,true,true,69,true,true,No,false,false,false,false,true,true,One year,true,Mailed check,107.5,7417.5,false
CUST-04499,Female,0,true,true,5,true,false,DSL,true,true,true,false,false,false,Month-to-month,true,Bank transfer (automatic),91.21,456.05,false
CUST-04500,Male,0,false,true,10,true,false,Fiber optic,true,false,true,false,true,false,One year,false,Credit card (automatic),28.77,287.7,false
CUST-04501,Female,0,true,true,35,false,false,No,true,false,false,true,true,false,Two year,false,Credit card (automatic),28.06,982.1,true
CUST-04502,Female,0,true,false,17,false,false,Fiber optic,false,false,true,false,false,false,One year,true,Credit card (automatic),67.16,1141.72,true
CUST-04503,Female,0,true,false,50,true,false,DSL,false,false,true,true,false,false,Month-to-month,false,Bank transfer (automatic),83.87,4193.5,true
CUST-04504,Male,0,true,false,42,true,false,DSL,true,false,false,true,false,false,Two year,false,Bank transfer (automatic),59.17,2485.14,false
CUST-04505,Male,0,false,false,31,true,true,DSL,false,true,true,true,true,true,One year,false,Credit card (automatic),67.41,2089.71,false
CUST-04506,Female,0,false,true,25,true,true,DSL,true,true,false,false,true,false,One year,true,Credit card (automatic),89.53,2238.25,false
CUST-04507,Female,0,true,true,30,true,false,No,true,true,false,false,true,true,Month-to-month,true,Credit card (automatic),65.22,1956.6,false
CUST-04508,Male,0,false,true,1,false,true,DSL,false,false,true,true,false,false,Two year,false,Credit card (automatic),30.36,30.36,false
CUST-04509,Male,0,true,false,49,true,false,DSL,true,false,false,true,false,true,Two year,false,Bank transfer (automatic),55.09,2699.41,false
CUST-04510,Male,1,false,true,27,false,true,Fiber optic,true,false,true,false,false,false,Two year,true,Mailed check,30.37,819.99,false
CUST-04511,Female,0,false,true,21,true,false,No,false,false,true,false,true,true,One year,true,Mailed check,116.9,2454.9,false
CUST-04512,Female,0,true,true,37,true,true,Fiber optic,true,true,false,true,false,false,One year,false,Credit card (automatic),64.28,2378.36,true
CUST-04513,Female,0,false,true,28,true,false,Fiber optic,false,false,true,false,false,false,One year,true,Electronic check,82.57,2311.96,false
CUST-04514,Male,1,true,false,46,true,true,Fiber optic,false,true,false,false,true,true,One year,false,Credit card (automatic),35.45,1630.7,false
CUST-04515,Female,0,true,true,47,false,true,DSL,false,true,false,true,true,false,One year,false,Mailed check,94.77,4454.19,true
CUST-04516,Female,0,false,false,10,true,false,Fiber optic,false,true,false,true,true,true,Two year,true,Mailed check,25.54,255.4,false
CUST-04517,Male,1,false,false,62,true,false,DSL,true,true,false,true,true,true,Month-to-month,false,Credit card (automatic),38.02,2357.24,true
CUST-04518,Male,1,true,true,15,false,false,DSL,true,false,false,false,true,false,Two year,false,Bank transfer (automatic),91.46,1371.9,false
CUST-04519,Male,1,true,true,13,false,false,DSL,true,true,true,false,true,false,Two year,false,Bank transfer (automatic),107.32,1395.16,false
CUST-04520,Female,0,false,true,34,false,true,DSL,true,true,false,false,true,false,Month-to-month,false,Mailed check,92.97,3160.98,false
CUST-04521,Female,0,true,false,30,true,true,DSL,true,false,true,false,true,true,One year,true,Bank transfer (automatic),93.47,2804.1,false
CUST-04522,Female,0,true,true,26,false,true,No,false,false,true,false,true,false,One year,true,Credit card (automatic),93.05,2419.3,false
CUST-04523,Male,0,true,true,52,true,false,No,true,true,false,false,true,false,Month-to-month,false,Electronic check,106.31,5528.12,false
CUST-04524,Male,1,true,true,38,false,true,No,false,false,true,true,true,false,Month-to-month,true,Bank transfer (automatic),112.52,4275.76,true
CUST-04525,Female,0,true,true,30,true,false,Fiber optic,false,true,false,true,true,true,One year,true,Mailed check,32.06,961.8,false
CUST-04526,Male,1,false,false,63,true,true,No,false,true,false,true,false,true,Month-to-month,false,Mailed check,104.07,6556.41,false
CUST-04527,Male,1,false,false,4,false,false,No,false,true,true,true,true,false,One year,true,Electronic check,68.12,272.48,true
CUST-04528,Female,1,false,true,53,false,false,Fiber optic,false,false,true,true,true,false,Month-to-month,false,Bank transfer (automatic),53.34,2827.02,false
CUST-04529,Female,0,true,true,46,false,false,No,true,false,false,false,false,true,Two year,true,Bank transfer (automatic),119.37,5491.02,false
CUST-04530,Female,0,true,false,57,true,false,DSL,true,true,false,false,false,true,Two year,false,Electronic check,68.58,3909.06,false
CUST-04531,Male,0,false,true,35,true,true,Fiber optic,false,false,false,true,false,true,Month-to-month,false,Bank transfer (automatic),64.96,2273.6,false
CUST-04532,Female,1,true,false,27,false,false,DSL,false,true,true,false,true,true,Two year,true,Bank transfer (automatic),119.57,3228.39,false
CUST-04533,Male,0,false,true,22,true,false,DSL,true,true,true,false,true,false,Month-to-month,true,Mailed check,46.97,1033.34,true
CUST-04534,Male,0,true,false,44,true,false,Fiber optic,false,false,false,true,true,false,One year,true,Electronic check,101.18,4451.92,false
CUST-04535,Female,0,false,false,33,true,false,Fiber optic,true,false,false,true,true,false,Two year,true,Credit card (automatic),111.75,3687.75,false
CUST-04536,Male,0,false,false,62,true,true,No,false,true,false,true,true,false,One year,true,Electronic check,80.67,5001.54,false
CUST-04537,Male,1,true,true,27,false,true,DSL,false,true,false,true,true,false,Two year,false,Mailed check,38.69,1044.63,false
CUST-04538,Male,0,true,false,31,false,true,Fiber optic,true,false,true,true,true,false,Month-to-month,true,Credit card (automatic),46.25,1433.75,false
CUST-04539,Female,0,true,true,26,true,false,No,true,false,true,true,true,false,One year,false,Mailed check,113.92,2961.92,false
CUST-04540,Female,0,false,true,3,true,true,Fiber optic,true,false,false,true,false,true,One year,true,Electronic check,35.16,105.48,false
CUST-04541,Female,0,true,false,67,false,true,DSL,true,true,false,false,false,true,Two year,true,Mailed check,22.46,1504.82,false
CUST-04542,Male,0,true,true,66,true,true,DSL,false,false,false,false,false,true,Month-to-month,false,Credit card (automatic),40.36,2663.76,false
CUST-04543,Female,0,false,true,26,false,false,Fiber optic,true,false,true,false,false,false,One year,false,Bank transfer (automatic),65.51,1703.26,false
CUST-04544,Female,1,false,false,62,false,false,Fiber optic,true,false,false,false,true,true,One year,false,Credit card (automatic),27.89,1729.18,false
CUST-04545,Male,0,true,true,4,true,true,DSL,true,false,false,true,true,true,Month-to-month,true,Mailed check,53.83,215.32,false
CUST-04546,Male,1,false,false,20,false,true,DSL,true,false,true,false,true,false,Month-to-month,false,Electronic check,119.12,2382.4,false
CUST-04547,Male,0,false,true,40,false,false,Fiber optic,false,false,false,true,false,false,One year,true,Mailed check,29.19,1167.6,false
CUST-04548,Female,1,true,true,27,true,false,DSL,false,false,true,true,true,false,One year,false,Credit card (automatic),64.9,1752.3,true
CUST-04549,Male,0,true,true,46,false,true,DSL,false,false,true,false,false,true,Two year,false,Bank transfer (automatic),72.25,3323.5,false
CUST-04550,Male,1,false,true,55,false,true,No,false,true,false,false,true,false,Month-to-month,true,Credit card (automatic),55.62,3059.1,false
CUST-04551,Female,0,true,true,17,true,true,Fiber optic,true,true,true,true,false,true,Two year,false,Credit card (automatic),44.78,761.26,false
CUST-04552,Male,0,true,true,17,false,false,No,false,false,false,false,false,true,Two year,true,Mailed check,87.44,1486.48,false
CUST-04553,Female,0,true,false,32,false,false,No,false,false,true,true,false,false,Two year,true,Mailed check,88.83,2842.56,false
CUST-04554,Male,0,true,false,4,false,false,No,true,false,true,false,true,true,One year,false,Mailed check,61.21,244.84,false
CUST-04555,Male,0,true,false,16,false,true,No,true,true,true,true,false,true,One year,false,Credit card (automatic),56.68,906.88,false
CUST-04556,Male,0,false,false,37,false,true,DSL,false,false,false,false,false,false,Month-to-month,false,Electronic check,81.45,3013.65,true
CUST-04557,Female,0,false,false,42,true,false,Fiber optic,true,false,true,false,true,true,One year,false,Mailed check,21.49,902.58,true
CUST-04558,Male,0,false,false,47,true,false,Fiber optic,true,true,true,true,false,true,Two year,true,Electronic check,70.46,3311.62,false
CUST-04559,Female,0,true,false,13,false,false,No,true,false,false,true,true,true,Two year,false,Credit card (automatic),95.31,1239.03,false
CUST-04560,Male,0,false,false,53,true,false,DSL,true,false,true,true,false,false,One year,false,Credit card (automatic),117.18,6210.54,false
CUST-04561,Female,0,true,false,61,false,true,DSL,true,false,false,false,true,true,Two year,true,Electronic check,39.9,2433.9,false
CUST-04562,Female,0,false,false,47,false,false,Fiber optic,false,false,true,true,true,true,One year,false,Credit card (automatic),44.95,2112.65,false
CUST-04563,Male,0,true,true,63,false,false,DSL,false,false,false,false,true,true,Month-to-month,true,Mailed check,115.64,7285.32,true
CUST-04564,Female,0,true,true,32,true,true,DSL,true,true,false,false,true,false,One year,false,Mailed check,43.43,1389.76,true
CUST-04565,Male,0,true,true,53,false,false,DSL,true,true,true,false,false,true,Two year,true,Credit card (automatic),42.98,2277.94,false
CUST-04566,Female,1,false,true,72,true,false,DSL,false,true,true,false,false,false,One year,true,Electronic check,88.04,6338.88,false
CUST-04567,Male,0,true,false,7,false,true,No,true,true,true,true,false,true,Two year,false,Electronic check,104.59,732.13,false
CUST-04568,Male,0,false,true,17,false,true,Fiber optic,true,false,true,true,true,true,Two year,false,Electronic check,67.71,1151.07,false
CUST-04569,Male,0,false,false,60,false,true,Fiber optic,false,false,true,true,false,false,Two year,false,Mailed check,70.18,4210.8,false
CUST-04570,Female,0,true,false,29,false,false,DSL,true,false,true,true,false,false,Month-to-month,true,Electronic check,96,2784,true
CUST-04571,Male,0,false,true,32,true,false,No,true,true,false,false,false,true,Two year,true,Electronic check,58.74,1879.68,false
CUST-04572,Female,0,true,false,48,false,true,Fiber optic,false,true,true,false,false,false,One year,false,Electronic check,39.4,1891.2,false
CUST-04573,Female,0,true,true,70,false,true,Fiber optic,true,true,false,true,true,true,Two year,false,Credit card (automatic),70.29,4920.3,false
CUST-04574,Female,0,true,false,38,true,false,Fiber optic,false,true,true,false,true,false,One year,true,Credit card (automatic),107.31,4077.78,false
CUST-04575,Female,0,false,true,57,false,false,Fiber optic,false,false,false,false,false,true,One year,true,Mailed check,79.39,4525.23,false
CUST-04576,Female,0,false,false,20,false,true,No,true,true,true,false,true,true,Two year,true,Mailed check,35.99,719.8,true
CUST-04577,Male,1,true,false,72,false,false,No,true,true,false,false,false,false,Month-to-month,true,Bank transfer (automatic),87.16,6275.52,true
CUST-04578,Male,0,false,false,51,false,true,DSL,false,false,false,false,true,false,One year,true,Bank transfer (automatic),56.93,2903.43,false
CUST-04579,Male,0,false,true,18,true,true,No,false,true,false,false,true,true,One year,true,Credit card (automatic),103.56,1864.08,true
CUST-04580,Male,1,false,true,12,false,false,DSL,true,true,false,true,true,true,Month-to-month,false,Mailed check,102.48,1229.76,true
CUST-04581,Female,0,false,true,3,true,true,DSL,true,false,false,false,false,false,Two year,true,Bank transfer (automatic),59.29,177.87,false
CUST-04582,Female,1,false,false,69,true,true,DSL,false,false,false,true,false,true,Two year,false,Bank transfer (automatic),87.98,6070.62,false
CUST-04583,Male,1,true,false,59,true,true,DSL,true,true,false,true,true,false,Two year,false,Bank transfer (automatic),66.41,3918.19,false
CUST-04584,Male,1,false,true,45,true,true,Fiber optic,true,false,true,true,true,false,Month-to-month,false,Credit card (automatic),56.33,2534.85,false
CUST-04585,Female,0,false,false,70,false,true,No,true,false,false,false,true,false,One year,true,Electronic check,63.52,4446.4,false
CUST-04586,Male,0,true,true,45,true,true,Fiber optic,true,false,true,true,false,false,Two year,false,Credit card (automatic),93.67,4215.15,false
CUST-04587,Female,0,true,false,69,true,false,Fiber optic,true,false,false,false,false,true,Month-to-month,false,Electronic check,108.11,7459.59,false
CUST-04588,Male,0,false,true,72,true,false,DSL,true,false,true,true,true,true,Month-to-month,false,Mailed check,65.83,4739.76,true
CUST-04589,Male,0,false,false,48,true,true,Fiber optic,true,false,false,false,false,true,One year,false,Electronic check,43.27,2076.96,false
CUST-04590,Female,1,false,false,65,false,true,Fiber optic,false,false,false,false,false,true,One year,false,Bank transfer (automatic),37.71,2451.15,false
CUST-04591,Male,0,false,false,2,false,false,DSL,false,true,true,true,false,true,One year,false,Mailed check,95.9,191.8,false
CUST-04592,Female,0,false,false,71,true,true,No,true,true,true,true,false,true,One year,false,Bank transfer (automatic),73.04,5185.84,false
CUST-04593,Female,1,false,false,71,true,false,Fiber optic,true,false,true,true,true,true,Month-to-month,false,Credit card (automatic),47.13,3346.23,false
CUST-04594,Female,0,true,true,4,true,true,No,true,true,true,false,true,true,Two year,false,Mailed check,70.39,281.56,false
CUST-04595,Male,0,true,true,44,false,true,Fiber optic,true,false,true,false,true,false,One year,false,Electronic check,50.37,2216.28,false
CUST-04596,Female,0,false,false,10,false,false,DSL,false,false,true,false,false,false,Two year,true,Credit card (automatic),26.95,269.5,false
CUST-04597,Female,0,true,true,16,false,true,DSL,false,true,true,true,false,false,Two year,false,Bank transfer (automatic),78.75,1260,false
CUST-04598,Female,0,true,true,49,false,true,DSL,true,true,false,true,true,true,Two year,false,Bank transfer (automatic),21.75,1065.75,false
CUST-04599,Male,0,true,true,15,false,true,Fiber optic,false,true,true,true,true,true,Month-to-month,false,Bank transfer (automatic),106.01,1590.15,false
CUST-04600,Female,0,true,false,28,false,true,Fiber optic,true,false,false,false,false,true,Two year,true,Bank transfer (automatic),81.2,2273.6,false
CUST-04601,Female,0,false,false,51,true,false,Fiber optic,true,false,true,false,true,false,One year,true,Electronic check,40.47,2063.97,false
CUST-04602,Female,0,false,true,32,false,true,Fiber optic,true,false,false,true,true,true,Month-to-month,false,Credit card (automatic),49.85,1595.2,false
CUST-04603,Male,0,false,true,60,false,false,DSL,true,true,false,false,true,true,Month-to-month,false,Bank transfer (automatic),32.62,1957.2,false
CUST-04604,Female,0,true,true,35,false,true,Fiber optic,true,false,false,true,false,true,Two year,true,Mailed check,119.54,4183.9,false
CUST-04605,Male,0,false,true,67,true,false,DSL,true,true,true,false,false,true,One year,true,Bank transfer (automatic),46.72,3130.24,false
CUST-04606,Male,0,true,true,60,false,false,No,true,false,false,true,true,false,Month-to-month,true,Mailed check,119.5,7170,false
CUST-04607,Male,1,true,true,68,true,true,Fiber optic,true,true,true,false,false,false,One year,true,Bank transfer (automatic),109.13,7420.84,false
CUST-04608,Female,0,false,true,4,false,false,DSL,true,false,true,false,false,false,Two year,false,Bank transfer (automatic),88.03,352.12,false
CUST-04609,Female,0,false,true,63,true,true,No,false,true,true,false,true,true,Two year,true,Bank transfer (automatic),109.73,6912.99,false
CUST-04610,Male,0,false,true,71,false,true,DSL,true,false,false,true,false,false,Two year,true,Credit card (automatic),23.34,1657.14,false
CUST-04611,Female,1,true,false,51,false,false,No,true,false,false,false,true,true,Two year,false,Bank transfer (automatic),77.49,3951.99,false
CUST-04612,Female,1,true,false,36,false,true,Fiber optic,true,true,true,true,false,false,Two year,true,Bank transfer (automatic),105.64,3803.04,false
CUST-04613,Female,0,true,false,40,false,false,DSL,true,true,false,false,false,false,Month-to-month,false,Electronic check,87.7,3508,false
CUST-04614,Male,0,true,false,15,false,false,DSL,false,true,true,false,true,true,Two year,true,Mailed check,114.88,1723.2,false
CUST-04615,Male,0,false,true,17,false,true,Fiber optic,true,true,false,true,false,false,Two year,false,Bank transfer (automatic),69.58,1182.86,false
CUST-04616,Female,0,true,false,55,false,true,Fiber optic,true,false,true,false,false,true,Two year,false,Electronic check,28.13,1547.15,false
CUST-04617,Female,0,false,false,67,true,false,No,true,false,true,false,false,false,Month-to-month,true,Mailed check,23.19,1553.73,false
CUST-04618,Male,0,true,false,25,true,true,No,true,true,true,false,true,true,One year,false,Mailed check,108.05,2701.25,false
CUST-04619,Male,1,false,true,71,true,false,Fiber optic,true,true,false,false,false,false,One year,true,Electronic check,71.94,5107.74,false
CUST-04620,Male,0,false,true,5,true,false,Fiber optic,false,true,false,false,false,true,Month-to-month,false,Mailed check,25.68,128.4,true
CUST-04621,Male,0,false,false,43,false,false,No,true,true,true,false,false,true,Month-to-month,false,Credit card (automatic),94.47,4062.21,false
CUST-04622,Male,0,false,true,38,false,false,No,true,false,false,true,false,true,Two year,true,Bank transfer (automatic),115.38,4384.44,false
CUST-04623,Female,0,false,false,32,true,false,Fiber optic,true,true,false,false,true,false,Two year,false,Mailed check,52.15,1668.8,false
CUST-04624,Female,0,false,false,47,false,true,No,true,true,false,false,false,false,Two year,true,Electronic check,118.21,5555.87,false
CUST-04625,Male,0,true,false,45,false,true,No,true,true,false,false,true,false,Month-to-month,false,Mailed check,79.42,3573.9,true
CUST-04626,Female,0,true,true,27,true,false,No,false,false,false,true,false,true,One year,true,Mailed check,84.62,2284.74,false
CUST-04627,Male,1,false,true,72,true,true,DSL,true,true,true,false,false,true,One year,false,Credit card (automatic),84.44,6079.68,false
CUST-04628,Female,1,false,true,51,false,false,No,true,true,false,false,false,true,One year,false,Mailed check,33.22,1694.22,false
CUST-04629,Male,1,false,true,17,true,true,Fiber optic,false,true,true,false,false,false,Month-to-month,true,Credit card (automatic),69.8,1186.6,false
CUST-04630,Female,0,true,true,63,true,false,Fiber optic,false,true,true,true,true,true,One year,false,Mailed check,106.9,6734.7,false
CUST-04631,Male,0,false,true,4,false,false,Fiber optic,false,true,false,true,true,false,One year,false,Credit card (automatic),92.87,371.48,false
CUST-04632,Female,0,false,true,39,false,false,Fiber optic,false,false,false,true,false,false,One year,false,Mailed check,38.56,1503.84,false
CUST-04633,Female,1,false,false,59,true,false,Fiber optic,false,true,false,false,true,true,Two year,true,Bank transfer (automatic),39.79,2347.61,false
CUST-04634,Female,0,false,true,4,false,false,No,false,false,false,true,true,true,Month-to-month,true,Electronic check,112.6,450.4,false
CUST-04635,Male,0,false,false,44,true,true,DSL,true,true,true,false,false,false,Month-to-month,false,Electronic check,97.42,4286.48,false
CUST-04636,Male,0,false,false,49,true,true,Fiber optic,false,true,false,true,false,true,Month-to-month,true,Credit card (automatic),26.72,1309.28,false
CUST-04637,Male,1,false,true,5,false,false,Fiber optic,true,false,false,false,false,false,Month-to-month,true,Electronic check,31.09,155.45,true
CUST-04638,Male,1,true,false,59,false,false,Fiber optic,false,false,false,false,false,false,Month-to-month,true,Credit card (automatic),68.22,4024.98,false
CUST-04639,Female,0,false,true,22,false,false,No,false,true,true,true,false,false,Two year,false,Bank transfer (automatic),25.33,557.26,false
CUST-04640,Male,0,true,true,40,false,false,Fiber optic,false,true,true,false,true,false,One year,false,Mailed check,116.42,4656.8,false
CUST-04641,Female,1,true,false,1,true,true,DSL,true,true,false,true,false,false,Two year,true,Mailed check,71.86,71.86,false
CUST-04642,Male,0,false,true,44,true,false,Fiber optic,false,false,true,false,false,false,Month-to-month,true,Credit card (automatic),36.91,1624.04,false
CUST-04643,Female,0,false,false,55,true,true,No,true,false,true,true,true,false,Month-to-month,false,Electronic check,119.38,6565.9,false
CUST-04644,Female,0,false,false,70,true,false,Fiber optic,false,false,true,false,false,false,Two year,false,Credit card (automatic),76.56,5359.2,false
CUST-04645,Female,0,true,false,9,false,true,DSL,true,true,false,false,true,true,Two year,false,Credit card (automatic),48.89,440.01,false
CUST-04646,Female,0,true,false,60,true,false,DSL,true,false,true,false,false,false,One year,true,Electronic check,67.44,4046.4,false
CUST-04647,Female,0,true,false,19,false,true,Fiber optic,true,false,false,false,false,false,Month-to-month,false,Electronic check,112.05,2128.95,true
CUST-04648,Male,0,true,true,6,true,false,DSL,true,false,true,false,true,true,Two year,true,Credit card (automatic),73.44,440.64,false
CUST-04649,Female,1,true,true,5,true,true,DSL,false,true,true,true,false,true,Two year,false,Electronic check,99.57,497.85,true
CUST-04650,Female,0,false,true,67,false,false,DSL,false,true,true,false,true,false,One year,true,Credit card (automatic),90.18,6042.06,false
CUST-04651,Female,0,true,false,67,false,true,No,true,false,true,true,false,false,One year,true,Credit card (automatic),113.37,7595.79,false
CUST-04652,Female,0,false,true,47,true,false,Fiber optic,false,false,true,false,true,false,Month-to-month,false,Bank transfer (automatic),99.95,4697.65,true
CUST-04653,Male,0,false,true,53,true,true,Fiber optic,false,false,false,false,true,true,One year,false,Electronic check,62.26,3299.78,true
CUST-04654,Female,0,true,false,36,true,false,Fiber optic,true,false,true,false,false,true,Two year,false,Credit card (automatic),101.57,3656.52,false
CUST-04655,Male,0,false,true,51,false,false,Fiber optic,false,true,true,false,false,false,Two year,false,Mailed check,88.37,4506.87,false
CUST-04656,Male,0,true,true,34,true,false,Fiber optic,true,true,true,true,false,false,One year,false,Bank transfer (automatic),59.92,2037.28,false
CUST-04657,Male,1,false,true,67,false,false,Fiber optic,true,true,true,false,false,true,Two year,true,Credit card (automatic),114.91,7698.97,false
CUST-04658,Male,1,false,true,43,true,true,Fiber optic,true,true,true,false,false,true,Two year,true,Electronic check,87.41,3758.63,false
CUST-04659,Female,0,true,true,52,false,true,DSL,false,false,true,false,true,true,Month-to-month,false,Credit card (automatic),92.25,4797,true
CUST-04660,Female,0,false,false,37,false,false,No,false,false,true,false,true,false,Month-to-month,false,Bank transfer (automatic),116.1,4295.7,true
CUST-04661,Male,0,true,false,22,false,false,DSL,false,false,true,true,true,false,Two year,true,Credit card (automatic),56.38,1240.36,false
CUST-04662,Female,0,true,true,12,false,true,DSL,true,true,true,false,true,true,Two year,true,Mailed check,57.6,691.2,false
CUST-04663,Female,0,true,false,5,false,true,DSL,false,false,true,false,true,true,One year,false,Mailed check,100.25,501.25,false
CUST-04664,Male,0,true,false,29,false,false,Fiber optic,true,false,true,false,false,true,Two year,true,Credit card (automatic),23.98,695.42,false
CUST-04665,Female,0,true,false,8,true,false,Fiber optic,false,true,true,false,true,false,Month-to-month,false,Electronic check,21.86,174.88,false
CUST-04666,Male,1,true,false,18,false,false,DSL,true,false,false,false,true,false,Month-to-month,true,Mailed check,88.06,1585.08,true
CUST-04667,Male,0,false,true,51,false,false,DSL,true,false,true,false,true,true,Month-to-month,false,Bank transfer (automatic),27.91,1423.41,true
CUST-04668,Male,0,true,true,4,false,true,Fiber optic,true,true,false,false,true,false,Month-to-month,true,Mailed check,101.2,404.8,false
CUST-04669,Female,0,false,true,22,false,true,No,false,false,false,true,true,false,One year,false,Bank transfer (automatic),62.61,1377.42,true
CUST-04670,Female,0,true,true,41,true,false,No,true,true,true,false,false,true,Two year,false,Credit card (automatic),60.47,2479.27,false
CUST-04671,Female,0,true,false,12,true,true,DSL,false,true,true,false,true,false,Month-to-month,true,Electronic check,45.96,551.52,true
CUST-04672,Male,0,true,true,56,false,false,No,false,true,false,true,true,true,Two year,false,Bank transfer (automatic),74.75,4186,false
CUST-04673,Female,0,true,true,26,true,false,DSL,true,false,false,true,true,false,One year,false,Credit card (automatic),28.77,748.02,false
CUST-04674,Female,0,false,true,26,true,true,Fiber optic,false,true,true,true,false,false,Two year,true,Electronic check,88.82,2309.32,false
CUST-04675,Male,1,true,true,66,true,false,No,false,true,true,true,false,false,Two year,true,Credit card (automatic),97.64,6444.24,false
CUST-04676,Female,0,true,true,26,true,false,DSL,false,true,false,false,false,true,Month-to-month,false,Credit card (automatic),46.85,1218.1,false
CUST-04677,Female,0,true,true,66,true,false,No,false,true,true,true,false,false,One year,true,Credit card (automatic),20.2,1333.2,false
CUST-04678,Male,0,true,true,29,true,true,No,false,false,false,false,true,true,One year,false,Electronic check,45.51,1319.79,false
CUST-04679,Male,1,true,true,62,false,true,No,true,false,true,true,false,false,One year,false,Electronic check,55.42,3436.04,false
CUST-04680,Female,0,false,true,24,true,false,Fiber optic,false,false,false,false,false,true,Month-to-month,true,Credit card (automatic),89.68,2152.32,false
CUST-04681,Male,0,true,false,58,true,false,DSL,false,false,true,false,false,false,Month-to-month,false,Bank transfer (automatic),80.79,4685.82,false
CUST-04682,Male,0,true,true,56,true,true,No,true,true,true,false,true,true,One year,true,Bank transfer (automatic),96.18,5386.08,false
CUST-04683,Male,0,true,true,45,false,true,DSL,false,false,true,true,true,false,One year,true,Bank transfer (automatic),108.67,4890.15,false
CUST-04684,Male,0,true,true,66,false,true,Fiber optic,true,true,true,true,false,false,Two year,true,Credit card (automatic),118.96,7851.36,false
CUST-04685,Male,0,true,false,38,false,true,No,true,false,false,true,false,false,Month-to-month,false,Bank transfer (automatic),44.72,1699.36,true
CUST-04686,Male,0,true,true,59,true,true,DSL,false,true,false,true,false,true,Month-to-month,false,Credit card (automatic),62.17,3668.03,true
CUST-04687,Female,0,false,false,15,false,true,Fiber optic,false,false,true,false,false,true,One year,true,Mailed check,82,1230,false
CUST-04688,Female,1,true,true,58,true,true,No,false,false,true,false,false,true,Two year,true,Bank transfer (automatic),64.29,3728.82,false
CUST-04689,Female,1,true,false,22,true,false,No,true,true,true,true,true,false,Month-to-month,true,Mailed check,31.69,697.18,false
CUST-04690,Female,0,true,false,23,false,false,DSL,true,false,true,true,true,false,One year,false,Mailed check,85.12,1957.76,false
CUST-04691,Male,0,true,true,47,false,false,Fiber optic,false,false,false,false,false,true,One year,true,Mailed check,48.76,2291.72,true
CUST-04692,Female,0,true,true,2,true,false,No,false,false,false,true,true,false,Month-to-month,false,Electronic check,74.97,149.94,false
CUST-04693,Female,0,false,true,35,true,true,DSL,false,true,true,false,true,false,Two year,true,Bank transfer (automatic),61.04,2136.4,false
CUST-04694,Male,1,true,false,5,true,true,No,false,true,true,true,false,false,Two year,true,Bank transfer (automatic),59.49,297.45,false
CUST-04695,Female,1,false,false,13,false,false,DSL,false,true,true,false,true,true,Month-to-month,false,Bank transfer (automatic),82.63,1074.19,false
CUST-04696,Female,0,true,false,33,true,false,DSL,false,false,true,false,false,true,Month-to-month,false,Bank transfer (automatic),60.35,1991.55,false
CUST-04697,Male,0,false,false,57,true,false,DSL,false,true,true,true,false,true,Two year,false,Electronic check,83.44,4756.08,false
CUST-04698,Male,0,false,true,38,false,true,DSL,true,false,false,false,false,false,One year,true,Mailed check,85.69,3256.22,false
CUST-04699,Female,1,true,true,23,false,true,DSL,false,true,true,true,false,true,Two year,false,Bank transfer (automatic),50.25,1155.75,false
CUST-04700,Male,0,false,true,39,true,false,Fiber optic,false,true,false,false,true,false,Two year,false,Mailed check,36.18,1411.02,false
CUST-04701,Male,0,true,true,68,true,false,Fiber optic,true,false,false,true,true,true,Month-to-month,false,Bank transfer (automatic),115.19,7832.92,true
CUST-04702,Male,0,false,false,24,false,true,Fiber optic,true,false,true,false,false,false,Month-to-month,true,Bank transfer (automatic),49.75,1194,false
CUST-04703,Male,0,false,false,21,true,true,DSL,false,true,true,true,true,false,One year,true,Electronic check,118.26,2483.46,false
CUST-04704,Male,0,true,false,19,false,false,DSL,false,true,false,true,false,true,Two year,true,Mailed check,105.06,1996.14,false
CUST-04705,Female,0,true,false,48,false,true,DSL,false,true,false,false,false,false,Month-to-month,false,Credit card (automatic),26.65,1279.2,false
CUST-04706,Female,0,true,false,11,true,false,DSL,true,false,false,true,false,false,Two year,false,Electronic check,58.77,646.47,false
CUST-04707,Female,0,true,false,13,true,false,DSL,true,true,true,false,false,false,Two year,false,Bank transfer (automatic),119.02,1547.26,false
CUST-04708,Male,0,false,true,65,true,true,Fiber optic,true,true,false,false,false,false,Month-to-month,true,Mailed check,94.63,6150.95,false
CUST-04709,Male,0,false,false,69,true,true,Fiber optic,false,true,false,false,true,false,One year,false,Mailed check,101.94,7033.86,false
CUST-04710,Male,0,false,false,2,false,false,No,false,false,false,false,true,false,Two year,true,Bank transfer (automatic),86.63,173.26,false
CUST-04711,Male,0,true,true,17,false,false,No,true,false,false,true,false,false,Month-to-month,false,Electronic check,87.69,1490.73,false
CUST-04712,Female,0,true,true,63,false,false,No,true,false,true,true,false,true,Two year,false,Electronic check,37.1,2337.3,false
CUST-04713,Female,1,true,true,17,true,false,DSL,false,true,true,true,true,false,Month-to-month,false,Mailed check,75.51,1283.67,false
CUST-04714,Female,1,true,false,47,false,true,Fiber optic,false,true,false,false,true,true,One year,false,Credit card (automatic),113.39,5329.33,false
CUST-04715,Male,0,false,false,34,false,false,Fiber optic,false,false,true,true,true,false,Two year,false,Credit card (automatic),96.49,3280.66,false
CUST-04716,Male,0,false,true,62,true,true,DSL,false,false,false,true,true,true,Two year,false,Mailed check,64.61,4005.82,false
CUST-04717,Male,0,false,false,43,false,true,No,true,true,true,false,false,false,Two year,false,Bank transfer (automatic),74.8,3216.4,false
CUST-04718,Female,0,false,true,20,false,true,DSL,true,false,false,true,true,false,Month-to-month,false,Bank transfer (automatic),97.28,1945.6,false
CUST-04719,Male,0,false,true,64,true,true,DSL,true,true,true,true,false,false,Month-to-month,false,Credit card (automatic),32.94,2108.16,false
CUST-04720,Female,0,true,true,31,false,true,Fiber optic,false,false,true,true,false,true,Month-to-month,false,Credit card (automatic),70.79,2194.49,false
CUST-04721,Male,0,true,true,13,true,false,Fiber optic,true,true,true,true,false,false,One year,false,Credit card (automatic),94.33,1226.29,false
CUST-04722,Male,0,false,true,35,false,false,No,true,false,false,true,true,true,Two year,false,Mailed check,51.26,1794.1,false
CUST-04723,Female,0,false,true,24,false,true,No,false,true,false,false,false,true,Two year,true,Mailed check,58.54,1404.96,false
CUST-04724,Male,1,true,false,4,true,false,DSL,true,true,false,false,false,false,Two year,false,Mailed check,52.62,210.48,false
CUST-04725,Female,0,true,false,5,true,false,Fiber optic,false,true,false,false,false,false,Two year,false,Credit card (automatic),23.03,115.15,false
CUST-04726,Female,1,false,true,10,false,false,No,true,true,false,true,false,true,Month-to-month,false,Mailed check,96.54,965.4,true
CUST-04727,Male,0,false,false,2,false,true,Fiber optic,false,false,true,true,false,false,Month-to-month,false,Credit card (automatic),112.81,225.62,true
CUST-04728,Male,0,true,false,67,true,false,No,true,false,false,true,false,false,One year,true,Electronic check,64.95,4351.65,false
CUST-04729,Male,1,true,true,8,false,true,DSL,true,false,false,false,true,false,One year,false,Bank transfer (automatic),45.74,365.92,true
CUST-04730,Female,0,false,true,62,false,true,Fiber optic,false,false,true,false,false,true,One year,true,Mailed check,55.28,3427.36,false
CUST-04731,Female,1,true,false,63,true,true,Fiber optic,false,false,false,false,true,false,One year,true,Electronic check,21.85,1376.55,false
CUST-04732,Male,0,false,false,9,true,true,No,true,true,true,false,false,false,One year,false,Mailed check,112.17,1009.53,false
CUST-04733,Female,0,false,false,35,true,false,No,true,false,true,false,false,true,One year,true,Mailed check,79.38,2778.3,false
CUST-04734,Female,1,true,false,28,false,true,Fiber optic,true,true,true,true,true,false,Two year,false,Credit card (automatic),26.64,745.92,false
CUST-04735,Male,0,false,false,20,false,true,No,false,false,false,true,false,false,One year,false,Bank transfer (automatic),102.76,2055.2,false
CUST-04736,Female,0,false,false,43,false,true,Fiber optic,true,false,false,true,true,false,Two year,true,Bank transfer (automatic),80.4,3457.2,false
CUST-04737,Female,0,true,false,23,true,false,DSL,false,true,false,false,true,false,Month-to-month,false,Mailed check,93.27,2145.21,false
CUST-04738,Male,0,true,true,40,true,false,No,true,true,false,false,true,true,Two year,true,Bank transfer (automatic),117,4680,false
CUST-04739,Male,1,true,true,23,true,false,DSL,false,true,false,false,true,true,One year,true,Bank transfer (automatic),48.67,1119.41,false
CUST-04740,Male,0,false,true,49,true,true,DSL,false,true,true,true,false,false,Two year,false,Credit card (automatic),84,4116,false
CUST-04741,Female,0,true,false,19,true,false,Fiber optic,true,true,true,true,true,false,One year,true,Mailed check,28.68,544.92,false
CUST-04742,Female,0,true,true,56,true,false,No,false,true,true,true,true,false,Two year,true,Mailed check,55.28,3095.68,false
CUST-04743,Male,0,false,false,50,false,false,No,false,false,true,false,true,false,Month-to-month,true,Mailed check,82.76,4138,true
CUST-04744,Male,0,true,true,22,true,false,No,false,false,true,true,true,false,Two year,true,Mailed check,53.16,1169.52,false
CUST-04745,Male,0,false,true,49,true,false,No,false,false,true,true,false,false,One year,false,Bank transfer (automatic),47.73,2338.77,false
CUST-04746,Male,0,true,false,16,false,false,Fiber optic,true,false,true,true,true,true,Two year,true,Mailed check,89.49,1431.84,false
CUST-04747,Male,0,true,true,48,false,false,DSL,true,false,false,false,true,true,Two year,false,Credit card (automatic),116.43,5588.64,false
CUST-04748,Male,0,true,true,59,false,true,No,true,false,false,false,true,true,One year,false,Mailed check,41.64,2456.76,false
CUST-04749,Female,1,true,false,38,false,true,Fiber optic,true,true,true,true,true,true,Month-to-month,false,Electronic check,29.87,1135.06,false
CUST-04750,Male,0,false,false,49,false,false,No,false,false,true,false,true,true,Two year,false,Bank transfer (automatic),117.85,5774.65,false
CUST-04751,Male,0,true,true,62,true,false,Fiber optic,false,false,false,true,false,false,Two year,false,Mailed check,37,2294,false
CUST-04752,Male,0,false,true,59,true,false,No,false,true,false,false,false,true,Month-to-month,true,Electronic check,48.17,2842.03,false
CUST-04753,Male,0,false,true,59,false,false,DSL,true,false,false,false,false,false,Two year,true,Electronic check,23.77,1402.43,false
CUST-04754,Female,0,true,true,12,true,true,Fiber optic,false,false,true,true,false,true,Month-to-month,true,Credit card (automatic),26.88,322.56,true
CUST-04755,Female,0,true,false,11,true,true,DSL,true,true,false,false,false,false,Two year,false,Credit card (automatic),26.93,296.23,false
CUST-04756,Male,0,false,false,50,false,true,No,false,false,false,false,true,false,Month-to-month,true,Bank transfer (automatic),115.28,5764,true
CUST-04757,Male,0,true,false,36,true,true,Fiber optic,true,true,false,false,false,false,One year,false,Credit card (automatic),87.09,3135.24,false
CUST-04758,Female,0,true,true,19,true,false,DSL,false,true,false,true,true,false,Two year,true,Bank transfer (automatic),31.78,603.82,false
CUST-04759,Female,0,true,false,24,false,false,DSL,true,false,false,false,false,false,Two year,true,Credit card (automatic),41.91,1005.84,false
CUST-04760,Male,0,true,false,52,false,false,DSL,false,false,false,false,false,false,Two year,true,Bank transfer (automatic),64.91,3375.32,false
CUST-04761,Male,0,true,false,7,true,false,DSL,false,true,false,true,true,true,One year,false,Mailed check,20.12,140.84,true
CUST-04762,Female,1,true,false,5,false,true,Fiber optic,false,false,true,true,true,false,Two year,true,Bank transfer (automatic),89.58,447.9,false
CUST-04763,Male,1,true,true,48,false,true,No,false,true,false,false,true,false,Month-to-month,true,Bank transfer (automatic),32.07,1539.36,false
CUST-04764,Female,0,true,false,42,true,false,No,true,false,true,true,false,true,Two year,false,Credit card (automatic),30.52,1281.84,false
CUST-04765,Male,1,false,false,47,true,true,Fiber optic,true,false,true,true,false,true,One year,true,Bank transfer (automatic),24.77,1164.19,true
CUST-04766,Female,1,false,false,13,true,true,No,false,true,true,true,true,false,Month-to-month,true,Electronic check,110.66,1438.58,false
CUST-04767,Male,0,false,true,22,true,false,No,false,true,true,false,false,true,One year,true,Bank transfer (automatic),58.23,1281.06,false
CUST-04768,Female,0,false,true,35,true,false,Fiber optic,true,true,true,false,false,true,One year,false,Electronic check,42.92,1502.2,false
CUST-04769,Female,0,true,true,65,false,true,Fiber optic,true,false,true,true,true,true,One year,true,Bank transfer (automatic),75.15,4884.75,false
CUST-04770,Male,0,true,true,50,false,false,No,false,true,false,true,true,true,One year,true,Credit card (automatic),56.23,2811.5,false
CUST-04771,Female,1,false,false,69,false,true,No,false,false,true,false,false,false,Month-to-month,false,Credit card (automatic),57.33,3955.77,true
CUST-04772,Female,0,true,false,59,true,false,Fiber optic,false,true,false,false,true,true,Month-to-month,true,Bank transfer (automatic),77.62,4579.58,false
CUST-04773,Female,0,true,true,61,true,true,DSL,true,false,true,false,false,true,One year,true,Electronic check,89.13,5436.93,true
CUST-04774,Female,0,true,true,1,false,true,No,true,false,true,true,false,true,Month-to-month,false,Bank transfer (automatic),65.55,65.55,false
CUST-04775,Female,0,false,true,67,true,true,DSL,false,true,true,false,false,true,Two year,true,Mailed check,102.09,6840.03,true
CUST-04776,Male,0,false,false,20,false,true,No,true,true,false,true,false,true,One year,true,Electronic check,97.58,1951.6,false
CUST-04777,Male,1,true,false,62,false,false,Fiber optic,false,false,true,false,false,true,One year,true,Mailed check,58.75,3642.5,false
CUST-04778,Male,0,false,true,29,true,false,Fiber optic,true,false,false,false,true,false,One year,true,Bank transfer (automatic),73.21,2123.09,false
CUST-04779,Female,0,false,false,37,true,true,No,true,false,true,true,true,false,Month-to-month,false,Electronic check,86.21,3189.77,false
CUST-04780,Male,1,false,false,40,true,false,Fiber optic,true,false,true,true,false,true,Two year,false,Mailed check,73.73,2949.2,false
CUST-04781,Female,0,false,false,62,true,false,DSL,false,false,false,true,true,false,Two year,true,Electronic check,115.45,7157.9,false
CUST-04782,Male,0,true,false,66,false,true,DSL,true,true,false,false,false,true,Month-to-month,false,Mailed check,48.72,3215.52,false
CUST-04783,Male,0,true,true,22,false,false,DSL,false,false,true,true,true,true,Month-to-month,false,Mailed check,25.75,566.5,true
CUST-04784,Male,0,true,true,63,true,false,DSL,true,false,false,true,false,false,One year,true,Electronic check,25.7,1619.1,false
CUST-04785,Female,0,false,true,31,false,false,Fiber optic,false,false,false,true,false,true,One year,false,Bank transfer (automatic),104.99,3254.69,false
CUST-04786,Male,0,true,true,8,false,true,No,true,false,false,false,true,true,One year,true,Mailed check,47.1,376.8,false
CUST-04787,Male,1,true,false,29,false,false,No,true,false,true,false,false,true,One year,false,Electronic check,109.38,3172.02,false
CUST-04788,Female,1,false,false,39,true,false,Fiber optic,false,true,false,true,false,true,One year,true,Mailed check,35.3,1376.7,true
CUST-04789,Male,1,false,false,68,true,true,Fiber optic,true,true,true,true,true,false,Month-to-month,false,Mailed check,113.06,7688.08,false
CUST-04790,Female,1,true,false,2,true,false,No,true,true,true,true,true,false,One year,true,Mailed check,34.69,69.38,true
CUST-04791,Male,1,false,false,36,false,false,No,true,true,false,true,false,true,Month-to-month,false,Electronic check,73.06,2630.16,false
CUST-04792,Male,1,false,true,52,true,true,Fiber optic,true,true,true,true,false,false,One year,false,Credit card (automatic),87.92,4571.84,false
CUST-04793,Male,0,true,true,72,true,true,DSL,true,true,false,true,true,false,Month-to-month,true,Electronic check,118.28,8516.16,false
CUST-04794,Female,1,true,true,69,true,true,Fiber optic,true,false,false,true,false,true,One year,true,Electronic check,65.55,4522.95,false
CUST-04795,Male,0,false,false,69,false,false,Fiber optic,true,true,false,true,false,true,Month-to-month,true,Mailed check,73.96,5103.24,false
CUST-04796,Female,0,true,true,2,true,false,No,true,true,true,false,true,false,Month-to-month,false,Bank transfer (automatic),84.13,168.26,false
CUST-04797,Female,0,false,false,55,false,true,No,true,true,false,true,false,false,One year,true,Bank transfer (automatic),110.5,6077.5,false
CUST-04798,Female,0,true,true,47,false,true,Fiber optic,true,false,true,true,false,false,Month-to-month,false,Credit card (automatic),100.9,4742.3,false
CUST-04799,Female,0,false,true,72,true,false,No,false,true,false,false,true,true,Month-to-month,false,Bank transfer (automatic),41.46,2985.12,true
CUST-04800,Male,0,false,true,43,false,false,No,false,false,true,false,false,true,Month-to-month,true,Electronic check,66.16,2844.88,true
CUST-04801,Male,0,true,true,45,false,false,No,false,false,true,false,true,true,Two year,true,Bank transfer (automatic),25.48,1146.6,false
CUST-04802,Female,0,false,true,70,true,true,Fiber optic,false,false,true,false,true,true,Two year,false,Bank transfer (automatic),24.39,1707.3,false
CUST-04803,Female,1,true,true,15,true,true,Fiber optic,false,true,false,true,false,true,Two year,true,Credit card (automatic),34.08,511.2,false
CUST-04804,Male,0,true,false,62,false,true,No,false,true,true,true,false,true,One year,false,Credit card (automatic),68.15,4225.3,false
CUST-04805,Female,0,false,true,8,true,false,No,false,true,true,true,false,true,One year,false,Bank transfer (automatic),69.84,558.72,false
CUST-04806,Male,0,false,true,21,false,false,DSL,true,false,false,true,false,false,Month-to-month,false,Mailed check,38.94,817.74,true
CUST-04807,Male,0,false,true,56,false,false,No,true,true,true,false,false,true,Two year,false,Mailed check,54.92,3075.52,false
CUST-04808,Male,0,false,false,20,true,true,No,true,true,false,true,false,true,Two year,true,Mailed check,43.71,874.2,false
CUST-04809,Male,1,true,true,57,false,true,DSL,false,true,true,true,false,false,Two year,false,Bank transfer (automatic),41.6,2371.2,false
CUST-04810,Male,1,false,false,11,false,false,No,true,false,true,false,true,false,Two year,false,Bank transfer (automatic),54.27,596.97,false
CUST-04811,Male,0,false,true,51,false,false,Fiber optic,true,true,true,false,false,false,Month-to-month,false,Electronic check,29.52,1505.52,true
CUST-04812,Male,0,true,false,27,true,true,Fiber optic,false,false,false,false,false,true,Two year,false,Electronic check,77.47,2091.69,false
CUST-04813,Female,0,false,false,2,true,true,DSL,false,true,false,false,false,false,Month-to-month,true,Mailed check,115.61,231.22,true
CUST-04814,Female,1,false,true,67,false,true,No,true,false,true,false,false,false,Month-to-month,false,Bank transfer (automatic),61.66,4131.22,true
CUST-04815,Female,0,true,true,72,true,false,DSL,true,true,true,true,false,false,Month-to-month,false,Electronic check,62.73,4516.56,true
CUST-04816,Male,0,false,true,48,true,true,Fiber optic,true,true,true,true,true,false,Two year,true,Credit card (automatic),93.98,4511.04,false
CUST-04817,Female,0,true,false,71,false,true,DSL,false,true,true,false,true,true,Two year,true,Electronic check,78.95,5605.45,false
CUST-04818,Female,0,true,false,30,true,false,Fiber optic,true,false,false,false,false,true,Two year,false,Mailed check,74.65,2239.5,false
CUST-04819,Female,0,false,false,21,true,true,DSL,true,false,true,false,false,true,Two year,false,Bank transfer (automatic),70.56,1481.76,false
CUST-04820,Male,0,false,false,44,true,false,DSL,true,true,true,false,false,true,Month-to-month,false,Bank transfer (automatic),82.26,3619.44,false
CUST-04821,Female,0,false,true,48,true,true,No,true,false,true,true,true,false,One year,false,Electronic check,86.1,4132.8,true
CUST-04822,Female,0,true,false,17,false,false,DSL,false,true,true,false,false,false,Two year,true,Bank transfer (automatic),26.39,448.63,false
CUST-04823,Male,0,true,true,16,true,false,No,true,true,true,false,false,false,Month-to-month,true,Electronic check,113.89,1822.24,false
CUST-04824,Male,0,false,false,63,false,true,No,true,true,false,true,false,true,Two year,false,Electronic check,47.95,3020.85,false
CUST-04825,Female,0,true,false,21,false,false,DSL,false,true,true,false,false,false,Month-to-month,true,Electronic check,50.24,1055.04,false
CUST-04826,Female,0,true,true,40,true,false,DSL,false,false,true,false,true,false,Two year,true,Mailed check,95.81,3832.4,false
CUST-04827,Female,0,true,false,14,false,true,DSL,true,false,true,true,false,true,Two year,true,Mailed check,41.35,578.9,false
CUST-04828,Female,0,true,true,25,false,true,Fiber optic,true,true,false,true,false,false,One year,true,Credit card (automatic),38.67,966.75,true
CUST-04829,Female,0,true,true,2,false,false,DSL,false,true,false,true,false,true,Two year,true,Bank transfer (automatic),102.31,204.62,false
CUST-04830,Female,0,true,true,10,true,false,DSL,true,false,true,true,false,true,One year,true,Bank transfer (automatic),93.64,936.4,true
CUST-04831,Male,1,true,true,14,false,true,No,false,true,false,false,true,false,Two year,true,Bank transfer (automatic),81.65,1143.1,false
CUST-04832,Female,0,true,true,63,true,false,Fiber optic,true,false,false,true,false,true,Two year,false,Electronic check,38.59,2431.17,false
CUST-04833,Male,0,false,false,61,false,true,DSL,true,false,true,false,true,false,Month-to-month,true,Mailed check,73.6,4489.6,false
CUST-04834,Male,0,true,true,22,false,false,DSL,true,true,false,false,true,false,One year,false,Mailed check,66.33,1459.26,false
CUST-04835,Female,0,true,false,2,true,false,DSL,false,true,false,false,true,false,Two year,true,Bank transfer (automatic),60.06,120.12,false
CUST-04836,Female,0,false,false,24,false,true,DSL,false,false,false,true,true,false,Two year,true,Bank transfer (automatic),79.23,1901.52,false
CUST-04837,Male,1,false,false,4,false,false,No,true,true,true,false,true,true,Two year,true,Bank transfer (automatic),116.13,464.52,false
CUST-04838,Female,1,false,false,45,false,false,No,true,true,false,false,false,true,Month-to-month,true,Bank transfer (automatic),28.57,1285.65,false
CUST-04839,Male,0,false,true,25,false,true,Fiber optic,true,true,false,true,true,true,Month-to-month,true,Mailed check,47.02,1175.5,true
CUST-04840,Female,0,false,true,6,true,false,DSL,true,false,false,true,true,true,Month-to-month,false,Mailed check,112.74,676.44,true
CUST-04841,Female,0,false,false,9,false,false,DSL,true,false,false,false,true,false,Two year,false,Mailed check,29.82,268.38,false
CUST-04842,Female,0,true,true,36,false,false,DSL,false,false,false,true,true,true,Month-to-month,false,Mailed check,37.12,1336.32,false
CUST-04843,Male,1,false,true,67,false,true,Fiber optic,true,false,false,false,true,true,One year,false,Bank transfer (automatic),40.85,2736.95,false
CUST-04844,Female,0,false,true,27,false,false,Fiber optic,false,true,true,true,true,false,Two year,true,Credit card (automatic),25.74,694.98,false
CUST-04845,Male,1,true,true,16,false,false,DSL,true,true,true,false,false,false,One year,false,Electronic check,25.08,401.28,false
CUST-04846,Female,1,true,false,48,false,true,DSL,false,false,true,true,true,true,Month-to-month,true,Mailed check,101.67,4880.16,false
CUST-04847,Female,1,false,false,62,true,false,Fiber optic,false,true,false,false,true,false,Two year,true,Mailed check,48.32,2995.84,false
CUST-04848,Male,0,true,false,3,true,false,No,false,true,false,true,true,true,Two year,true,Electronic check,47.45,142.35,true
CUST-04849,Male,0,true,true,17,true,true,DSL,true,true,false,false,false,false,Two year,false,Electronic check,56.89,967.13,false
CUST-04850,Male,0,true,true,37,false,true,No,false,true,true,false,false,true,Two year,false,Mailed check,103.27,3820.99,true
CUST-04851,Female,0,true,false,72,true,true,DSL,false,false,true,false,false,false,Month-to-month,true,Mailed check,108.57,7817.04,true
CUST-04852,Male,0,false,false,7,true,false,DSL,false,true,false,true,false,true,Month-to-month,true,Electronic check,97.55,682.85,true
CUST-04853,Male,0,false,false,27,false,false,No,true,true,false,false,true,true,Two year,true,Credit card (automatic),57.28,1546.56,false
CUST-04854,Male,0,true,true,50,true,false,DSL,false,true,true,true,false,false,Month-to-month,true,Bank transfer (automatic),68.57,3428.5,true
CUST-04855,Female,0,true,true,5,true,true,No,false,true,true,true,true,true,Two year,false,Credit card (automatic),118.27,591.35,false
CUST-04856,Male,0,true,false,53,false,false,No,false,false,false,true,true,true,Month-to-month,false,Credit card (automatic),70.52,3737.56,false
CUST-04857,Male,0,true,false,50,false,false,No,false,true,true,true,false,false,Month-to-month,false,Mailed check,87.54,4377,false
CUST-04858,Female,0,true,true,39,true,false,Fiber optic,true,true,false,true,false,false,One year,true,Credit card (automatic),62.9,2453.1,false
CUST-04859,Female,1,false,false,62,false,true,No,true,false,true,false,false,false,Two year,true,Credit card (automatic),21.41,1327.42,false
CUST-04860,Female,0,false,false,24,false,true,Fiber optic,false,false,true,true,true,false,Two year,true,Bank transfer (automatic),59.56,1429.44,false
CUST-04861,Female,0,true,true,11,false,false,Fiber optic,true,true,false,false,false,false,Month-to-month,true,Bank transfer (automatic),80.93,890.23,true
CUST-04862,Male,0,false,true,35,false,false,No,true,false,false,true,false,false,One year,true,Credit card (automatic),102.55,3589.25,false
CUST-04863,Male,0,true,false,58,true,false,No,false,false,true,false,true,true,One year,true,Bank transfer (automatic),95.83,5558.14,false
CUST-04864,Male,0,true,true,28,true,false,Fiber optic,true,true,false,true,false,true,One year,false,Credit card (automatic),44.82,1254.96,false
CUST-04865,Female,0,true,true,22,false,true,DSL,true,true,false,false,true,false,Month-to-month,false,Mailed check,104.02,2288.44,false
CUST-04866,Male,1,false,true,18,false,true,DSL,true,true,true,true,false,false,Month-to-month,false,Bank transfer (automatic),93.06,1675.08,true
CUST-04867,Male,0,true,false,28,true,false,Fiber optic,false,false,false,true,true,true,Two year,true,Bank transfer (automatic),111.9,3133.2,false
CUST-04868,Male,0,false,false,29,false,false,No,true,true,false,false,false,true,One year,false,Electronic check,38.17,1106.93,false
CUST-04869,Male,0,false,true,12,false,true,Fiber optic,false,true,false,true,true,true,One year,true,Credit card (automatic),51.23,614.76,false
CUST-04870,Female,0,true,false,10,false,false,DSL,true,false,false,true,true,true,Two year,false,Electronic check,66.89,668.9,false
CUST-04871,Female,0,false,false,64,false,true,Fiber optic,false,false,false,false,false,false,Month-to-month,false,Bank transfer (automatic),117.39,7512.96,true
CUST-04872,Male,0,false,false,43,true,false,Fiber optic,false,false,false,false,true,false,One year,true,Electronic check,27.37,1176.91,true
CUST-04873,Male,0,false,true,63,false,false,DSL,true,true,true,false,false,false,One year,false,Credit card (automatic),74.4,4687.2,false
CUST-04874,Male,0,false,false,48,true,true,DSL,true,true,false,true,false,true,Month-to-month,false,Credit card (automatic),40.61,1949.28,true
CUST-04875,Male,0,false,false,34,true,true,DSL,false,false,false,false,false,true,Two year,true,Electronic check,77.67,2640.78,false
CUST-04876,Male,0,false,false,58,false,true,No,true,false,false,true,true,false,Month-to-month,false,Mailed check,112.42,6520.36,false
CUST-04877,Female,0,false,true,13,true,true,DSL,false,false,true,true,true,true,Two year,false,Mailed check,101.86,1324.18,true
CUST-04878,Male,0,false,false,61,false,true,Fiber optic,true,false,false,true,false,false,Month-to-month,false,Electronic check,112.6,6868.6,true
CUST-04879,Female,0,true,false,70,true,true,No,true,false,true,true,true,false,Month-to-month,true,Bank transfer (automatic),85.66,5996.2,false
CUST-04880,Female,0,true,false,46,true,false,DSL,false,false,false,true,true,true,Two year,true,Mailed check,21.49,988.54,false
CUST-04881,Female,0,true,true,43,true,true,No,false,false,true,false,false,false,Month-to-month,false,Electronic check,75.51,3246.93,false
CUST-04882,Female,0,false,true,35,false,true,DSL,true,false,false,false,false,false,One year,false,Credit card (automatic),33.08,1157.8,false
CUST-04883,Female,0,true,false,56,false,true,DSL,true,false,true,false,true,true,Two year,false,Electronic check,59.2,3315.2,false
CUST-04884,Female,0,false,true,19,false,true,Fiber optic,false,false,false,false,false,false,Month-to-month,true,Bank transfer (automatic),37.47,711.93,false
CUST-04885,Female,0,true,true,5,true,true,DSL,false,true,false,false,true,true,Two year,true,Credit card (automatic),72.01,360.05,false
CUST-04886,Female,0,false,false,14,false,false,DSL,true,false,false,false,false,false,Two year,true,Credit card (automatic),49.9,698.6,false
CUST-04887,Female,0,false,false,66,true,true,No,false,false,true,true,true,true,Month-to-month,true,Bank transfer (automatic),80.98,5344.68,false
CUST-04888,Female,0,false,true,13,false,false,DSL,true,true,false,true,false,true,Two year,false,Mailed check,24.77,322.01,false
CUST-04889,Female,0,false,false,24,true,false,DSL,true,true,true,true,false,true,One year,false,Electronic check,95.54,2292.96,false
CUST-04890,Female,0,false,true,43,false,false,Fiber optic,true,false,true,false,true,true,Two year,false,Mailed check,78.91,3393.13,false
CUST-04891,Male,0,true,false,64,false,true,DSL,false,false,true,true,true,false,Month-to-month,false,Electronic check,69.35,4438.4,true
CUST-04892,Female,0,false,false,11,true,true,DSL,false,false,true,true,true,false,One year,true,Credit card (automatic),78.74,866.14,false
CUST-04893,Female,0,true,false,39,true,true,DSL,false,true,false,false,false,false,One year,false,Electronic check,107.08,4176.12,false
CUST-04894,Male,0,true,false,37,false,false,Fiber optic,false,false,true,false,false,false,Month-to-month,true,Electronic check,98.16,3631.92,true
CUST-04895,Male,0,true,false,66,true,true,Fiber optic,true,false,true,false,false,true,Two year,true,Mailed check,77.78,5133.48,false
CUST-04896,Female,0,true,false,39,true,true,DSL,true,true,false,true,true,true,Month-to-month,false,Credit card (automatic),69.08,2694.12,false
CUST-04897,Female,1,false,true,14,true,true,DSL,true,true,false,true,false,true,One year,true,Mailed check,97.44,1364.16,false
CUST-04898,Female,0,false,true,55,false,false,DSL,true,false,false,false,false,true,One year,false,Credit card (automatic),42.36,2329.8,false
CUST-04899,Female,0,false,false,23,false,true,Fiber optic,true,false,false,false,false,false,Month-to-month,true,Mailed check,70.07,1611.61,true
CUST-04900,Female,1,false,false,24,true,false,DSL,true,true,false,false,false,false,One year,false,Bank transfer (automatic),41.7,1000.8,false
CUST-04901,Male,0,true,true,62,false,true,No,true,false,true,false,true,true,Month-to-month,true,Electronic check,89.64,5557.68,true
CUST-04902,Male,0,true,true,50,true,false,Fiber optic,false,false,true,false,true,false,One year,true,Bank transfer (automatic),91.04,4552,true
CUST-04903,Female,0,true,false,68,false,false,Fiber optic,false,true,true,true,false,true,One year,true,Mailed check,83.23,5659.64,false
CUST-04904,Male,0,true,true,1,false,true,No,true,false,false,false,true,true,One year,false,Credit card (automatic),72.15,72.15,false
CUST-04905,Male,0,false,true,64,true,true,DSL,true,false,false,true,true,false,Two year,true,Bank transfer (automatic),74.96,4797.44,false
CUST-04906,Male,0,true,true,41,true,false,Fiber optic,true,false,true,true,false,false,Two year,true,Electronic check,52.4,2148.4,false
CUST-04907,Female,0,false,false,14,true,false,DSL,false,true,true,false,false,false,Month-to-month,true,Credit card (automatic),103.69,1451.66,false
CUST-04908,Male,0,false,true,52,false,false,No,false,true,true,true,true,true,One year,true,Mailed check,112.81,5866.12,false
CUST-04909,Female,0,false,false,60,false,false,No,false,true,true,true,false,false,Two year,false,Bank transfer (automatic),36.4,2184,false
CUST-04910,Male,1,false,true,58,false,true,DSL,false,false,true,false,false,false,Two year,false,Credit card (automatic),91.93,5331.94,true
CUST-04911,Female,0,false,false,28,false,false,Fiber optic,false,false,false,true,true,false,Month-to-month,true,Credit card (automatic),31.44,880.32,false
CUST-04912,Male,1,false,false,27,true,false,Fiber optic,true,true,false,false,true,false,Month-to-month,false,Electronic check,67.46,1821.42,false
CUST-04913,Female,0,false,false,64,false,false,Fiber optic,false,false,true,true,false,true,One year,false,Mailed check,105.89,6776.96,true
CUST-04914,Male,0,true,true,14,true,true,DSL,true,false,false,false,false,true,Two year,false,Bank transfer (automatic),26.77,374.78,false
CUST-04915,Male,0,true,true,45,false,false,DSL,false,false,false,true,true,false,One year,true,Mailed check,113.02,5085.9,false
CUST-04916,Female,1,true,false,33,false,false,No,true,false,true,true,true,false,One year,false,Electronic check,87.75,2895.75,false
CUST-04917,Female,0,false,false,27,true,false,DSL,false,false,false,true,false,true,Month-to-month,true,Bank transfer (automatic),118.89,3210.03,true
CUST-04918,Female,0,false,true,67,false,true,No,true,true,true,false,false,false,One year,false,Electronic check,20.92,1401.64,false
CUST-04919,Female,0,false,true,55,true,true,DSL,true,true,false,false,false,false,Month-to-month,false,Mailed check,69.67,3831.85,true
CUST-04920,Male,0,false,true,34,false,false,No,false,false,false,false,true,false,Two year,true,Mailed check,97.06,3300.04,false
CUST-04921,Female,0,false,false,66,false,false,Fiber optic,false,true,true,true,false,false,Two year,true,Credit card (automatic),87.66,5785.56,false
CUST-04922,Female,0,false,false,66,true,false,DSL,true,true,true,false,true,false,Two year,true,Credit card (automatic),63.35,4181.1,false
CUST-04923,Male,0,false,false,10,false,true,Fiber optic,true,true,false,true,false,false,Month-to-month,false,Bank transfer (automatic),28.33,283.3,false
CUST-04924,Male,0,false,false,13,true,true,DSL,false,false,false,false,true,false,Month-to-month,true,Mailed check,65.14,846.82,true
CUST-04925,Male,0,false,false,9,false,true,Fiber optic,true,true,true,false,true,false,Two year,true,Mailed check,108.92,980.28,false
CUST-04926,Female,1,false,true,4,false,true,No,false,true,false,true,true,true,Month-to-month,false,Bank transfer (automatic),91.46,365.84,true
CUST-04927,Female,0,false,true,11,true,false,DSL,true,true,false,true,true,true,Month-to-month,false,Bank transfer (automatic),88.52,973.72,true
CUST-04928,Female,1,true,false,10,false,false,Fiber optic,false,true,true,true,false,true,Two year,true,Mailed check,90.38,903.8,false
CUST-04929,Male,0,true,false,7,false,false,Fiber optic,false,true,false,true,false,false,Month-to-month,false,Electronic check,27.89,195.23,true
CUST-04930,Female,0,false,true,41,false,true,DSL,false,true,false,true,false,true,One year,false,Credit card (automatic),34.97,1433.77,false
CUST-04931,Male,1,true,true,50,true,true,DSL,true,false,true,true,false,false,Month-to-month,false,Mailed check,43.66,2183,false
CUST-04932,Female,0,true,false,12,true,true,No,true,false,true,false,false,false,Month-to-month,true,Electronic check,77.28,927.36,true
CUST-04933,Female,0,false,false,22,true,true,DSL,false,true,true,true,true,false,One year,true,Bank transfer (automatic),25.27,555.94,true
CUST-04934,Female,1,false,false,10,true,false,DSL,true,false,true,false,true,true,One year,false,Credit card (automatic),20.34,203.4,false
CUST-04935,Female,1,true,true,68,false,true,DSL,false,true,true,false,true,false,One year,true,Mailed check,87.73,5965.64,false
CUST-04936,Female,0,false,false,66,false,false,No,false,false,false,true,false,false,Two year,false,Electronic check,61.51,4059.66,false
CUST-04937,Male,1,true,false,30,false,true,No,true,false,false,false,true,false,Month-to-month,true,Electronic check,53.55,1606.5,false
CUST-04938,Female,1,false,true,41,true,true,No,false,true,false,true,false,false,One year,false,Credit card (automatic),66.62,2731.42,false
CUST-04939,Female,0,false,false,7,true,true,DSL,true,false,true,false,false,true,Month-to-month,false,Mailed check,50.88,356.16,false
CUST-04940,Female,0,true,true,30,true,true,No,true,false,false,true,false,false,One year,false,Bank transfer (automatic),44.98,1349.4,true
CUST-04941,Male,1,false,true,50,true,false,DSL,false,true,true,true,true,false,Two year,false,Electronic check,57.59,2879.5,false
CUST-04942,Male,1,false,true,29,false,false,DSL,true,true,false,true,true,true,One year,true,Bank transfer (automatic),97.29,2821.41,false
CUST-04943,Female,1,true,false,40,false,false,No,false,false,false,false,false,false,Two year,true,Electronic check,73.57,2942.8,false
CUST-04944,Female,1,true,true,38,false,true,No,true,true,false,false,true,true,Month-to-month,false,Credit card (automatic),44.45,1689.1,false
CUST-04945,Female,0,false,false,66,true,true,Fiber optic,false,false,false,false,false,false,One year,true,Electronic check,101.7,6712.2,false
CUST-04946,Female,0,true,false,45,false,false,No,true,false,true,true,true,false,Month-to-month,false,Bank transfer (automatic),117.45,5285.25,true
CUST-04947,Female,0,true,false,18,true,false,DSL,true,false,false,false,false,false,Month-to-month,true,Credit card (automatic),47.81,860.58,true
CUST-04948,Female,0,true,false,69,true,true,No,true,false,true,false,false,false,Two year,true,Credit card (automatic),58.64,4046.16,false
CUST-04949,Male,1,true,true,10,false,true,DSL,true,false,true,false,false,false,Month-to-month,true,Mailed check,109.14,1091.4,false
CUST-04950,Female,0,true,false,40,true,true,No,false,false,false,false,false,false,Two year,true,Mailed check,24.4,976,false
CUST-04951,Female,0,false,true,52,false,true,No,false,true,false,true,false,true,Month-to-month,true,Electronic check,67.58,3514.16,false
CUST-04952,Female,0,true,true,53,true,true,DSL,true,false,false,true,true,false,Two year,true,Credit card (automatic),52.97,2807.41,false
CUST-04953,Male,1,false,true,19,false,true,Fiber optic,true,true,true,true,true,true,Month-to-month,true,Bank transfer (automatic),108.57,2062.83,true
CUST-04954,Male,0,true,false,66,true,true,DSL,true,true,true,false,false,true,Two year,true,Mailed check,109.69,7239.54,false
CUST-04955,Female,0,true,false,61,true,false,No,false,true,true,true,true,false,One year,false,Electronic check,53.76,3279.36,false
CUST-04956,Female,0,true,false,69,false,true,No,false,false,false,false,false,false,Two year,false,Electronic check,77.18,5325.42,false
CUST-04957,Male,1,true,false,50,true,true,No,false,true,false,false,true,false,Two year,false,Electronic check,24.4,1220,false
CUST-04958,Male,0,true,false,60,true,false,Fiber optic,true,false,true,true,false,true,Month-to-month,false,Electronic check,115.02,6901.2,true
CUST-04959,Female,0,false,false,13,false,true,DSL,false,true,false,true,true,false,One year,true,Mailed check,77.8,1011.4,false
CUST-04960,Male,0,false,true,43,false,false,Fiber optic,false,true,true,false,false,true,One year,true,Electronic check,32.28,1388.04,true
CUST-04961,Female,0,true,true,25,true,false,Fiber optic,false,false,false,true,true,false,One year,true,Bank transfer (automatic),109.89,2747.25,false
CUST-04962,Female,0,false,false,18,false,false,DSL,true,true,false,false,false,false,One year,true,Credit card (automatic),31.75,571.5,true
CUST-04963,Female,0,false,true,59,false,true,No,false,false,true,false,false,true,Month-to-month,false,Electronic check,114.47,6753.73,false
CUST-04964,Female,1,false,true,69,true,true,No,true,false,true,false,true,true,One year,false,Bank transfer (automatic),54.24,3742.56,false
CUST-04965,Female,0,false,true,52,false,false,DSL,true,true,false,false,false,false,One year,true,Mailed check,99.75,5187,false
CUST-04966,Female,0,true,true,6,false,false,DSL,true,false,true,false,false,true,Two year,false,Bank transfer (automatic),47.7,286.2,false
CUST-04967,Male,0,false,true,7,false,true,Fiber optic,false,false,true,true,false,true,Two year,false,Mailed check,119.41,835.87,false
CUST-04968,Male,0,true,true,66,true,true,Fiber optic,true,false,true,false,true,false,Two year,false,Mailed check,102.22,6746.52,false
CUST-04969,Female,1,true,true,72,false,true,DSL,true,true,false,false,false,true,One year,false,Credit card (automatic),29.24,2105.28,true
CUST-04970,Female,1,false,false,48,true,true,No,false,false,false,false,false,true,Month-to-month,true,Electronic check,52.9,2539.2,false
CUST-04971,Male,0,false,false,57,false,true,No,true,true,false,false,true,false,Month-to-month,false,Mailed check,86.47,4928.79,true
CUST-04972,Male,0,false,true,17,false,true,DSL,true,true,false,false,true,false,Two year,true,Mailed check,102.8,1747.6,false
CUST-04973,Male,0,true,true,67,true,true,Fiber optic,false,false,false,true,true,false,Two year,true,Credit card (automatic),55.5,3718.5,false
CUST-04974,Male,1,true,false,3,false,false,DSL,true,false,false,false,false,true,Month-to-month,false,Bank transfer (automatic),64.95,194.85,true
CUST-04975,Male,0,false,true,40,true,true,No,true,false,false,false,true,false,Month-to-month,true,Credit card (automatic),52.95,2118,false
CUST-04976,Female,0,true,false,3,true,true,DSL,true,false,false,true,false,true,Month-to-month,true,Bank transfer (automatic),84.86,254.58,false
CUST-04977,Male,0,false,true,72,false,false,No,false,false,false,false,false,false,Two year,true,Bank transfer (automatic),92.51,6660.72,false
CUST-04978,Male,0,true,false,52,true,false,Fiber optic,true,true,true,true,true,false,Two year,false,Mailed check,90.3,4695.6,false
CUST-04979,Female,0,true,false,20,false,false,Fiber optic,true,true,false,true,true,false,Two year,true,Electronic check,37.11,742.2,false
CUST-04980,Male,0,true,true,58,true,false,DSL,false,false,false,true,true,true,Two year,true,Credit card (automatic),114.68,6651.44,false
CUST-04981,Female,0,true,true,45,false,true,DSL,false,true,true,true,false,true,One year,false,Mailed check,109.33,4919.85,false
CUST-04982,Female,1,false,false,17,true,true,DSL,true,false,true,false,true,false,Month-to-month,false,Bank transfer (automatic),57.3,974.1,false
CUST-04983,Male,0,true,false,63,true,false,No,false,true,false,false,true,false,Two year,true,Credit card (automatic),86.28,5435.64,false
CUST-04984,Male,0,false,false,24,true,false,DSL,false,false,true,true,true,false,Month-to-month,true,Mailed check,68.38,1641.12,false
CUST-04985,Female,1,true,false,8,true,false,DSL,false,true,true,true,false,true,Two year,false,Bank transfer (automatic),55.58,444.64,false
CUST-04986,Female,0,false,true,41,false,true,Fiber optic,true,true,false,false,false,false,Two year,false,Bank transfer (automatic),78.46,3216.86,false
CUST-04987,Male,0,false,true,62,true,false,DSL,true,true,false,true,false,false,Two year,false,Credit card (automatic),100.32,6219.84,false
CUST-04988,Female,0,false,false,59,false,false,DSL,false,false,true,true,false,false,Month-to-month,false,Credit card (automatic),98.22,5794.98,true
CUST-04989,Female,0,true,true,17,false,true,No,false,true,true,false,true,false,One year,true,Mailed check,96.35,1637.95,false
CUST-04990,Female,1,false,false,35,false,true,Fiber optic,false,false,false,false,true,false,Month-to-month,false,Mailed check,98.69,3454.15,true
CUST-04991,Female,0,false,false,39,true,false,DSL,false,false,false,false,false,false,One year,false,Mailed check,80.52,3140.28,true
CUST-04992,Female,0,true,false,25,true,true,Fiber optic,true,true,false,false,true,false,One year,false,Electronic check,51.41,1285.25,true
CUST-04993,Male,0,true,false,67,false,true,DSL,true,true,true,true,true,true,Two year,true,Electronic check,106.61,7142.87,false
CUST-04994,Male,0,true,true,68,true,true,Fiber optic,true,true,false,false,true,false,Month-to-month,true,Bank transfer (automatic),57.75,3927,false
CUST-04995,Male,1,true,false,49,true,true,DSL,true,false,true,false,false,false,Two year,false,Electronic check,57.87,2835.63,false
CUST-04996,Female,1,true,true,48,false,true,No,true,true,true,false,true,true,One year,false,Credit card (automatic),106.29,5101.92,false
CUST-04997,Female,0,false,true,25,false,true,Fiber optic,true,false,true,true,false,true,Two year,true,Bank transfer (automatic),56.46,1411.5,false
CUST-04998,Male,1,false,false,52,false,false,No,false,true,false,true,true,true,Month-to-month,true,Credit card (automatic),38.4,1996.8,false
CUST-04999,Female,0,false,true,31,true,false,DSL,false,false,true,true,false,true,Month-to-month,false,Bank transfer (automatic),103.39,3205.09,false