customerID,gender,SeniorCitizen,Partner,Dependents,tenure,PhoneService,MultipleLines,InternetService,OnlineSecurity,OnlineBackup,DeviceProtection,TechSupport,StreamingTV,StreamingMovies,Contract,PaperlessBilling,PaymentMethod,MonthlyCharges,TotalCharges,Churn
0,0,1,0,0,28,1,1,0,0,1,0,0,0,1,2,1,0,112.17,3140.76,0
1,0,1,0,1,39,0,1,1,1,1,1,0,0,1,0,1,3,33.65,1312.35,0
2,0,0,1,1,32,0,1,2,1,1,0,1,0,0,2,0,2,112.13,3588.16,0
3,0,1,0,1,53,1,0,2,0,1,0,1,1,1,1,0,0,89.38,4737.14,0
4,1,0,0,1,7,1,1,2,1,0,0,0,0,1,1,1,1,38.16,267.12,0
5,0,1,0,1,44,1,0,1,0,0,1,0,1,0,2,0,1,51.06,2246.64,0
6,0,1,0,0,31,0,0,2,1,0,1,0,1,0,1,1,0,52.35,1622.85,0
7,0,0,1,0,19,0,0,1,0,0,1,0,1,0,1,1,3,58.99,1120.81,1
8,0,0,1,1,64,0,0,2,1,1,1,1,0,0,1,0,0,113.9,7289.6,1
9,1,1,1,1,27,1,1,1,1,0,0,1,0,0,1,0,3,20.6,556.2,0
10,1,0,1,0,67,1,1,2,0,0,0,1,1,0,0,0,3,32.12,2152.04,0
11,1,0,1,1,49,0,0,0,1,0,0,1,1,1,2,0,2,98.86,4844.14,0
12,0,0,1,1,57,1,0,2,0,1,0,1,0,1,0,0,3,24.76,1411.32,0
13,0,0,1,0,71,0,0,2,0,0,1,0,0,0,1,1,0,49.84,3538.64,0
14,1,1,0,1,42,1,0,0,0,0,1,1,1,1,2,0,1,25.75,1081.5,0
15,1,0,1,1,3,1,0,1,0,0,0,1,1,0,1,1,0,49.29,147.87,0
16,1,0,1,1,35,1,0,0,0,0,0,1,1,0,0,1,0,53.81,1883.35,0
17,1,1,0,0,57,0,1,1,1,0,1,0,1,1,1,0,2,94.14,5365.98,0
18,0,0,0,0,67,1,1,0,1,0,1,1,0,0,0,0,3,83.28,5579.76,1
19,0,0,0,1,26,0,0,0,0,1,0,1,0,1,1,1,0,59.4,1544.4,1
20,1,0,1,1,71,1,0,2,0,0,1,0,0,1,0,1,2,25.42,1804.82,0
21,0,0,0,1,31,0,1,1,1,0,0,1,1,0,0,0,3,52.23,1619.13,0
22,1,0,1,0,66,1,0,2,1,1,0,1,1,0,1,1,3,102.17,6743.22,0
23,0,0,0,0,65,0,1,0,0,1,1,1,0,1,2,1,3,100.42,6527.3,0
24,0,0,0,1,49,0,1,2,1,0,1,1,1,0,0,1,1,75.82,3715.18,1
25,0,0,1,1,32,0,1,1,0,1,0,0,1,1,2,0,1,47.25,1512.0,0
26,0,0,1,0,22,0,0,0,1,1,0,0,0,0,1,1,0,50.26,1105.72,0
27,0,0,0,0,57,1,1,2,0,1,0,0,0,1,0,1,3,99.24,5656.68,0
28,0,0,0,0,46,1,1,1,0,1,1,0,1,1,0,1,3,30.69,1411.74,0
29,0,0,0,0,68,1,1,1,0,1,1,1,1,0,1,1,3,54.17,3683.56,1
30,1,0,0,0,60,1,0,1,1,0,1,0,0,1,1,0,1,54.79,3287.4,0
31,0,1,0,0,48,1,0,1,0,1,1,1,1,1,0,0,0,95.59,4588.32,0
32,1,0,0,0,52,1,1,2,0,1,1,0,1,0,0,0,0,74.81,3890.12,0
33,0,1,0,1,15,0,1,0,1,0,1,1,1,1,1,0,2,80.65,1209.75,0
34,1,0,0,0,48,1,0,1,1,0,1,1,1,0,0,1,1,106.09,5092.32,0
35,0,0,1,0,15,1,1,1,0,0,0,0,1,0,1,1,1,29.77,446.55,0
36,1,0,1,1,6,0,1,0,0,1,1,0,1,0,2,1,2,27.9,167.4,0
37,1,1,1,1,3,0,1,0,0,1,1,0,0,0,1,0,3,70.25,210.75,1
38,0,0,1,0,29,1,1,1,1,0,0,1,0,1,2,0,3,101.18,2934.22,0
39,1,1,1,0,46,0,1,1,0,1,0,1,0,0,1,1,2,47.38,2179.48,0
40,0,0,0,1,46,1,1,1,1,0,0,1,0,1,0,1,2,67.79,3118.34,0
41,0,0,0,1,52,1,0,1,0,1,0,1,0,1,1,1,0,84.68,4403.36,0
42,1,0,0,0,44,0,1,0,1,1,1,0,0,0,1,0,2,38.13,1677.72,1
43,0,0,0,0,50,1,1,2,1,0,0,0,0,0,2,0,0,111.66,5583.0,0
44,1,0,1,0,70,1,1,2,0,1,1,1,0,0,2,1,2,43.14,3019.8,0
45,0,0,0,0,47,0,1,2,0,0,0,1,1,1,1,0,0,68.0,3196.0,0
46,0,0,0,0,72,1,0,1,0,0,0,1,0,0,0,0,1,52.92,3810.24,1
47,0,0,0,0,2,1,1,1,0,1,0,0,0,0,2,0,3,101.52,203.04,0
48,0,1,1,1,27,0,1,1,1,0,1,1,1,0,2,0,1,82.82,2236.14,0
49,0,0,1,1,72,0,1,1,0,1,0,1,1,0,1,1,3,70.74,5093.28,0
50,1,1,1,0,66,1,1,2,0,0,1,1,0,0,0,1,1,100.87,6657.42,1
51,1,0,0,0,71,0,1,2,1,1,0,0,1,0,2,1,2,95.15,6755.65,0
52,1,0,0,1,43,1,1,0,0,0,1,1,0,0,2,0,3,105.97,4556.71,0
53,1,0,1,1,23,1,1,2,1,0,0,1,0,1,1,1,1,95.96,2207.08,0
54,1,1,0,1,61,0,0,2,0,1,1,0,1,1,1,0,2,67.72,4130.92,0
55,1,0,1,0,13,1,0,0,0,0,0,0,0,0,2,1,0,23.7,308.1,0
56,0,1,0,1,20,0,1,0,0,0,1,1,1,0,2,1,1,98.22,1964.4,0
57,0,0,0,1,49,0,0,1,1,0,0,1,0,0,2,1,1,66.41,3254.09,0
58,1,1,0,0,21,0,1,0,0,1,1,1,0,1,2,1,1,46.51,976.71,0
59,0,0,0,0,45,1,1,2,0,1,0,1,0,0,2,1,2,38.03,1711.35,0
60,1,0,0,1,38,0,1,0,1,0,1,1,0,0,1,1,3,56.3,2139.4,0
61,0,0,0,0,52,1,1,1,0,1,0,0,1,1,1,1,0,40.66,2114.32,0
62,1,1,0,0,41,0,1,2,1,1,0,1,1,1,1,1,0,111.94,4589.54,0
63,0,0,1,1,5,1,1,1,0,1,0,1,0,1,1,0,1,20.94,104.7,0
64,1,0,1,1,60,0,1,0,1,1,1,0,1,1,0,0,2,20.84,1250.4,0
65,0,0,1,1,1,1,1,1,1,1,0,1,0,1,0,0,0,68.53,68.53,1
66,1,0,0,0,38,0,0,2,1,0,1,0,1,0,1,0,0,102.11,3880.18,1
67,0,0,1,0,26,0,1,1,1,0,0,0,1,0,1,1,1,25.15,653.9,0
68,1,0,0,1,49,0,0,1,1,1,1,1,0,1,2,0,3,37.05,1815.45,0
69,0,0,0,1,55,0,0,1,0,1,1,1,0,1,1,1,2,31.46,1730.3,0
70,1,0,1,0,43,1,1,2,0,1,1,1,1,0,0,0,3,98.64,4241.52,0
71,1,0,1,0,46,0,0,0,0,1,1,0,0,1,2,1,0,67.9,3123.4,0
72,1,0,1,0,30,0,0,1,1,0,0,0,1,1,1,0,2,20.27,608.1,0
73,1,0,0,1,64,0,0,2,1,1,0,1,1,0,2,1,0,39.02,2497.28,0
74,0,0,1,0,9,0,0,0,1,0,1,0,0,0,2,1,3,110.18,991.62,0
75,0,0,0,0,19,0,0,2,1,0,1,0,1,0,2,1,2,71.71,1362.49,0
76,1,0,0,1,6,1,0,1,0,0,1,1,0,1,0,0,3,29.2,175.2,0
77,1,0,0,0,41,1,0,2,0,0,0,0,1,0,1,0,3,81.47,3340.27,0
78,0,0,0,1,31,0,1,0,1,0,1,0,0,0,2,0,2,79.88,2476.28,0
79,0,0,0,0,70,0,0,2,0,1,1,1,0,1,1,1,0,105.58,7390.6,0
80,1,0,1,0,45,1,1,2,0,0,0,0,0,1,2,1,1,84.2,3789.0,0
81,1,0,1,1,29,1,1,2,1,1,0,1,0,1,0,1,2,33.99,985.71,0
82,1,0,0,0,44,1,0,0,0,0,1,1,1,1,1,0,1,52.49,2309.56,0
83,0,0,0,0,16,1,0,0,1,1,1,1,0,1,1,0,0,96.89,1550.24,0
84,0,0,0,0,56,1,0,1,0,1,1,1,0,0,0,0,0,38.77,2171.12,0
85,0,0,1,1,1,1,0,2,1,1,0,1,1,1,0,1,1,39.88,39.88,0
86,1,0,0,0,35,1,0,0,0,0,1,0,0,0,0,0,2,95.9,3356.5,0
87,0,0,0,1,66,1,1,0,0,0,0,1,1,1,1,1,3,38.81,2561.46,0
88,0,1,1,0,13,0,1,1,1,0,1,1,1,1,1,0,3,109.03,1417.39,0
89,1,0,0,1,18,1,0,1,0,1,0,1,0,0,2,0,2,76.31,1373.58,0
90,0,0,0,0,59,0,0,1,0,0,1,0,1,1,2,1,1,24.5,1445.5,0
91,0,0,0,1,17,0,1,2,0,1,0,1,1,1,2,0,3,29.08,494.36,0
92,0,0,0,0,11,0,1,0,1,1,0,1,0,1,0,1,3,52.9,581.9,0
93,0,0,1,1,27,1,1,2,1,0,1,1,0,0,1,0,3,85.16,2299.32,0
94,0,0,0,0,43,1,0,2,1,1,0,0,0,0,2,1,1,113.9,4897.7,0
95,0,0,0,0,40,0,0,1,0,1,0,1,1,1,1,1,3,49.46,1978.4,0
96,0,0,0,0,14,1,1,0,0,0,0,1,1,1,0,1,2,109.31,1530.34,0
97,1,0,0,1,6,1,1,1,1,1,0,0,0,0,1,1,3,50.11,300.66,0
98,0,0,1,1,11,1,1,0,0,0,1,0,0,1,2,1,0,85.23,937.53,0
99,0,0,1,1,13,1,1,2,1,1,0,1,0,1,0,1,3,100.05,1300.65,1
100,0,0,1,1,8,1,0,1,1,0,1,1,0,0,0,1,0,86.47,691.76,0
101,0,0,0,1,22,1,0,0,1,0,0,0,0,1,0,1,0,29.94,658.68,1
102,0,1,0,1,44,1,0,0,1,0,0,1,0,1,0,0,3,74.6,3282.4,0
103,1,0,0,0,18,1,1,2,1,1,1,0,1,0,0,0,3,98.76,1777.68,1
104,1,0,1,1,66,0,0,1,1,0,1,1,0,1,2,0,3,56.92,3756.72,0
105,1,0,0,1,22,0,1,1,1,1,0,1,1,0,0,0,2,85.37,1878.14,0
106,0,0,0,0,72,1,1,2,1,0,0,0,0,0,1,1,2,46.0,3312.0,1
107,1,1,1,1,50,0,0,0,0,0,0,0,0,1,2,0,0,90.11,4505.5,0
108,1,1,1,0,39,0,0,2,0,0,0,1,1,1,0,1,1,50.11,1954.29,0
109,1,1,1,0,3,1,1,1,0,0,1,0,0,1,2,1,1,80.11,240.33,0
110,0,0,1,0,66,0,0,0,1,0,0,1,1,0,2,1,1,61.59,4064.94,0
111,1,0,0,0,39,0,1,0,0,1,0,0,0,1,2,0,1,44.5,1735.5,0
112,0,0,1,0,43,1,1,1,0,0,1,1,1,1,0,1,1,49.78,2140.54,0
113,0,0,1,1,65,1,0,2,0,1,1,1,0,0,1,1,3,22.19,1442.35,0
114,0,1,0,1,22,1,0,0,1,0,0,1,1,0,2,1,0,105.15,2313.3,0
115,0,0,0,0,64,1,1,2,1,1,0,0,1,1,0,1,2,31.97,2046.08,0
116,1,0,0,0,25,1,0,0,1,0,0,1,0,0,0,1,0,28.84,721.0,0
117,0,0,1,0,28,0,0,1,0,0,0,1,0,1,1,1,2,34.3,960.4,0
118,1,0,1,0,38,1,1,0,1,0,0,1,1,0,0,0,3,70.48,2678.24,0
119,0,0,1,0,23,0,0,2,1,1,1,0,1,1,1,1,3,89.0,2047.0,0
120,0,0,0,0,60,1,1,2,1,1,0,1,0,0,1,0,3,31.31,1878.6,0
121,1,0,0,1,15,1,1,0,1,0,0,0,0,0,0,1,1,33.21,498.15,1
122,1,0,1,1,24,0,0,2,0,0,0,0,0,1,0,0,1,92.9,2229.6,1
123,0,0,1,1,11,1,1,2,0,1,1,0,0,1,1,1,1,83.16,914.76,0
124,1,0,1,1,46,1,1,2,0,0,1,0,1,1,1,1,3,52.26,2403.96,0
125,1,0,1,1,72,1,1,2,1,1,1,1,1,0,0,1,2,54.8,3945.6,0
126,0,0,0,0,69,1,0,2,1,0,0,0,1,0,0,0,1,88.11,6079.59,0
127,0,1,1,1,69,0,0,1,0,1,0,1,1,1,2,1,0,63.78,4400.82,0
128,1,0,0,1,72,0,0,1,1,1,0,1,0,1,0,0,2,37.94,2731.68,0
129,0,1,1,1,46,0,1,2,0,0,1,1,0,1,1,0,2,45.11,2075.06,0
130,0,1,0,0,21,0,1,1,0,0,1,0,1,1,2,1,2,94.94,1993.74,0
131,1,0,0,0,70,0,1,0,1,1,0,0,0,0,0,1,1,43.52,3046.4,1
132,1,0,0,1,36,0,0,0,1,0,1,0,1,1,1,1,0,86.14,3101.04,0
133,1,0,1,1,21,1,1,1,1,1,0,0,0,0,0,0,0,37.07,778.47,1
134,0,1,0,0,16,1,0,2,1,1,0,1,1,1,1,0,2,43.66,698.56,0
135,1,0,0,1,54,1,1,2,1,0,1,0,1,0,0,0,2,96.48,5209.92,0
136,1,0,0,1,40,1,0,1,0,1,0,0,1,1,1,0,1,59.67,2386.8,0
137,0,1,0,1,27,1,1,0,0,0,1,0,0,1,2,1,2,96.93,2617.11,0
138,1,0,0,1,69,0,1,1,1,1,1,0,1,1,0,0,1,82.19,5671.11,0
139,0,0,0,0,3,1,0,0,1,0,1,1,1,1,0,0,0,32.83,98.49,1
140,0,0,0,1,35,0,0,2,0,0,0,1,0,0,0,1,3,87.47,3061.45,0
141,0,0,0,0,36,0,1,1,1,1,0,1,0,0,2,1,1,94.12,3388.32,0
142,0,1,1,1,18,1,0,0,0,1,1,0,1,1,2,1,1,34.21,615.78,0
143,0,0,0,0,68,1,0,2,1,0,1,1,0,0,1,0,1,81.18,5520.24,1
144,1,0,0,0,17,1,0,2,0,1,1,0,1,0,1,1,1,24.24,412.08,1
145,0,0,0,1,72,1,1,0,0,0,1,1,0,1,1,1,1,45.36,3265.92,0
146,0,0,0,1,18,0,0,0,1,0,1,1,0,1,1,1,1,109.23,1966.14,0
147,1,0,1,1,57,1,1,0,0,0,0,1,0,0,1,1,2,35.09,2000.13,0
148,0,1,1,0,56,0,0,1,1,0,1,0,0,1,1,0,0,105.15,5888.4,0
149,0,0,0,1,52,0,1,0,0,1,0,0,1,0,1,1,3,51.29,2667.08,0
150,1,0,0,0,38,1,0,0,1,0,1,0,1,1,0,0,0,25.66,975.08,0
151,0,0,1,1,38,1,0,2,1,0,0,1,0,1,1,1,2,60.76,2308.88,1
152,1,0,1,0,68,0,1,1,0,1,1,0,1,0,1,0,3,114.08,7757.44,0
153,0,0,1,0,35,0,0,0,1,0,1,1,0,1,2,0,3,45.63,1597.05,0
154,1,0,1,1,10,0,1,0,0,0,1,1,0,1,1,0,3,93.49,934.9,0
155,0,0,0,0,10,0,1,2,0,1,0,1,1,0,1,0,1,114.69,1146.9,0
156,1,0,1,1,12,0,1,2,1,0,0,1,0,1,1,1,2,89.02,1068.24,0
157,0,0,1,0,70,0,1,1,0,0,0,1,0,0,2,0,0,96.56,6759.2,0
158,1,0,1,1,63,1,0,0,0,0,1,0,0,0,0,0,2,91.96,5793.48,0
159,0,0,1,0,36,1,1,2,0,1,1,1,0,0,0,0,2,84.36,3036.96,1
160,0,0,1,0,62,1,0,0,1,1,0,0,0,1,2,0,0,23.24,1440.88,0
161,1,0,1,1,52,1,1,2,1,0,0,1,0,1,0,1,2,114.45,5951.4,1
162,1,1,1,1,16,1,1,2,1,0,0,0,0,0,1,1,2,20.52,328.32,0
163,1,1,1,1,9,0,0,2,0,0,1,1,1,0,2,0,1,61.02,549.18,0
164,0,1,0,1,39,0,0,2,1,0,0,0,1,1,2,0,1,103.06,4019.34,0
165,0,0,0,1,60,1,0,1,1,0,1,0,0,0,0,0,3,87.43,5245.8,0
166,1,1,0,1,27,0,0,2,0,1,0,1,0,1,1,1,3,51.46,1389.42,0
167,1,0,1,0,43,1,0,0,0,1,1,1,0,1,1,0,0,34.0,1462.0,1
168,0,0,1,1,58,0,0,2,1,1,1,0,1,0,0,0,3,106.47,6175.26,0
169,0,1,1,0,38,0,1,2,0,1,0,1,1,0,2,0,1,51.92,1972.96,0
170,0,1,0,0,72,0,1,0,1,0,1,1,1,1,0,1,1,65.22,4695.84,0
171,1,0,0,1,66,1,1,0,0,0,0,1,1,1,2,0,0,40.61,2680.26,0
172,1,0,0,0,34,0,0,0,0,0,1,0,1,1,1,1,3,70.34,2391.56,1
173,0,0,1,0,11,1,0,0,1,0,1,0,0,0,1,1,3,118.68,1305.48,0
174,1,1,0,1,37,0,1,2,0,0,0,1,0,1,0,0,0,66.07,2444.59,0
175,0,0,1,1,56,0,1,2,1,0,1,1,1,1,1,1,1,102.22,5724.32,0
176,1,0,1,1,44,0,0,0,1,0,1,1,1,1,0,0,2,92.69,4078.36,0
177,1,0,1,1,57,0,1,0,0,0,0,0,0,1,2,1,1,102.32,5832.24,0
178,1,0,0,1,22,1,1,0,0,0,0,1,0,0,0,1,2,117.44,2583.68,1
179,1,0,1,0,24,1,1,0,1,1,0,1,1,0,2,0,1,20.28,486.72,0
180,0,0,1,1,31,0,0,2,1,0,0,0,0,0,2,0,2,85.96,2664.76,0
181,0,0,0,0,1,0,0,2,0,1,0,0,0,0,0,1,2,44.84,44.84,0
182,0,0,1,0,30,1,1,0,1,1,0,1,0,0,2,1,2,36.28,1088.4,0
183,0,0,0,0,48,1,0,1,0,0,0,0,1,0,1,1,3,86.14,4134.72,0
184,1,0,0,1,3,0,0,2,0,0,0,1,0,1,1,0,3,119.12,357.36,0
185,0,0,1,0,35,0,1,0,0,0,1,1,1,0,2,1,0,92.19,3226.65,0
186,0,1,0,0,57,1,0,1,1,1,0,0,0,0,1,0,0,23.71,1351.47,0
187,0,0,1,0,10,0,1,2,1,0,1,1,1,0,2,0,3,46.75,467.5,0
188,0,0,0,1,27,0,0,2,1,0,1,0,0,1,2,1,3,96.79,2613.33,0
189,0,0,0,1,45,1,1,0,1,0,0,0,1,1,1,1,1,26.43,1189.35,0
190,1,1,0,1,27,0,1,1,0,1,0,0,1,0,1,1,1,107.2,2894.4,0
191,1,0,1,1,49,0,0,0,1,1,1,1,1,0,1,1,0,70.06,3432.94,0
192,0,0,0,1,4,0,1,1,0,1,0,0,0,0,0,1,3,51.08,204.32,1
193,0,1,1,0,32,0,1,2,0,1,1,0,1,1,0,0,2,87.71,2806.72,0
194,1,0,1,1,70,0,0,1,0,1,0,1,0,1,2,0,0,107.8,7546.0,0
195,0,0,1,1,63,1,0,0,1,1,0,0,0,1,0,1,0,47.44,2988.72,1
196,1,0,1,0,53,1,0,0,0,0,1,1,1,1,1,0,0,91.46,4847.38,0
197,1,0,0,0,56,1,1,2,1,0,1,1,0,0,0,0,1,33.18,1858.08,0
198,1,0,1,0,70,1,1,2,0,0,0,0,1,0,1,0,2,31.51,2205.7,0
199,0,0,1,1,31,0,0,1,0,1,1,1,1,0,1,0,1,57.22,1773.82,0
200,0,0,1,0,11,1,1,2,1,1,0,1,1,1,1,1,3,66.76,734.36,0
201,0,0,0,1,72,0,0,0,1,1,1,1,0,0,0,0,0,71.59,5154.48,0
202,1,0,0,1,71,0,0,1,1,1,0,0,1,0,1,0,0,89.46,6351.66,0
203,0,1,0,0,16,0,1,1,0,1,0,1,1,0,0,1,0,102.82,1645.12,0
204,0,0,1,1,46,1,0,1,1,1,0,1,1,1,1,0,2,46.08,2119.68,0
205,1,0,1,0,12,0,1,2,0,0,1,1,0,0,2,1,1,55.47,665.64,0
206,0,0,0,1,64,0,1,1,0,0,0,0,1,1,0,0,1,76.87,4919.68,0
207,1,0,0,0,17,1,1,0,1,0,1,1,0,0,0,1,0,85.85,1459.45,1
208,1,0,1,0,69,1,0,2,0,0,1,1,1,1,2,1,2,114.53,7902.57,0
209,0,0,1,0,70,1,0,2,1,1,1,1,0,1,1,1,1,88.79,6215.3,0
210,1,0,0,0,7,1,1,1,0,0,0,1,1,1,0,1,3,66.37,464.59,0
211,1,0,0,1,60,0,1,0,0,0,1,0,1,1,1,0,3,83.86,5031.6,0
212,1,0,1,1,17,1,1,1,0,0,0,1,1,1,2,1,3,114.61,1948.37,0
213,1,0,1,0,71,0,1,0,0,0,0,0,1,0,0,0,2,110.99,7880.29,0
214,0,0,1,0,71,1,1,2,1,1,1,0,1,0,2,0,1,30.48,2164.08,0
215,1,1,0,0,64,1,0,0,0,0,1,0,0,1,0,1,1,21.9,1401.6,1
216,1,0,1,0,46,0,1,0,1,1,1,1,0,0,1,1,1,90.51,4163.46,0
217,0,0,0,1,45,1,0,1,0,1,1,0,0,0,0,0,3,70.99,3194.55,1
218,1,0,1,0,53,1,1,2,1,0,0,1,0,0,2,1,2,82.48,4371.44,0
219,0,0,0,1,31,1,1,2,1,0,1,1,0,0,2,0,1,112.63,3491.53,0
220,1,0,0,1,54,0,1,0,0,1,0,1,1,1,0,1,1,49.33,2663.82,0
221,0,0,1,1,57,1,0,1,0,0,1,0,1,0,2,0,1,116.57,6644.49,0
222,0,0,0,1,2,0,1,0,1,0,0,1,1,1,0,0,0,95.57,191.14,0
223,1,0,0,0,71,0,1,1,1,0,0,1,1,0,0,0,2,41.88,2973.48,0
224,1,0,1,1,69,0,1,2,0,1,0,0,1,0,1,1,2,54.16,3737.04,0
225,1,0,1,1,41,0,1,0,0,1,0,1,1,0,2,1,1,89.85,3683.85,0
226,1,0,1,0,17,0,1,2,0,1,1,1,0,1,1,1,2,57.22,972.74,0
227,1,0,0,1,33,1,0,1,0,1,0,0,1,1,1,0,2,80.73,2664.09,0
228,0,0,1,0,29,1,1,0,1,1,1,1,0,0,1,0,2,43.77,1269.33,0
229,1,1,1,0,33,1,0,2,0,1,1,1,1,1,2,1,3,26.93,888.69,0
230,1,0,1,0,59,0,0,2,0,1,0,1,0,1,0,0,0,46.54,2745.86,0
231,0,1,1,0,63,1,1,2,0,0,0,0,1,1,1,1,2,84.73,5337.99,0
232,1,0,1,0,2,1,1,1,0,1,1,0,0,0,2,1,3,45.79,91.58,0
233,0,0,0,0,35,1,1,2,0,1,0,0,1,0,1,0,0,44.59,1560.65,0
234,1,0,1,1,27,0,1,2,1,1,0,1,0,1,2,0,1,45.93,1240.11,0
235,1,0,1,1,30,1,0,2,1,1,1,0,1,1,0,1,3,108.38,3251.4,1
236,0,0,1,0,14,0,0,1,1,1,0,0,1,0,1,1,2,64.2,898.8,0
237,1,0,0,1,35,0,1,1,0,0,0,0,1,0,1,0,1,40.85,1429.75,0
238,1,0,0,1,38,0,1,2,0,1,1,0,0,1,2,0,0,56.97,2164.86,0
239,0,0,1,1,56,0,0,0,0,0,0,1,0,0,1,0,3,114.78,6427.68,0
240,1,0,0,0,47,1,0,0,0,1,1,1,0,0,2,1,0,114.9,5400.3,0
241,0,0,1,0,60,1,0,2,1,0,0,1,1,1,1,1,1,35.32,2119.2,0
242,0,0,0,1,36,0,0,0,0,1,0,1,1,0,0,0,2,97.88,3523.68,0
243,0,0,0,0,69,0,1,0,0,0,1,1,1,1,1,1,0,54.78,3779.82,0
244,0,0,1,1,68,0,0,1,1,0,0,1,0,1,1,0,2,38.66,2628.88,0
245,1,1,0,1,7,0,1,2,0,0,0,1,1,1,0,1,2,71.36,499.52,0
246,0,0,0,1,66,0,0,2,1,1,0,1,0,0,0,1,1,107.41,7089.06,0
247,1,0,1,1,49,0,0,1,1,0,0,1,1,1,0,0,2,42.49,2082.01,1
248,0,0,0,1,9,0,0,0,0,1,1,1,0,1,1,0,1,49.91,449.19,0
249,1,0,0,1,49,1,1,1,1,0,1,1,1,0,1,0,0,98.71,4836.79,0
250,0,0,0,0,45,0,0,1,1,0,0,1,0,1,2,0,0,84.71,3811.95,0
251,1,0,0,1,51,1,0,0,1,1,1,0,0,0,0,1,0,86.27,4399.77,0
252,1,0,0,1,71,0,1,1,0,1,1,0,0,0,2,0,1,47.34,3361.14,0
253,0,0,0,0,47,1,1,0,1,1,0,0,1,0,0,1,3,26.42,1241.74,0
254,1,0,0,1,56,1,0,1,1,0,0,1,1,1,1,0,3,80.93,4532.08,1
255,0,1,0,0,59,1,1,0,0,0,1,1,1,1,2,0,2,73.0,4307.0,0
256,1,0,0,0,56,0,0,2,1,1,0,0,1,0,1,1,0,74.07,4147.92,0
257,0,0,1,0,60,1,0,0,1,1,1,0,1,1,2,1,2,115.81,6948.6,0
258,1,0,1,1,54,1,0,2,0,1,0,1,1,1,2,0,0,27.37,1477.98,0
259,0,0,0,0,60,0,1,0,1,0,0,0,1,0,1,0,0,90.91,5454.6,0
260,1,1,0,1,48,0,0,2,0,1,1,1,1,1,2,0,0,117.78,5653.44,0
261,0,0,1,1,38,0,0,2,0,0,1,0,1,0,0,0,2,110.56,4201.28,1
262,0,1,1,1,68,1,1,2,0,0,0,1,1,1,1,0,3,105.01,7140.68,0
263,1,1,0,1,36,0,0,0,0,0,0,1,1,0,2,1,2,80.08,2882.88,0
264,1,0,1,1,27,1,1,2,1,0,0,1,0,1,1,0,0,69.33,1871.91,0
265,0,0,1,0,70,0,0,0,0,0,1,1,0,0,1,1,3,69.34,4853.8,0
266,1,0,1,0,38,1,1,0,0,1,0,0,0,0,2,0,1,90.81,3450.78,0
267,0,0,0,0,71,1,0,1,0,1,1,0,0,1,0,1,2,62.12,4410.52,0
268,1,0,0,0,70,1,0,0,1,1,0,0,1,0,1,0,0,98.04,6862.8,0
269,0,0,1,1,17,0,0,2,1,1,0,0,1,1,0,0,0,118.74,2018.58,0
270,0,1,1,1,43,0,0,0,0,0,1,1,0,1,1,1,1,97.43,4189.49,0
271,1,0,1,0,12,0,0,2,1,1,0,0,0,0,1,0,3,22.38,268.56,0
272,0,0,0,1,57,1,0,0,1,1,0,1,0,1,1,1,1,43.03,2452.71,0
273,1,0,1,0,10,1,1,1,0,0,0,0,1,1,2,0,1,114.07,1140.7,0
274,1,0,1,1,50,1,0,0,0,0,0,0,1,0,1,0,1,114.98,5749.0,0
275,1,0,1,1,28,0,1,0,1,1,1,1,0,0,1,0,3,79.35,2221.8,0
276,0,0,0,0,15,1,1,0,1,1,0,0,0,0,1,1,0,90.14,1352.1,1
277,0,0,1,0,70,0,1,2,0,0,1,1,0,0,0,1,0,112.0,7840.0,1
278,0,0,0,0,19,0,1,1,0,0,1,0,1,1,0,0,0,53.56,1017.64,0
279,1,1,1,0,17,1,0,0,0,0,1,1,1,0,1,0,2,36.46,619.82,0
280,0,0,1,0,55,0,1,2,1,1,1,0,1,0,2,1,0,91.11,5011.05,0
281,1,1,0,0,44,0,1,1,0,1,0,1,1,1,0,0,0,71.52,3146.88,0
282,0,1,0,1,8,0,1,2,1,1,0,1,0,0,0,0,0,57.26,458.08,0
283,0,0,1,0,42,0,0,2,1,0,0,1,1,1,2,0,0,20.47,859.74,0
284,1,0,1,1,5,0,1,1,1,1,1,1,1,1,1,1,0,80.8,404.0,0
285,1,1,0,0,7,0,1,2,1,0,1,0,0,0,2,0,2,89.14,623.98,0
286,0,0,0,0,61,1,0,0,0,0,0,0,0,1,2,1,3,61.22,3734.42,0
287,1,0,0,1,36,1,1,2,1,0,0,1,1,1,2,1,3,73.01,2628.36,0
288,0,0,0,1,57,0,1,2,0,0,1,1,0,1,0,1,3,25.43,1449.51,0
289,0,0,1,1,30,1,1,0,1,1,0,0,0,0,1,0,0,97.6,2928.0,0
290,1,0,1,0,33,0,1,1,1,0,1,1,1,0,2,0,0,115.45,3809.85,0
291,0,0,1,1,45,1,1,2,0,0,0,1,1,0,0,0,3,106.42,4788.9,0
292,0,0,0,0,1,1,0,0,1,0,0,0,1,1,1,1,2,75.61,75.61,0
293,1,1,1,1,34,0,1,2,1,1,1,0,0,1,1,1,1,83.88,2851.92,0
294,0,0,1,1,38,0,1,0,1,1,0,0,1,0,2,0,0,74.19,2819.22,0
295,0,1,1,0,57,0,1,2,1,0,1,0,1,0,2,1,2,101.97,5812.29,0
296,0,0,1,0,31,0,1,2,0,0,0,1,1,1,0,1,1,54.61,1692.91,0
297,1,0,1,0,40,0,0,1,1,0,1,0,1,1,0,1,1,101.11,4044.4,0
298,0,0,0,0,5,1,0,2,1,1,0,1,1,1,0,1,0,63.86,319.3,1
299,1,0,1,0,32,0,1,1,1,0,1,1,1,1,1,1,2,54.32,1738.24,0
300,0,0,0,1,8,0,0,0,1,1,1,0,1,0,2,0,2,113.39,907.12,0
301,0,0,0,0,67,0,1,0,0,1,1,1,0,1,1,0,1,25.28,1693.76,1
302,1,1,0,1,35,1,0,1,1,1,1,1,1,1,1,0,2,70.31,2460.85,0
303,0,0,0,1,10,0,1,0,1,0,0,0,1,1,2,1,2,25.03,250.3,0
304,0,1,1,1,27,1,0,2,1,1,0,1,1,1,2,0,3,114.95,3103.65,0
305,1,1,0,1,49,0,0,1,0,1,0,0,0,1,2,1,3,110.21,5400.29,0
306,1,0,1,0,21,0,0,1,1,1,0,1,1,0,0,1,1,113.52,2383.92,0
307,0,0,0,1,42,1,1,2,1,1,0,1,1,1,2,0,0,71.54,3004.68,0
308,0,0,1,0,14,1,1,1,1,0,1,0,1,1,2,0,1,79.4,1111.6,0
309,0,0,1,1,4,1,0,0,1,0,1,0,0,1,2,0,2,69.61,278.44,0
310,0,1,1,1,54,1,1,2,0,0,0,0,1,1,0,0,1,32.12,1734.48,0
311,1,0,1,1,62,0,1,1,1,1,0,0,1,1,1,1,0,47.87,2967.94,0
312,1,0,1,0,46,0,0,2,0,1,1,0,1,0,0,0,2,62.92,2894.32,0
313,0,1,0,0,2,1,0,0,0,1,0,0,0,1,0,0,2,118.76,237.52,0
314,0,0,1,1,53,0,1,2,0,1,0,1,0,0,1,1,0,45.08,2389.24,0
315,1,0,0,0,51,0,1,0,0,0,0,0,1,0,1,1,2,81.71,4167.21,1
316,0,0,1,1,10,0,0,2,1,0,0,0,0,0,0,0,3,42.96,429.6,1
317,0,0,0,0,60,0,0,0,0,0,0,0,0,0,2,0,1,39.72,2383.2,0
318,0,0,1,0,49,1,1,1,1,0,1,0,0,1,2,0,1,62.5,3062.5,0
319,0,0,0,1,19,1,1,2,1,0,1,0,0,1,0,0,2,117.68,2235.92,0
320,1,0,1,1,60,0,1,0,1,1,1,1,1,1,1,1,3,71.28,4276.8,0
321,1,0,0,0,11,0,1,2,1,0,1,1,1,1,2,1,3,20.13,221.43,0
322,0,0,0,1,43,0,0,1,1,0,0,0,1,1,0,0,3,59.64,2564.52,1
323,0,0,0,1,71,1,1,1,1,1,1,0,0,1,1,1,2,112.05,7955.55,1
324,0,0,0,0,56,0,1,1,0,0,0,0,1,1,1,0,2,110.38,6181.28,0
325,1,0,1,0,18,0,0,1,1,0,0,0,1,0,1,0,3,43.51,783.18,0
326,0,1,1,0,21,0,0,1,1,1,0,0,1,1,1,0,1,103.79,2179.59,1
327,0,0,1,1,72,1,1,0,0,1,0,0,1,0,0,0,0,22.16,1595.52,1
328,0,0,0,1,56,1,1,1,0,0,0,1,1,0,0,1,1,114.53,6413.68,1
329,0,0,0,1,22,0,0,0,1,0,0,1,0,0,0,1,2,27.29,600.38,0
330,0,1,1,0,35,1,1,1,1,1,1,0,1,1,0,0,1,53.6,1876.0,1
331,1,0,0,0,27,0,1,2,0,0,1,0,1,1,2,1,1,69.9,1887.3,0
332,1,0,0,0,18,1,1,0,1,1,0,0,0,1,0,0,0,39.41,709.38,0
333,1,0,1,1,64,1,1,2,0,1,1,1,0,0,0,1,3,119.96,7677.44,0
334,0,0,1,0,19,1,1,2,1,1,1,1,0,0,1,1,3,77.64,1475.16,1
335,0,1,1,0,13,1,1,0,0,1,1,1,1,1,2,1,3,71.06,923.78,0
336,1,0,0,1,7,1,1,1,1,1,0,1,1,0,2,0,1,41.75,292.25,0
337,1,0,1,1,26,1,0,0,1,0,1,1,0,1,2,1,1,114.38,2973.88,0
338,0,1,0,1,36,0,1,2,0,0,0,1,0,0,1,0,0,40.07,1442.52,0
339,0,0,0,0,9,1,0,0,0,0,0,1,1,0,1,1,3,49.35,444.15,0
340,0,0,0,0,44,0,1,0,1,0,0,0,0,1,0,0,3,68.79,3026.76,1
341,1,0,1,0,52,0,0,0,1,0,1,0,1,0,1,0,0,112.64,5857.28,0
342,1,0,1,0,35,0,1,0,0,0,1,0,1,0,1,0,1,75.64,2647.4,0
343,1,0,1,0,28,0,0,2,1,1,0,0,1,1,0,1,1,88.83,2487.24,0
344,0,0,1,0,57,1,0,1,0,1,0,1,1,1,0,1,3,25.97,1480.29,1
345,0,0,0,1,54,1,1,0,1,1,0,1,0,0,2,1,0,22.62,1221.48,0
346,0,0,1,1,70,1,1,0,1,1,1,1,1,1,2,0,1,117.37,8215.9,0
347,0,0,0,1,9,1,1,0,1,0,0,0,1,0,0,1,2,81.41,732.69,0
348,1,0,0,1,23,0,1,1,0,1,1,1,1,0,1,0,1,98.88,2274.24,0
349,1,0,0,1,72,1,0,2,0,0,0,1,0,1,1,1,0,47.51,3420.72,0
350,1,0,0,0,57,1,1,1,1,1,0,1,1,1,1,0,3,55.75,3177.75,0
351,1,0,1,0,44,0,1,0,1,1,1,0,0,0,2,1,0,47.96,2110.24,0
352,0,0,1,0,40,0,0,1,0,0,0,1,0,0,0,1,2,115.48,4619.2,0
353,1,1,1,0,44,0,0,1,0,1,0,1,1,1,0,1,2,28.92,1272.48,1
354,1,1,1,1,24,0,1,2,0,1,1,0,0,0,2,0,2,33.68,808.32,0
355,0,0,0,0,71,0,1,0,0,0,0,0,0,1,0,1,1,95.24,6762.04,0
356,0,0,0,1,10,1,0,0,1,0,0,1,1,1,2,0,0,54.39,543.9,0
357,0,0,0,1,17,1,0,0,1,0,1,1,0,1,1,1,1,99.7,1694.9,1
358,1,0,0,1,39,0,1,1,0,1,1,0,0,1,0,0,2,46.11,1798.29,0
359,1,0,0,0,2,1,1,1,1,1,0,0,1,0,2,1,3,110.97,221.94,0
360,0,0,1,1,65,1,1,0,0,0,1,1,0,0,0,1,2,81.44,5293.6,0
361,1,0,1,0,15,1,1,0,1,0,0,0,1,0,2,1,3,72.0,1080.0,0
362,1,1,0,0,22,1,0,2,1,0,0,1,1,1,2,0,1,72.09,1585.98,0
363,0,0,0,1,28,1,1,0,1,1,1,0,0,0,0,1,1,110.17,3084.76,1
364,1,0,0,0,25,0,0,0,0,1,1,1,0,1,2,1,2,54.32,1358.0,0
365,1,0,0,0,61,0,1,1,0,1,0,1,0,1,1,1,2,52.6,3208.6,1
366,0,1,0,0,57,1,1,2,0,0,1,0,1,0,0,0,2,39.19,2233.83,0
367,0,0,1,1,11,1,1,2,0,1,1,1,1,1,2,0,2,48.3,531.3,0
368,0,0,0,1,46,1,1,1,1,1,1,0,0,0,2,0,3,115.24,5301.04,0
369,0,0,1,1,64,1,0,1,1,1,1,1,1,1,0,1,0,20.01,1280.64,1
370,0,1,1,1,43,1,0,0,1,0,1,0,1,1,2,1,1,103.4,4446.2,0
371,0,0,1,0,64,0,0,2,0,1,1,1,0,1,1,0,3,118.95,7612.8,0
372,1,0,0,0,48,1,1,0,1,1,1,1,0,0,1,0,3,81.84,3928.32,1
373,0,1,0,1,67,1,0,1,1,0,1,1,0,1,0,1,1,97.17,6510.39,0
374,1,0,1,0,39,1,0,2,1,0,0,0,1,0,0,0,2,87.97,3430.83,0
375,0,0,0,1,2,0,0,0,1,1,0,0,0,0,2,0,1,20.07,40.14,0
376,0,0,1,0,63,0,1,2,0,1,0,1,1,0,1,0,3,72.03,4537.89,1
377,1,0,0,1,1,1,1,1,1,0,0,1,1,1,2,0,1,52.56,52.56,0
378,1,0,0,1,12,1,0,2,0,1,1,0,1,1,1,0,2,29.23,350.76,0
379,0,0,0,1,48,1,1,0,0,1,0,0,0,1,0,1,0,69.66,3343.68,0
380,0,1,0,1,1,0,1,0,1,0,1,1,1,1,1,0,1,22.63,22.63,0
381,0,0,0,0,33,1,0,1,1,1,1,1,0,1,2,0,3,41.3,1362.9,0
382,1,0,1,0,49,1,1,0,0,1,1,1,1,1,0,0,1,35.63,1745.87,1
383,0,1,0,0,65,1,1,1,0,1,0,1,1,1,0,0,2,75.51,4908.15,1
384,0,1,0,1,47,0,0,2,1,1,1,0,1,1,2,1,1,107.5,5052.5,0
385,1,0,0,1,50,0,1,1,0,0,1,0,0,1,1,0,0,31.42,1571.0,1
386,0,0,0,1,43,0,0,1,0,0,1,0,0,0,0,1,1,96.12,4133.16,1
387,1,0,1,0,72,1,0,1,1,1,0,1,1,1,1,1,3,22.26,1602.72,0
388,0,0,1,0,22,1,0,2,0,0,0,0,0,1,1,0,0,22.2,488.4,0
389,0,0,0,1,13,0,1,0,0,1,0,1,1,0,0,0,3,108.46,1409.98,0
390,1,0,1,0,49,0,0,2,0,0,0,0,0,1,0,1,0,31.08,1522.92,0
391,1,1,1,0,28,1,1,0,1,1,0,1,0,0,1,1,2,101.81,2850.68,1
392,0,0,0,1,58,1,1,0,1,0,0,0,1,0,1,1,0,111.8,6484.4,0
393,1,0,0,1,67,1,0,2,0,0,0,0,0,1,2,0,1,32.06,2148.02,0
394,1,0,0,0,33,1,0,2,0,0,1,0,1,0,2,1,2,96.8,3194.4,0
395,1,1,0,0,28,0,1,0,1,0,0,1,1,0,1,1,0,118.55,3319.4,0
396,0,0,0,1,72,1,1,1,1,0,0,0,0,1,1,1,2,37.04,2666.88,0
397,0,0,1,1,60,0,0,2,0,0,0,1,0,0,1,0,3,25.78,1546.8,0
398,0,0,0,0,62,1,1,2,0,1,0,0,1,0,0,0,0,83.86,5199.32,0
399,0,0,0,1,37,1,0,2,1,1,1,1,0,1,2,0,3,54.06,2000.22,0
400,0,0,1,0,53,1,0,0,1,1,1,0,0,0,1,0,2,38.59,2045.27,0
401,1,0,1,1,70,0,0,2,1,1,0,0,0,0,1,1,1,47.21,3304.7,0
402,1,0,1,0,57,1,1,1,0,1,0,0,1,0,1,0,3,24.2,1379.4,0
403,1,0,1,1,3,1,0,2,0,0,0,0,0,1,1,1,1,106.41,319.23,0
404,0,0,0,0,27,1,0,1,0,0,1,1,0,0,2,1,3,47.62,1285.74,0
405,1,0,1,0,2,0,1,0,0,0,0,1,0,0,2,0,3,40.88,81.76,0
406,1,1,1,1,17,1,0,0,1,1,0,0,1,1,2,1,3,25.22,428.74,0
407,1,0,0,1,12,1,1,2,0,0,0,0,0,0,2,0,1,67.66,811.92,0
408,0,1,1,0,16,0,1,1,0,1,0,0,0,0,2,0,2,31.42,502.72,0
409,0,0,0,1,11,1,1,2,1,1,0,1,1,0,1,1,0,52.23,574.53,0
410,0,0,0,1,25,0,0,1,1,0,0,1,0,0,0,1,0,48.77,1219.25,0
411,0,0,1,1,49,0,1,2,1,1,1,1,0,0,0,0,1,38.6,1891.4,0
412,1,0,0,0,57,1,0,1,0,0,0,0,1,0,2,1,0,57.47,3275.79,0
413,0,0,0,1,68,1,0,0,1,0,1,1,1,0,0,0,3,98.32,6685.76,1
414,1,0,0,1,23,0,1,1,0,0,0,1,1,1,0,1,0,54.0,1242.0,0
415,1,1,1,0,55,1,1,2,1,0,0,1,0,0,2,0,3,67.53,3714.15,0
416,1,0,1,1,48,0,1,0,0,1,0,0,0,0,1,1,3,69.19,3321.12,0
417,1,0,0,0,33,1,0,2,1,0,0,1,1,1,0,0,2,47.15,1555.95,0
418,1,1,0,1,44,1,0,1,0,1,1,1,0,1,1,0,3,43.55,1916.2,0
419,0,1,1,0,58,1,1,1,0,0,0,0,1,0,2,1,0,110.36,6400.88,1
420,1,0,0,0,15,1,0,0,1,0,0,0,0,0,0,0,1,80.13,1201.95,0
421,1,0,1,0,56,0,1,0,0,0,0,0,0,0,2,1,3,53.22,2980.32,0
422,0,0,1,1,33,0,1,0,0,1,1,0,0,1,2,0,1,46.43,1532.19,0
423,1,0,1,0,6,0,0,1,1,1,0,0,1,1,2,1,1,113.17,679.02,0
424,1,1,1,1,43,0,0,1,0,1,1,0,0,1,0,0,0,118.71,5104.53,1
425,1,0,1,1,39,0,1,1,1,1,1,0,0,1,0,0,2,23.15,902.85,1
426,0,1,1,0,36,1,0,2,0,1,0,0,0,0,0,1,1,63.29,2278.44,1
427,1,1,1,0,33,0,1,1,1,1,1,0,1,1,0,1,2,59.1,1950.3,0
428,1,0,0,1,63,0,0,0,1,1,1,1,0,1,0,1,2,105.32,6635.16,1
429,1,0,0,0,53,1,0,2,1,1,1,0,1,1,2,1,3,67.88,3597.64,0
430,1,0,0,0,27,0,1,1,1,0,1,1,1,1,2,1,2,92.3,2492.1,0
431,1,0,0,0,23,0,1,2,0,0,0,0,0,1,0,0,3,95.03,2185.69,0
432,0,0,1,1,41,0,1,2,0,1,1,0,0,0,1,0,2,107.6,4411.6,0
433,0,1,1,0,50,1,1,1,1,1,1,1,0,0,0,0,2,78.29,3914.5,1
434,1,0,0,0,3,0,1,0,0,0,1,0,0,1,1,1,3,56.76,170.28,0
435,0,0,0,1,72,0,1,1,0,0,0,1,1,0,2,0,3,92.18,6636.96,0
436,0,0,1,0,26,0,1,0,0,1,0,0,0,1,1,1,0,65.84,1711.84,0
437,0,0,1,1,11,1,1,1,0,1,1,1,0,0,2,1,3,64.6,710.6,0
438,0,1,0,1,23,0,0,1,0,1,1,1,1,0,0,0,0,74.42,1711.66,1
439,1,0,1,1,65,1,0,2,0,1,0,1,0,1,2,0,3,77.63,5045.95,0
440,0,0,1,1,51,1,0,2,0,0,1,1,1,0,0,0,2,43.24,2205.24,0
441,0,1,1,0,48,1,1,1,0,0,0,1,1,1,2,0,1,58.94,2829.12,0
442,0,0,1,0,39,0,0,0,1,1,0,0,0,1,1,1,1,114.48,4464.72,0
443,1,0,1,1,27,0,0,2,0,0,0,0,0,0,0,0,3,79.15,2137.05,0
444,1,0,1,0,49,1,1,1,0,1,1,1,0,1,2,0,2,54.66,2678.34,0
445,1,1,1,0,10,1,1,0,1,1,0,0,0,0,0,1,3,32.93,329.3,1
446,0,0,0,0,33,0,1,2,1,1,1,1,1,1,1,0,3,83.81,2765.73,0
447,0,0,1,1,6,1,1,0,1,0,0,1,0,0,1,1,0,89.51,537.06,0
448,0,0,0,0,5,1,1,0,0,0,0,1,0,0,0,1,0,86.05,430.25,1
449,1,1,1,1,21,0,1,2,1,1,1,0,0,1,2,1,2,50.54,1061.34,0
450,1,0,0,0,14,0,1,1,0,0,1,0,0,1,2,1,2,106.65,1493.1,0
451,0,1,1,1,29,1,1,1,1,1,1,0,1,0,2,1,3,80.93,2346.97,0
452,1,0,0,0,8,1,0,1,1,1,1,1,0,0,1,0,0,38.03,304.24,0
453,0,0,0,1,71,1,1,1,1,0,1,1,0,0,2,1,0,24.19,1717.49,0
454,0,0,0,0,72,1,0,2,1,0,1,1,1,0,2,0,1,76.22,5487.84,0
455,0,0,0,0,34,0,0,1,0,1,0,0,0,0,0,0,2,91.6,3114.4,1
456,0,0,0,1,41,0,1,2,0,1,0,0,0,0,1,1,3,75.84,3109.44,0
457,1,0,1,1,2,0,1,1,1,1,1,1,1,0,2,1,2,75.15,150.3,0
458,1,0,1,0,39,1,1,0,0,1,1,0,0,1,2,0,1,41.61,1622.79,0
459,0,0,1,0,53,1,0,0,0,0,0,1,0,1,1,0,1,69.28,3671.84,0
460,1,0,1,0,27,0,1,0,0,1,0,1,1,1,1,0,0,103.38,2791.26,1
461,1,0,0,1,25,1,0,2,0,0,1,1,0,0,0,0,1,41.24,1031.0,0
462,1,0,1,1,62,0,0,1,0,0,1,1,0,0,0,0,3,105.95,6568.9,0
463,1,0,0,1,19,1,1,1,0,1,0,1,1,0,1,0,1,43.16,820.04,0
464,0,0,0,0,9,0,0,1,1,1,0,0,0,1,2,1,0,26.72,240.48,0
465,1,0,1,1,19,0,0,0,0,0,1,1,0,0,1,1,3,31.21,592.99,0
466,0,0,0,0,37,0,1,0,0,1,0,0,0,0,0,0,2,88.02,3256.74,0
467,1,0,1,1,1,0,1,2,1,1,1,0,0,0,1,1,2,61.08,61.08,0
468,0,0,0,1,63,1,1,0,1,1,0,0,0,0,1,0,1,39.78,2506.14,0
469,1,0,1,0,7,0,1,0,1,0,1,0,0,0,1,1,0,93.65,655.55,0
470,1,1,1,0,56,0,0,1,0,0,1,0,0,1,1,1,1,101.21,5667.76,0
471,0,1,0,0,7,1,1,1,0,1,0,0,1,0,0,1,3,38.05,266.35,1
472,0,1,0,0,13,1,1,1,1,1,1,0,1,1,1,0,1,91.11,1184.43,0
473,0,0,1,0,66,1,1,1,0,0,0,0,1,1,1,1,0,52.09,3437.94,0
474,0,0,0,0,25,1,1,1,1,1,0,1,1,0,1,0,3,44.6,1115.0,0
475,1,0,0,0,64,1,1,0,0,1,0,0,0,0,0,1,0,72.85,4662.4,0
476,0,0,0,1,35,1,1,1,1,0,0,0,0,1,1,1,2,38.07,1332.45,0
477,0,0,0,1,68,0,0,0,1,0,0,0,1,1,1,1,1,65.84,4477.12,0
478,0,0,0,0,71,0,0,2,0,1,0,0,0,0,1,0,1,26.43,1876.53,0
479,0,0,0,1,41,1,0,0,1,0,1,0,0,1,0,0,2,98.66,4045.06,1
480,0,0,0,1,50,1,1,2,1,1,0,1,0,1,1,0,3,78.78,3939.0,0
481,0,0,0,0,53,1,1,0,1,1,1,1,0,1,0,1,3,102.13,5412.89,0
482,1,0,1,1,52,1,0,1,0,1,1,0,1,0,2,0,0,111.01,5772.52,0
483,1,0,0,0,18,0,0,2,0,0,0,1,0,0,1,0,3,42.42,763.56,0
484,1,0,0,1,13,1,0,2,0,1,0,0,0,1,0,1,1,53.03,689.39,0
485,0,0,1,1,16,0,0,1,1,0,1,0,1,1,0,0,3,117.97,1887.52,0
486,1,0,0,1,68,0,0,1,0,0,0,1,0,0,2,0,3,63.3,4304.4,0
487,0,1,1,1,18,1,1,0,0,1,0,1,1,0,2,1,2,65.25,1174.5,0
488,0,0,1,0,72,0,0,2,1,0,1,0,1,1,2,0,2,29.64,2134.08,0
489,1,0,0,1,10,0,1,2,1,0,0,0,1,0,1,0,3,62.59,625.9,0
490,1,0,1,0,69,0,0,2,0,0,0,0,0,0,1,1,1,90.81,6265.89,0
491,0,0,1,0,64,0,1,1,0,1,1,0,1,0,1,1,0,93.44,5980.16,1
492,0,0,0,0,66,1,1,0,1,0,0,1,1,0,2,1,1,38.98,2572.68,0
493,1,0,1,0,27,1,0,0,1,1,1,0,1,0,2,0,3,66.88,1805.76,0
494,0,0,0,0,33,1,0,0,1,1,0,0,1,1,0,1,0,119.45,3941.85,0
495,0,0,1,1,12,0,0,2,0,1,0,1,0,1,2,1,0,58.66,703.92,0
496,1,1,1,1,16,1,0,1,1,0,1,0,0,1,2,1,1,56.17,898.72,0
497,1,0,1,1,42,1,1,2,0,0,1,1,1,1,2,0,1,112.11,4708.62,0
498,0,0,1,0,13,1,1,2,1,1,0,0,1,1,1,1,3,116.95,1520.35,0
499,0,0,1,1,59,0,0,2,1,0,0,0,1,0,2,0,3,28.87,1703.33,0
500,0,0,1,1,7,1,1,0,0,0,1,0,0,1,2,1,0,85.08,595.56,0
501,0,0,0,1,42,0,0,2,0,1,0,1,0,0,0,0,2,20.21,848.82,1
502,0,0,0,1,48,1,1,0,1,1,1,0,1,1,2,1,1,114.06,5474.88,0
503,1,0,1,0,9,1,1,2,0,0,0,0,1,1,1,1,1,95.76,861.84,0
504,1,0,1,1,39,0,1,1,0,1,1,1,0,0,1,1,0,69.65,2716.35,0
505,1,0,0,1,2,1,0,1,1,1,1,0,0,0,1,1,1,105.15,210.3,0
506,1,1,1,1,1,0,0,2,1,0,1,0,1,1,1,0,3,43.45,43.45,0
507,1,0,0,0,13,0,0,1,1,0,0,1,1,1,0,0,0,43.92,570.96,1
508,0,0,1,0,19,1,1,0,0,1,0,0,0,1,0,1,3,118.35,2248.65,1
509,0,0,1,1,44,1,1,1,0,1,1,1,0,0,1,0,2,104.47,4596.68,0
510,0,1,1,0,63,0,1,1,0,0,1,0,0,0,1,0,2,39.18,2468.34,0
511,0,0,1,0,49,0,1,2,0,1,0,0,0,1,2,1,1,61.39,3008.11,0
512,0,0,0,1,19,0,0,2,1,0,1,1,0,1,0,1,3,77.77,1477.63,0
513,1,0,0,1,41,1,1,2,1,1,1,0,1,1,1,1,1,60.75,2490.75,0
514,0,0,1,1,68,0,1,1,1,1,0,0,1,0,2,0,3,74.4,5059.2,0
515,1,0,1,0,32,0,1,1,0,1,1,1,1,0,1,0,1,64.18,2053.76,0
516,1,0,1,1,68,1,0,0,0,0,0,0,0,0,0,1,2,24.43,1661.24,1
517,0,1,1,0,15,0,0,2,0,1,0,0,0,0,1,1,3,21.21,318.15,0
518,0,1,0,1,36,0,0,0,1,0,0,0,1,0,2,1,0,89.78,3232.08,0
519,1,0,1,1,3,0,1,1,0,1,0,0,1,0,1,0,3,106.32,318.96,0
520,1,0,0,1,60,1,0,1,0,1,1,0,0,0,0,0,0,102.21,6132.6,0
521,0,1,1,1,64,1,1,0,0,0,0,1,1,0,2,0,3,20.73,1326.72,0
522,1,1,0,1,66,1,0,1,1,0,1,1,1,0,1,1,2,102.41,6759.06,0
523,0,1,0,0,57,1,1,0,0,0,1,0,0,0,0,1,2,63.63,3626.91,1
524,0,0,1,1,66,1,0,0,1,0,1,0,1,1,1,0,1,105.71,6976.86,0
525,1,0,0,0,43,0,1,0,1,0,0,1,1,1,2,0,3,62.63,2693.09,0
526,0,0,0,1,62,0,1,1,1,1,0,1,1,1,0,1,1,46.47,2881.14,0
527,0,1,1,0,70,1,0,1,0,0,1,0,1,1,0,1,3,57.4,4018.0,1
528,0,1,1,1,53,1,1,2,0,0,0,0,1,1,1,1,2,36.56,1937.68,0
529,1,0,1,0,41,1,0,1,0,0,0,1,0,1,0,0,3,62.43,2559.63,0
530,0,0,1,0,69,0,0,2,1,0,1,1,1,0,1,0,0,60.57,4179.33,0
531,1,0,0,1,14,1,1,1,1,1,0,0,1,1,2,0,3,30.77,430.78,0
532,0,0,1,0,7,1,1,0,1,1,1,0,0,1,1,0,3,88.4,618.8,0
533,1,1,1,0,30,1,1,0,0,1,1,1,1,0,0,0,3,55.72,1671.6,1
534,1,0,1,0,4,1,0,0,1,1,1,0,0,1,1,1,2,50.92,203.68,0
535,0,0,1,0,37,0,0,2,0,1,1,1,1,0,0,0,1,104.82,3878.34,0
536,1,1,1,1,21,0,0,0,0,1,0,0,0,1,1,0,1,48.74,1023.54,0
537,1,0,0,0,28,1,0,2,1,1,1,1,1,0,1,0,2,37.97,1063.16,0
538,0,0,0,1,33,0,0,0,0,0,1,1,0,1,2,0,0,86.45,2852.85,0
539,0,1,1,1,32,1,1,0,0,1,1,0,1,1,1,1,0,88.88,2844.16,0
540,0,0,0,1,27,1,0,0,0,1,0,1,1,1,1,0,3,74.8,2019.6,0
541,1,1,0,1,48,1,1,0,1,0,1,1,1,0,2,1,3,43.34,2080.32,0
542,0,1,0,1,70,0,0,1,0,1,1,1,0,1,2,1,2,41.72,2920.4,1
543,0,0,1,1,54,0,1,2,0,0,1,1,1,0,2,1,2,77.17,4167.18,0
544,1,0,0,1,64,1,0,0,1,1,0,0,0,0,2,0,2,93.14,5960.96,0
545,0,0,1,1,71,0,1,1,1,0,0,1,1,0,0,0,1,63.44,4504.24,1
546,0,0,1,0,10,1,1,2,1,1,0,1,0,1,2,1,2,108.99,1089.9,0
547,0,0,0,0,53,0,0,0,0,1,1,1,1,0,0,1,2,102.21,5417.13,1
548,1,0,0,1,58,1,1,0,0,1,0,1,0,0,0,0,3,30.51,1769.58,1
549,1,0,1,1,51,1,0,2,1,0,1,0,1,0,2,0,0,72.64,3704.64,0
550,1,0,0,0,6,1,1,2,1,0,0,0,1,0,1,0,1,104.49,626.94,0
551,0,1,1,0,20,0,1,2,0,1,1,1,1,1,2,1,0,33.43,668.6,0
552,1,0,1,0,43,0,0,1,1,0,0,0,0,1,1,1,2,102.51,4407.93,0
553,1,0,1,0,61,1,0,2,0,1,0,1,0,0,2,1,3,69.87,4262.07,1
554,0,1,0,1,53,0,0,1,0,0,1,0,0,0,0,0,1,57.77,3061.81,0
555,1,0,0,0,19,0,1,1,0,1,1,1,1,0,2,1,0,58.55,1112.45,0
556,1,1,1,0,28,1,1,0,0,1,0,1,0,1,2,0,0,117.41,3287.48,0
557,0,0,1,0,29,1,0,2,1,0,0,1,0,0,0,0,0,24.62,713.98,0
558,0,0,1,0,9,1,1,2,1,0,1,1,1,1,2,1,2,105.35,948.15,0
559,1,0,0,1,11,1,1,2,1,1,0,0,1,0,1,0,1,65.72,722.92,0
560,0,1,0,0,9,0,1,2,0,0,1,0,0,0,2,1,0,33.43,300.87,0
561,0,0,0,1,70,1,0,1,0,0,0,0,1,0,0,1,2,53.25,3727.5,0
562,0,0,1,0,58,1,1,0,1,1,0,1,0,1,0,1,1,101.42,5882.36,0
563,0,0,0,1,50,1,0,1,1,1,1,0,0,0,1,0,1,94.21,4710.5,0
564,1,0,0,1,61,1,1,2,0,0,1,0,0,1,0,1,2,102.2,6234.2,0
565,1,0,1,0,44,0,1,2,1,1,0,0,1,0,0,0,0,35.82,1576.08,1
566,1,0,0,0,14,0,1,2,1,0,0,0,0,1,2,1,1,34.08,477.12,0
567,1,0,1,0,15,1,0,0,0,0,1,0,0,0,1,1,2,106.83,1602.45,0
568,1,1,0,1,11,1,1,0,0,0,1,1,0,1,1,0,3,33.28,366.08,0
569,0,0,1,1,16,1,1,0,1,1,1,0,1,1,2,1,0,67.57,1081.12,0
570,0,0,1,1,11,1,0,1,0,0,1,1,1,0,0,1,0,87.16,958.76,0
571,1,1,1,1,61,0,1,2,0,0,0,1,1,0,0,1,3,75.75,4620.75,0
572,0,1,1,1,29,0,1,2,1,0,0,0,0,0,0,1,1,92.47,2681.63,0
573,0,0,0,1,4,1,1,1,0,0,1,1,0,0,2,0,2,54.7,218.8,0
574,0,0,0,0,58,1,0,2,0,1,0,1,0,0,0,0,1,112.57,6529.06,0
575,0,0,1,0,14,0,0,2,1,0,1,1,1,1,1,0,0,99.17,1388.38,0
576,0,0,1,1,51,0,0,0,0,1,0,1,1,0,1,0,0,40.19,2049.69,0
577,0,1,1,1,29,1,1,0,0,1,1,1,0,1,0,1,1,58.8,1705.2,0
578,1,1,1,1,46,1,0,1,0,1,0,0,1,1,2,1,1,72.36,3328.56,0
579,1,0,0,0,35,1,0,1,1,1,0,0,1,1,0,0,0,99.45,3480.75,0
580,0,0,0,0,57,0,0,1,1,0,0,0,1,1,1,0,2,63.29,3607.53,0
581,1,0,0,1,8,1,0,1,0,1,0,0,1,0,1,0,0,30.47,243.76,0
582,1,0,1,1,46,0,0,1,1,1,1,1,1,1,2,0,3,76.92,3538.32,0
583,0,0,1,1,69,0,1,1,1,0,1,0,1,1,1,0,0,32.0,2208.0,0
584,1,0,1,1,50,0,1,1,0,0,1,1,0,0,1,0,3,35.93,1796.5,1
585,0,1,1,0,53,0,0,0,0,1,0,0,0,1,1,0,0,80.99,4292.47,1
586,0,0,1,1,24,1,0,1,1,1,0,0,1,1,0,0,3,53.54,1284.96,0
587,1,1,0,0,7,1,1,2,1,0,0,0,1,1,2,1,1,63.07,441.49,0
588,1,1,1,1,69,1,0,1,1,1,1,0,1,1,0,1,3,43.72,3016.68,1
589,1,0,1,1,24,1,0,0,0,0,0,1,1,0,2,1,0,100.7,2416.8,0
590,1,0,1,0,40,0,0,0,0,0,1,0,1,0,1,0,2,69.57,2782.8,0
591,0,1,1,1,13,0,1,0,0,1,1,0,1,1,0,0,0,46.05,598.65,1
592,0,0,1,1,8,0,0,2,0,0,1,0,1,0,0,1,3,92.45,739.6,0
593,0,0,0,1,53,1,1,2,0,1,1,0,0,1,2,0,3,97.75,5180.75,0
594,1,0,0,1,8,1,0,0,1,1,0,0,1,0,0,1,0,77.65,621.2,0
595,0,1,1,0,8,1,0,0,1,1,1,0,0,1,2,1,0,66.84,534.72,0
596,0,0,1,0,1,1,0,1,0,0,1,1,1,1,0,0,1,88.54,88.54,0
597,0,0,1,0,68,0,1,0,1,0,0,1,0,0,2,0,0,38.45,2614.6,0
598,0,0,1,1,57,1,0,0,0,1,0,1,0,1,2,0,3,111.11,6333.27,0
599,1,0,0,0,54,0,0,1,1,1,0,0,0,1,0,0,2,106.39,5745.06,0
600,0,0,0,1,57,0,0,0,0,0,0,1,1,0,0,0,2,119.36,6803.52,0
601,0,0,1,1,27,0,0,1,1,0,0,0,0,1,2,0,3,96.0,2592.0,0
602,0,0,0,1,19,0,1,2,0,1,1,1,0,0,0,1,2,29.2,554.8,0
603,0,0,1,1,3,1,0,0,0,0,1,1,0,1,0,1,3,93.65,280.95,0
604,1,1,0,1,19,0,1,1,0,0,0,1,0,1,2,0,0,46.09,875.71,0
605,0,0,1,0,64,1,0,0,0,1,0,1,0,1,1,1,0,89.95,5756.8,0
606,1,0,1,1,35,1,1,1,0,1,0,1,0,1,1,1,2,70.36,2462.6,0
607,0,0,1,1,61,0,0,2,1,0,0,1,0,0,0,0,0,68.6,4184.6,0
608,1,0,0,0,62,1,0,1,1,1,0,1,0,1,0,0,3,67.46,4182.52,1
609,1,1,0,1,71,1,0,1,0,0,0,0,1,1,2,0,0,110.83,7868.93,0
610,1,1,1,0,25,1,0,0,1,0,0,1,0,0,2,0,2,66.08,1652.0,0
611,1,0,1,0,17,1,0,2,0,0,1,0,1,1,0,1,0,94.93,1613.81,0
612,1,0,1,1,44,0,0,1,1,0,1,0,1,0,2,0,3,112.58,4953.52,0
613,1,1,1,0,3,0,1,1,0,0,1,0,1,0,2,1,0,119.94,359.82,0
614,1,1,1,0,26,1,0,0,1,1,0,1,1,0,1,1,2,86.25,2242.5,0
615,0,0,1,0,16,1,0,0,1,1,1,1,1,1,1,1,0,47.77,764.32,0
616,1,0,0,0,28,1,0,0,0,0,0,1,1,0,1,1,0,45.75,1281.0,0
617,0,1,0,0,30,0,1,1,1,0,1,0,0,1,2,1,1,104.08,3122.4,1
618,0,0,1,0,71,0,0,2,0,1,1,0,1,1,2,1,2,57.65,4093.15,0
619,0,0,0,0,27,1,1,0,0,1,1,1,1,1,1,0,2,117.28,3166.56,0
620,1,0,1,0,60,1,0,0,1,0,1,1,1,0,1,0,2,41.55,2493.0,0
621,1,0,0,1,29,1,1,1,1,0,0,1,0,1,0,1,3,107.54,3118.66,1
622,1,0,1,0,2,0,1,1,1,0,0,0,1,0,0,0,2,94.4,188.8,1
623,1,0,0,0,8,1,1,2,1,0,1,0,0,1,1,0,2,21.45,171.6,0
624,1,0,0,0,28,0,1,2,0,1,1,0,0,1,1,1,1,35.71,999.88,0
625,1,0,1,0,11,0,0,2,1,1,0,1,0,0,0,1,2,110.43,1214.73,0
626,1,1,0,1,10,0,0,0,1,1,0,0,0,1,2,0,0,64.26,642.6,0
627,1,0,1,1,57,1,0,2,1,0,1,0,0,0,1,0,0,97.24,5542.68,0
628,0,0,0,1,70,0,0,0,0,1,0,1,0,1,2,1,1,74.67,5226.9,0
629,0,0,0,1,50,0,1,1,0,1,0,1,0,0,1,1,2,41.55,2077.5,0
630,1,0,1,1,61,0,0,0,1,0,0,0,1,0,2,0,1,108.58,6623.38,0
631,0,1,0,0,26,0,1,2,1,1,0,0,0,1,2,0,1,49.39,1284.14,0
632,1,0,0,0,54,1,0,0,0,1,1,1,1,1,0,0,3,36.04,1946.16,0
633,1,0,1,1,64,0,1,2,0,1,1,0,0,1,1,0,1,94.34,6037.76,1
634,0,1,1,1,50,0,1,2,0,0,0,1,1,1,0,0,2,47.06,2353.0,0
635,0,0,0,1,7,0,1,1,0,1,1,1,1,0,1,0,1,85.8,600.6,0
636,1,0,0,0,27,1,0,1,0,0,0,0,0,1,0,0,2,66.56,1797.12,0
637,0,0,0,0,1,0,1,0,0,1,1,0,0,1,0,0,0,115.46,115.46,0
638,1,0,1,0,48,1,1,0,0,0,1,1,0,0,0,0,1,50.0,2400.0,0
639,1,0,0,1,30,0,1,2,1,1,0,0,0,0,0,1,1,59.39,1781.7,1
640,0,1,1,1,2,1,1,2,1,0,1,1,1,0,0,1,2,117.87,235.74,0
641,0,1,0,1,38,0,1,1,1,0,1,1,1,1,1,1,1,113.08,4297.04,0
642,0,1,1,0,38,1,0,0,0,0,0,0,0,0,2,1,1,64.06,2434.28,0
643,0,0,1,1,63,1,1,2,1,1,1,0,0,0,2,1,3,85.23,5369.49,1
644,1,0,1,0,21,0,1,1,0,1,0,0,1,0,2,1,2,104.36,2191.56,0
645,1,0,0,1,20,0,1,0,1,0,0,1,1,0,1,0,2,24.01,480.2,0
646,1,1,0,0,34,1,1,0,0,1,0,1,0,0,2,0,2,83.55,2840.7,0
647,1,1,1,1,50,1,0,0,0,0,1,1,0,1,2,1,3,68.18,3409.0,0
648,1,1,1,1,46,1,1,2,1,0,0,0,1,0,0,1,0,43.16,1985.36,0
649,1,0,1,0,30,1,1,0,1,1,1,1,1,0,1,1,0,75.52,2265.6,0
650,1,0,1,0,60,1,1,2,1,1,0,1,0,0,0,1,1,62.29,3737.4,0
651,0,1,1,0,53,0,0,1,0,1,1,1,0,1,2,1,1,80.62,4272.86,0
652,0,0,1,1,68,1,0,0,0,0,1,1,0,1,0,1,3,52.99,3603.32,0
653,0,0,1,1,18,0,0,0,0,0,0,0,1,0,2,0,3,83.89,1510.02,0
654,0,0,0,0,15,1,0,2,1,1,1,1,1,1,0,1,3,58.63,879.45,0
655,0,1,1,1,48,0,0,2,1,1,1,1,1,0,1,1,2,57.5,2760.0,0
656,0,0,0,1,14,1,1,2,1,1,0,1,1,0,2,0,2,78.21,1094.94,0
657,0,0,0,0,21,0,0,1,1,0,1,0,0,1,2,1,0,72.16,1515.36,0
658,0,0,0,0,65,1,0,0,0,0,1,1,0,0,2,0,1,107.28,6973.2,0
659,0,1,0,0,70,0,0,0,0,0,1,0,0,1,1,0,3,108.72,7610.4,0
660,1,0,0,1,39,1,1,2,0,0,1,0,0,0,1,0,3,32.07,1250.73,0
661,0,0,0,1,17,0,1,0,1,1,0,0,0,0,2,0,2,86.88,1476.96,0
662,0,0,1,0,30,1,0,1,0,0,1,1,0,0,1,0,1,47.42,1422.6,1
663,0,0,1,0,52,0,1,2,1,0,0,0,0,0,0,1,2,99.46,5171.92,1
664,1,1,1,0,4,0,0,1,1,0,1,0,0,1,1,1,1,57.59,230.36,0
665,0,0,1,1,32,1,1,0,0,0,1,0,1,1,0,0,3,111.53,3568.96,0
666,1,0,1,1,4,1,0,1,0,0,1,0,1,0,2,1,3,54.77,219.08,0
667,0,0,0,0,46,0,1,2,0,0,0,1,1,0,2,0,0,103.28,4750.88,0
668,0,0,0,1,61,1,1,1,1,0,0,0,0,0,2,1,0,41.4,2525.4,0
669,0,1,1,0,52,1,0,2,0,1,0,0,0,1,1,0,2,42.63,2216.76,0
670,0,1,0,0,43,1,0,2,1,1,0,1,0,0,0,0,2,51.59,2218.37,0
671,1,0,0,1,71,0,1,1,1,1,0,1,1,1,2,0,1,30.11,2137.81,0
672,1,0,0,0,46,0,0,2,0,1,1,1,0,0,2,1,2,51.76,2380.96,0
673,1,0,0,0,47,0,0,1,1,1,1,0,1,1,2,0,1,53.75,2526.25,0
674,0,0,1,0,10,0,1,2,0,0,1,1,0,0,0,1,0,59.6,596.0,1
675,1,0,1,0,61,0,1,1,1,1,1,1,1,1,0,1,0,82.79,5050.19,0
676,0,0,0,1,68,0,0,1,1,1,1,0,1,0,1,0,1,107.59,7316.12,0
677,1,0,0,1,20,1,1,0,0,0,0,1,1,0,0,1,2,34.04,680.8,0
678,1,1,0,0,36,1,0,2,1,0,1,1,0,0,2,1,0,98.59,3549.24,1
679,0,0,1,1,44,1,0,0,0,0,1,1,1,0,1,0,0,45.25,1991.0,0
680,0,0,1,0,71,1,0,2,0,0,1,1,1,1,2,1,1,103.19,7326.49,1
681,1,0,0,0,17,1,0,1,1,1,1,0,1,0,2,0,2,118.7,2017.9,0
682,1,1,0,1,45,1,1,2,0,0,0,1,1,1,0,0,3,32.57,1465.65,0
683,1,0,0,1,25,0,1,1,0,1,1,1,0,0,0,0,3,39.9,997.5,1
684,1,0,1,0,66,0,1,0,1,0,0,0,0,1,2,0,3,89.42,5901.72,0
685,0,0,1,0,66,1,1,2,1,1,1,1,0,0,1,1,3,104.18,6875.88,0
686,0,0,1,1,29,1,1,0,1,1,0,1,1,0,0,0,3,109.13,3164.77,0
687,0,0,1,0,43,1,1,1,1,1,1,1,0,0,2,1,0,47.52,2043.36,0
688,1,0,1,1,55,0,1,0,1,1,1,0,0,0,2,0,2,34.71,1909.05,0
689,0,0,0,1,68,0,1,1,0,0,0,0,0,1,2,0,0,107.92,7338.56,0
690,0,1,1,1,26,0,0,2,0,1,0,1,1,0,1,0,3,87.02,2262.52,0
691,0,0,1,1,64,1,0,0,0,1,0,0,1,1,1,0,0,45.1,2886.4,0
692,0,0,0,1,70,0,0,2,0,0,0,0,0,1,0,0,2,117.54,8227.8,1
693,0,0,0,0,44,1,1,0,0,0,0,0,1,1,1,0,3,107.95,4749.8,0
694,0,0,0,0,23,0,1,2,1,1,1,1,1,0,2,1,0,93.07,2140.61,0
695,0,0,1,0,67,1,1,2,0,0,0,0,1,0,0,0,2,85.44,5724.48,0
696,1,0,0,0,31,1,0,2,0,0,0,1,1,1,2,0,2,74.15,2298.65,0
697,1,0,0,0,46,0,1,1,1,0,1,1,0,0,0,0,3,53.78,2473.88,1
698,1,0,1,0,5,0,1,2,0,0,0,1,0,0,1,1,3,48.41,242.05,0
699,1,0,0,0,3,0,1,1,1,1,0,1,1,1,0,1,2,109.22,327.66,1
700,1,1,0,1,22,1,0,0,1,0,1,1,1,0,0,1,1,50.18,1103.96,1
701,0,1,0,1,37,0,1,2,1,0,1,1,0,0,2,1,0,58.2,2153.4,0
702,1,1,0,0,28,0,1,1,0,0,1,0,0,1,2,0,2,100.71,2819.88,0
703,1,0,1,1,29,1,1,0,0,1,0,1,0,0,2,0,3,58.88,1707.52,0
704,0,0,0,1,62,1,0,2,1,1,0,1,1,0,2,0,3,55.78,3458.36,0
705,1,0,1,1,27,0,0,1,0,0,0,0,0,1,1,0,1,32.93,889.11,1
706,0,0,1,1,42,0,0,2,0,1,1,1,0,1,1,1,2,90.79,3813.18,0
707,0,1,0,0,35,1,0,0,1,1,0,0,0,0,1,0,0,76.13,2664.55,0
708,1,0,0,0,69,1,0,0,0,0,0,1,1,0,1,1,2,49.81,3436.89,0
709,1,1,0,0,10,0,1,2,1,1,1,1,1,0,1,0,3,82.57,825.7,0
710,1,0,0,0,32,1,0,1,1,0,0,1,0,1,1,1,0,27.24,871.68,0
711,0,0,1,0,49,1,0,2,1,1,0,1,1,1,2,1,2,84.8,4155.2,0
712,0,1,1,0,65,0,0,0,1,0,0,0,1,1,1,1,1,67.46,4384.9,0
713,0,0,1,1,29,1,0,1,0,1,0,0,1,0,2,1,1,92.86,2692.94,0
714,0,0,0,1,22,1,0,0,1,0,0,0,1,0,2,0,2,69.97,1539.34,0
715,1,1,0,0,61,0,1,2,0,0,0,0,0,0,0,1,1,52.41,3197.01,1
716,0,0,1,1,10,1,1,1,0,1,0,1,1,0,0,0,3,96.2,962.0,0
717,0,0,1,0,21,1,0,2,1,1,1,0,0,0,2,0,1,26.4,554.4,0
718,1,0,1,0,57,1,1,2,0,0,1,1,0,0,2,0,2,99.3,5660.1,0
719,1,0,0,0,50,1,0,2,1,0,0,0,0,0,1,1,2,64.42,3221.0,0
720,1,0,1,0,59,1,0,2,1,0,1,1,0,1,1,0,3,116.92,6898.28,1
721,1,1,0,0,35,1,0,1,1,1,1,1,1,1,2,0,3,35.6,1246.0,0
722,1,1,1,0,27,0,1,0,1,0,1,0,0,1,1,1,0,47.02,1269.54,0
723,0,0,0,0,53,0,1,1,0,1,1,0,1,0,1,1,2,64.18,3401.54,0
724,0,1,0,0,29,0,0,0,1,0,0,0,0,1,1,0,3,42.21,1224.09,0
725,1,0,1,1,22,0,0,2,0,1,0,1,1,0,2,0,1,62.4,1372.8,0
726,1,0,1,0,40,1,1,1,0,1,0,0,1,0,0,0,0,63.4,2536.0,0
727,0,1,0,1,70,0,1,2,1,1,0,0,1,0,1,1,0,55.08,3855.6,0
728,1,0,0,1,2,1,0,2,0,1,1,1,1,1,0,1,2,87.02,174.04,1
729,0,0,1,0,32,1,1,2,1,0,1,0,1,0,2,0,1,61.82,1978.24,0
730,1,0,0,1,22,0,0,0,0,1,0,1,1,0,0,1,2,79.42,1747.24,1
731,0,0,0,0,29,1,0,2,1,0,0,0,0,1,0,1,0,23.39,678.31,0
732,0,0,1,1,42,0,0,1,0,1,1,1,0,1,0,1,1,68.36,2871.12,0
733,1,0,1,0,32,1,0,2,0,0,0,1,1,1,2,0,1,56.83,1818.56,0
734,0,0,1,0,33,0,1,1,0,0,1,0,0,0,1,0,2,84.72,2795.76,0
735,1,1,1,1,42,0,1,1,1,0,1,1,0,1,2,0,0,40.79,1713.18,0
736,1,0,1,1,42,0,0,0,1,1,0,0,0,0,2,0,3,90.25,3790.5,0
737,0,0,0,1,23,1,1,1,0,0,1,1,1,1,2,1,0,47.87,1101.01,0
738,0,0,0,1,13,0,1,2,0,0,0,1,0,1,1,1,3,107.44,1396.72,0
739,0,0,1,0,41,1,0,1,0,0,1,0,1,0,0,0,3,78.99,3238.59,1
740,1,1,1,0,30,1,1,0,0,1,0,0,1,0,1,1,0,88.66,2659.8,0
741,1,1,1,1,8,0,1,2,0,1,0,0,1,1,1,0,2,83.91,671.28,0
742,0,1,0,1,38,1,1,0,0,0,1,0,0,0,0,0,2,99.75,3790.5,0
743,0,0,0,0,24,0,0,2,0,1,1,0,1,0,0,0,1,67.0,1608.0,1
744,1,1,1,0,63,1,0,0,0,0,1,1,1,1,2,1,3,93.93,5917.59,0
745,0,0,0,1,16,1,1,1,1,1,1,1,0,0,0,1,2,53.0,848.0,0
746,1,1,0,1,18,0,1,2,1,0,0,1,1,0,1,1,0,29.69,534.42,0
747,1,0,0,1,60,0,1,2,0,0,0,0,0,0,1,1,2,39.92,2395.2,0
748,0,1,0,1,63,0,0,2,0,1,1,0,1,0,2,1,3,76.16,4798.08,0
749,0,0,0,0,69,1,1,2,1,1,0,1,0,1,1,0,3,107.01,7383.69,0
750,1,1,1,0,56,0,0,2,0,0,0,1,1,1,2,1,1,55.16,3088.96,0
751,1,1,0,0,3,0,1,1,0,1,0,0,1,0,1,0,0,73.75,221.25,0
752,0,0,0,1,59,0,0,2,0,0,1,0,1,0,2,0,2,78.44,4627.96,0
753,0,0,1,1,29,1,1,2,0,1,0,1,1,0,0,0,2,57.52,1668.08,0
754,0,0,0,1,4,1,1,0,0,1,0,0,0,1,1,1,2,86.48,345.92,0
755,1,0,1,1,22,0,1,1,0,1,0,1,1,0,1,1,2,118.77,2612.94,0
756,1,0,1,0,66,1,0,0,0,1,0,0,1,0,2,1,2,110.24,7275.84,0
757,0,0,0,0,42,0,1,0,0,1,1,1,1,0,2,1,1,50.32,2113.44,0
758,0,1,0,1,48,0,0,2,0,1,1,0,0,0,0,1,2,64.16,3079.68,0
759,0,0,0,0,28,1,0,0,1,1,0,0,0,1,1,0,1,100.63,2817.64,1
760,0,0,0,0,46,1,1,0,0,0,1,1,0,0,1,0,0,27.9,1283.4,1
761,1,0,0,1,25,1,0,1,0,1,0,1,1,0,1,1,2,41.5,1037.5,0
762,0,1,0,0,42,1,1,1,1,1,0,1,0,0,1,1,2,47.8,2007.6,0
763,1,0,0,1,12,0,0,1,1,1,0,0,0,1,2,0,1,41.9,502.8,1
764,0,1,1,1,33,1,1,0,0,1,1,1,0,0,0,0,2,91.45,3017.85,0
765,1,0,0,1,25,0,1,2,1,0,1,1,1,0,2,1,3,28.01,700.25,0
766,1,0,1,0,51,0,0,1,1,0,1,1,1,1,2,1,1,58.14,2965.14,0
767,0,0,1,1,39,1,1,0,0,0,0,0,0,1,2,0,2,26.47,1032.33,0
768,1,0,1,0,40,0,1,1,1,1,0,0,1,1,1,0,2,114.99,4599.6,1
769,1,0,0,0,46,0,1,2,1,1,1,1,0,0,0,1,3,64.62,2972.52,1
770,0,1,0,0,13,1,1,2,1,1,1,0,1,1,0,0,1,73.54,956.02,0
771,0,0,0,1,28,0,0,2,1,0,1,1,0,0,1,0,0,90.86,2544.08,0
772,0,0,1,1,9,1,0,1,1,1,1,1,1,0,1,0,2,83.49,751.41,1
773,1,0,0,0,63,1,0,0,1,0,0,1,0,0,1,1,3,34.14,2150.82,1
774,0,0,1,0,33,1,1,2,1,0,0,1,1,0,0,0,1,70.74,2334.42,1
775,0,0,0,1,44,0,0,0,1,0,1,1,0,1,1,0,2,29.89,1315.16,0
776,1,0,0,0,45,1,1,0,0,0,0,0,1,1,2,1,1,108.76,4894.2,0
777,0,0,1,0,15,1,0,0,1,1,0,0,0,1,0,0,2,41.37,620.55,0
778,1,0,1,0,16,1,0,1,1,0,0,1,0,0,1,0,0,38.97,623.52,0
779,0,1,0,0,6,1,1,2,0,1,1,1,0,0,1,0,1,27.61,165.66,0
780,1,0,1,1,44,1,1,1,0,0,0,0,1,0,2,1,0,69.47,3056.68,0
781,1,0,1,1,62,1,0,1,1,1,1,0,0,1,0,1,3,109.48,6787.76,0
782,0,0,0,1,69,0,1,1,1,0,1,0,1,1,1,1,1,41.93,2893.17,0
783,1,0,1,0,35,0,1,0,0,1,1,0,1,1,2,1,3,29.31,1025.85,0
784,1,0,0,0,36,0,1,0,0,1,0,0,0,0,0,0,2,73.5,2646.0,0
785,1,0,0,0,69,1,1,1,0,1,0,1,1,0,2,0,3,107.61,7425.09,0
786,1,0,0,0,46,0,1,1,1,1,1,1,0,1,1,0,1,48.99,2253.54,0
787,0,0,1,0,63,0,0,1,1,1,1,1,0,0,2,1,1,81.13,5111.19,0
788,1,0,0,0,39,1,0,0,0,1,0,0,1,1,2,1,1,68.51,2671.89,0
789,1,0,1,1,64,0,1,0,0,1,1,0,1,1,1,1,3,53.06,3395.84,0
790,0,0,0,1,8,1,1,0,0,0,0,1,0,1,1,1,3,37.03,296.24,0
791,0,0,0,1,5,0,0,2,1,0,1,1,0,0,0,0,2,61.62,308.1,0
792,0,1,0,1,56,0,1,0,1,1,0,1,0,0,0,1,3,100.2,5611.2,0
793,0,0,0,0,36,0,1,1,1,1,0,1,0,1,1,0,2,37.79,1360.44,0
794,1,0,0,0,45,1,0,0,1,1,1,1,0,1,2,1,1,107.99,4859.55,1
795,1,1,0,1,68,0,1,2,0,0,0,1,1,1,2,0,1,72.49,4929.32,0
796,1,0,1,1,51,0,0,2,0,0,1,1,1,0,1,1,1,86.47,4409.97,0
797,0,0,0,0,23,0,1,2,1,0,1,0,1,0,0,0,2,20.43,469.89,1
798,1,0,1,0,62,0,1,0,0,0,1,0,1,1,1,1,3,53.59,3322.58,0
799,0,0,0,1,34,1,0,2,1,0,0,1,1,1,2,1,0,111.1,3777.4,0
800,0,1,1,0,3,1,1,2,0,0,1,1,0,1,0,1,3,44.08,132.24,1
801,0,0,1,0,10,1,0,1,0,1,1,1,1,0,1,0,3,28.04,280.4,0
802,1,0,1,0,65,0,0,2,0,0,0,1,0,1,2,1,0,84.83,5513.95,0
803,0,0,0,1,13,0,1,2,1,1,1,1,1,0,2,0,3,59.73,776.49,0
804,1,1,0,0,22,0,0,1,1,1,0,0,0,1,2,0,2,48.72,1071.84,0
805,0,0,1,0,12,1,0,1,0,0,0,1,0,0,2,1,0,93.85,1126.2,0
806,0,1,1,0,23,0,1,1,0,0,0,0,1,0,1,0,1,71.21,1637.83,0
807,1,0,0,0,56,0,0,0,1,1,1,0,1,0,1,1,2,106.19,5946.64,0
808,0,0,0,1,31,0,1,0,0,1,1,1,1,1,1,1,3,86.89,2693.59,0
809,0,0,1,1,31,0,0,2,0,0,1,1,1,0,0,1,0,45.52,1411.12,0
810,1,0,1,0,56,0,0,0,1,1,0,1,1,1,0,1,2,49.95,2797.2,0
811,1,0,1,0,21,1,0,2,0,1,0,0,0,0,0,0,1,91.9,1929.9,0
812,1,0,1,1,2,0,0,0,0,1,0,0,0,0,0,1,1,81.49,162.98,0
813,1,0,0,1,24,1,1,0,0,1,0,1,0,1,0,0,0,42.46,1019.04,1
814,0,0,1,1,56,1,0,0,0,1,1,0,1,0,0,1,2,63.76,3570.56,0
815,1,1,1,0,42,0,0,1,0,1,0,1,0,0,2,1,2,46.82,1966.44,0
816,1,0,0,1,7,0,1,0,0,0,0,0,1,1,0,0,3,39.02,273.14,0
817,1,1,1,1,22,0,0,2,1,1,0,1,0,1,0,0,0,41.15,905.3,1
818,0,0,0,1,53,0,0,0,1,0,1,1,0,0,1,0,3,86.34,4576.02,0
819,0,0,1,0,72,0,0,0,1,0,0,0,1,1,2,0,2,41.74,3005.28,0
820,0,1,0,1,7,0,1,1,0,1,1,0,0,1,2,1,0,102.54,717.78,0
821,0,0,1,0,62,0,0,2,1,1,0,1,0,0,1,0,1,78.29,4853.98,0
822,0,0,1,0,69,1,1,2,1,1,0,1,0,1,1,0,0,105.56,7283.64,1
823,0,0,1,0,17,0,1,2,1,0,1,1,0,1,0,1,1,24.49,416.33,0
824,1,0,0,0,17,0,1,2,1,1,1,0,0,0,1,1,2,103.28,1755.76,0
825,1,0,1,1,49,1,1,2,0,1,0,0,1,1,2,0,3,80.15,3927.35,0
826,0,0,1,1,50,0,1,1,1,1,1,0,1,0,2,1,3,33.17,1658.5,0
827,1,0,0,0,39,1,0,2,0,0,1,1,0,0,1,1,3,72.51,2827.89,1
828,0,0,0,0,43,0,0,2,1,0,1,1,1,0,2,1,0,77.91,3350.13,0
829,0,0,1,0,66,0,0,0,1,1,1,0,1,1,2,1,2,99.27,6551.82,0
830,0,0,0,1,68,0,0,0,0,0,1,0,0,0,0,0,1,70.87,4819.16,0
831,1,1,0,1,4,1,0,1,1,1,1,0,1,1,2,0,3,38.78,155.12,1
832,1,0,0,0,40,1,1,0,1,0,0,1,1,1,1,0,1,61.27,2450.8,0
833,1,0,0,1,31,0,0,0,0,0,0,1,0,1,0,0,2,38.79,1202.49,0
834,1,0,0,0,13,0,0,0,0,1,0,1,0,1,2,0,2,24.56,319.28,0
835,1,0,1,0,58,0,1,1,1,0,1,1,1,1,1,1,3,27.25,1580.5,1
836,0,0,0,1,71,1,0,1,1,1,1,0,0,0,2,0,0,48.49,3442.79,0
837,0,1,1,1,23,0,0,2,0,0,0,0,1,1,1,0,3,29.29,673.67,1
838,0,0,0,0,47,1,0,1,1,0,1,0,0,0,0,0,0,76.06,3574.82,1
839,0,1,1,1,19,1,1,2,1,0,1,0,0,1,2,1,2,112.17,2131.23,0
840,1,0,0,0,10,1,0,1,1,0,1,0,1,1,1,1,1,22.32,223.2,1
841,1,1,1,0,56,1,0,2,1,0,0,0,1,1,2,1,2,116.07,6499.92,0
842,0,1,1,0,51,1,1,2,0,0,0,0,1,0,1,1,3,104.58,5333.58,0
843,1,0,1,0,2,1,0,1,0,1,0,1,1,0,1,1,3,21.87,43.74,1
844,1,0,1,1,24,1,0,2,1,1,0,0,1,1,2,0,2,40.19,964.56,0
845,1,0,1,1,29,1,0,0,0,0,0,0,1,1,0,0,2,41.53,1204.37,0
846,0,0,0,0,22,0,1,2,1,0,1,0,1,0,0,0,1,34.13,750.86,0
847,1,0,0,1,66,1,1,2,1,1,1,1,0,0,0,1,0,56.67,3740.22,0
848,1,0,1,1,35,1,0,1,1,1,1,1,0,1,0,1,0,74.41,2604.35,0
849,0,0,0,1,39,0,1,1,0,0,0,1,1,0,2,0,2,74.13,2891.07,0
850,1,0,1,0,11,1,0,2,0,0,1,1,0,0,2,1,3,30.07,330.77,0
851,1,0,1,1,33,1,0,2,1,0,0,1,1,1,0,1,1,94.28,3111.24,0
852,0,0,1,1,57,1,0,1,1,1,0,1,1,0,1,1,2,70.42,4013.94,0
853,0,0,1,1,43,1,0,1,0,1,1,0,0,1,1,1,1,92.65,3983.95,0
854,0,0,0,1,26,0,0,0,0,1,0,1,0,0,0,1,3,113.72,2956.72,0
855,1,0,0,1,22,1,1,0,0,0,0,0,0,0,2,1,0,117.74,2590.28,0
856,1,1,1,0,58,1,0,1,1,0,0,0,0,0,1,1,3,77.19,4477.02,0
857,1,1,0,1,17,0,1,1,1,0,1,0,0,1,1,1,2,99.95,1699.15,1
858,1,1,0,0,71,1,0,0,1,1,1,1,0,0,0,0,0,113.52,8059.92,0
859,0,0,0,0,11,1,0,0,1,1,0,1,0,0,0,0,2,35.41,389.51,0
860,0,0,0,1,34,1,0,0,1,0,0,1,1,1,0,0,3,35.45,1205.3,1
861,0,0,1,0,46,1,0,1,0,0,1,0,1,0,2,0,2,116.55,5361.3,0
862,0,0,0,0,26,1,0,2,0,1,0,0,1,1,2,1,2,21.57,560.82,0
863,0,0,1,1,4,1,1,1,0,1,0,1,0,0,0,0,2,72.87,291.48,0
864,0,0,1,1,54,1,1,1,1,1,1,0,0,1,2,0,0,118.93,6422.22,0
865,0,0,1,0,22,0,0,0,1,0,1,0,1,0,2,0,3,103.26,2271.72,0
866,1,0,0,1,30,1,1,2,1,0,0,1,0,1,0,1,3,104.74,3142.2,1
867,0,0,0,1,61,0,1,0,0,0,1,0,0,0,2,1,1,112.58,6867.38,0
868,0,0,1,0,22,1,0,2,0,1,0,0,0,1,2,1,3,93.56,2058.32,0
869,0,0,0,1,52,0,0,0,0,0,1,0,1,1,0,0,0,110.19,5729.88,1
870,1,0,1,1,40,0,1,1,0,0,0,1,0,1,2,0,0,61.93,2477.2,0
871,1,0,1,1,43,1,1,2,0,1,1,0,1,1,0,1,1,95.65,4112.95,0
872,1,0,1,0,64,1,0,0,0,1,0,1,0,1,2,0,1,89.24,5711.36,0
873,1,0,0,1,9,1,0,2,0,0,0,0,0,1,0,1,2,94.57,851.13,1
874,1,0,0,1,47,1,0,2,1,0,1,0,0,1,0,1,0,46.0,2162.0,0
875,1,1,0,0,48,1,0,0,1,0,0,0,1,1,0,0,2,30.98,1487.04,1
876,0,1,0,1,39,1,1,0,1,0,0,0,0,0,2,0,3,76.11,2968.29,0
877,1,0,0,0,50,1,0,2,1,0,1,0,1,1,0,0,1,32.14,1607.0,0
878,1,0,0,0,19,1,0,0,0,0,0,1,1,1,1,1,0,73.23,1391.37,0
879,1,0,0,0,26,0,0,2,1,1,1,1,1,1,0,0,1,62.89,1635.14,1
880,0,0,1,0,13,1,1,2,0,1,0,1,1,1,0,0,3,98.11,1275.43,0
881,0,0,0,0,66,0,0,0,0,0,1,1,1,0,0,0,3,78.15,5157.9,1
882,0,0,1,0,4,1,0,0,0,0,1,1,1,1,1,1,3,25.61,102.44,0
883,1,0,1,1,15,0,0,0,1,1,1,1,1,0,1,1,3,50.33,754.95,0
884,1,1,1,1,71,1,1,1,1,0,0,0,0,1,0,0,2,116.96,8304.16,0
885,1,0,1,0,65,1,1,2,0,1,0,1,0,1,1,1,0,105.42,6852.3,0
886,1,0,1,0,12,0,0,0,1,1,1,0,0,1,2,0,3,55.66,667.92,0
887,1,0,1,1,25,0,1,2,0,1,0,1,0,1,2,0,0,67.31,1682.75,0
888,1,0,0,0,29,0,0,2,1,0,0,0,0,1,2,1,3,43.59,1264.11,0
889,1,1,1,0,16,0,1,1,1,0,1,0,1,0,2,0,1,82.78,1324.48,0
890,0,0,1,1,21,0,1,0,1,1,1,0,1,0,2,0,1,106.05,2227.05,0
891,0,1,1,1,67,1,0,0,0,1,1,1,1,0,2,0,1,81.24,5443.08,0
892,1,0,0,0,29,0,1,0,1,1,1,1,0,0,1,1,1,76.04,2205.16,0
893,0,0,1,1,56,0,0,0,1,1,0,1,1,1,0,1,3,99.33,5562.48,1
894,1,0,1,1,50,1,0,0,0,0,1,0,0,1,0,1,3,103.13,5156.5,0
895,0,0,1,0,51,0,0,1,1,1,0,0,0,1,0,0,3,75.03,3826.53,0
896,1,1,0,0,31,1,1,2,0,1,0,1,0,0,0,1,2,24.72,766.32,0
897,0,0,0,1,3,0,0,2,0,0,1,1,0,1,1,1,1,87.89,263.67,0
898,0,0,0,1,40,1,0,1,1,1,1,1,1,1,1,1,3,52.78,2111.2,0
899,0,0,1,0,71,1,0,1,0,1,1,1,1,0,1,1,3,65.36,4640.56,0
900,0,1,0,1,18,0,0,1,1,1,1,1,1,1,2,1,0,87.55,1575.9,0
901,1,0,0,1,57,1,1,1,0,0,0,0,1,0,0,1,2,101.42,5780.94,0
902,0,0,1,1,3,0,1,2,0,0,1,1,1,1,2,0,2,107.87,323.61,0
903,0,0,1,0,6,0,1,1,0,1,0,0,0,1,2,0,0,91.49,548.94,0
904,0,0,0,0,8,0,1,2,1,1,1,1,0,0,0,0,2,60.59,484.72,0
905,0,1,1,0,58,0,1,1,0,1,0,1,1,1,0,0,1,70.94,4114.52,0
906,1,0,1,1,14,1,0,0,1,1,0,1,1,1,1,1,3,46.4,649.6,0
907,1,0,0,0,58,1,1,0,0,1,0,0,0,0,2,1,0,74.0,4292.0,0
908,0,0,1,0,46,0,0,2,0,0,1,1,1,0,2,0,3,108.33,4983.18,0
909,1,0,1,0,45,1,1,2,1,1,0,1,0,0,2,1,3,77.69,3496.05,0
910,1,0,1,1,38,0,1,0,0,0,1,1,0,1,1,1,1,49.44,1878.72,0
911,0,0,1,1,15,1,0,0,0,0,1,0,0,0,1,0,2,56.76,851.4,0
912,1,0,0,0,68,1,0,1,1,1,1,0,0,1,0,0,1,55.07,3744.76,1
913,1,0,1,0,34,0,0,0,1,1,0,1,1,1,1,0,3,45.48,1546.32,0
914,0,0,0,1,28,1,0,2,1,1,1,1,1,0,1,1,3,22.8,638.4,0
915,1,1,0,1,25,0,0,0,0,1,1,1,0,1,0,1,2,22.54,563.5,1
916,1,0,0,0,35,0,1,1,1,1,1,1,0,1,2,0,1,63.89,2236.15,0
917,0,0,0,1,26,0,0,2,1,1,0,1,0,1,0,0,0,97.72,2540.72,1
918,1,0,1,0,62,0,0,2,0,0,1,0,1,1,1,0,0,77.08,4778.96,0
919,1,1,1,0,28,1,0,1,0,1,1,0,0,0,2,0,2,76.96,2154.88,0
920,0,0,0,0,5,0,1,1,1,0,0,0,0,0,0,0,2,103.24,516.2,1
921,0,0,0,0,60,1,0,1,0,0,1,1,1,1,1,1,3,36.98,2218.8,0
922,0,0,1,1,37,0,0,0,1,0,0,1,0,0,0,0,1,23.93,885.41,1
923,0,0,0,0,69,0,0,1,0,0,1,0,1,0,1,1,1,36.64,2528.16,0
924,1,0,1,1,7,1,1,1,1,1,1,0,0,1,2,0,2,105.99,741.93,0
925,1,0,1,0,45,1,0,0,1,0,1,1,0,0,1,1,0,76.13,3425.85,0
926,1,1,1,0,11,1,0,0,0,0,1,0,1,1,0,0,2,83.25,915.75,0
927,0,0,0,0,39,0,0,0,1,1,0,1,1,0,0,1,1,82.37,3212.43,0
928,0,0,1,1,63,0,0,0,1,1,0,0,1,1,2,0,0,98.48,6204.24,0
929,0,1,0,1,42,1,1,1,1,1,0,0,1,1,1,1,3,118.06,4958.52,0
930,1,0,0,1,56,1,1,2,0,1,0,1,1,0,1,1,1,52.6,2945.6,1
931,0,1,0,0,29,1,0,0,0,1,0,0,1,1,0,1,2,36.72,1064.88,1
932,0,0,0,0,5,1,0,1,1,0,0,1,1,0,2,0,0,36.59,182.95,0
933,1,1,1,0,40,1,0,2,1,1,0,0,0,0,0,1,2,57.45,2298.0,0
934,0,0,0,0,1,1,0,2,0,0,1,1,1,0,0,1,0,86.73,86.73,0
935,1,0,0,1,54,1,0,0,1,0,0,0,1,1,1,1,1,88.79,4794.66,0
936,1,1,1,0,65,1,1,1,1,0,1,1,1,0,0,1,3,37.04,2407.6,0
937,0,0,1,0,31,0,1,1,1,0,1,1,0,0,1,0,2,22.83,707.73,0
938,0,0,0,0,62,0,0,0,0,1,0,1,1,1,2,0,3,86.95,5390.9,0
939,1,0,1,1,24,0,1,1,1,1,0,1,0,1,1,1,3,49.77,1194.48,1
940,1,1,0,1,6,0,0,1,0,0,0,1,1,0,2,0,0,45.79,274.74,0
941,0,0,1,0,10,1,1,2,1,0,1,1,0,1,1,1,3,112.0,1120.0,0
942,1,0,0,0,32,0,0,0,1,0,1,1,1,1,0,1,3,50.73,1623.36,1
943,0,1,0,0,53,0,0,2,1,0,1,0,1,1,0,1,0,103.83,5502.99,1
944,0,0,0,0,47,1,0,1,0,0,0,0,1,1,0,0,1,26.2,1231.4,0
945,0,0,0,1,62,1,1,1,0,0,0,1,0,0,0,1,1,62.29,3861.98,0
946,0,0,1,0,2,1,1,0,0,1,0,1,1,0,2,0,1,102.44,204.88,0
947,0,0,1,0,24,0,0,2,0,0,1,0,0,0,2,1,3,76.63,1839.12,0
948,0,1,0,1,67,0,0,0,1,1,0,0,1,0,0,0,2,85.7,5741.9,0
949,0,0,0,0,67,1,1,1,0,0,1,1,0,1,1,1,1,94.32,6319.44,0
950,1,0,1,0,42,0,0,0,0,0,1,0,0,0,1,1,3,48.35,2030.7,0
951,0,0,1,0,17,0,0,1,1,1,1,0,0,0,2,0,2,40.93,695.81,0
952,0,1,0,1,23,1,0,0,1,1,0,0,0,0,2,0,3,95.37,2193.51,0
953,1,0,0,1,21,1,1,1,0,1,0,1,1,0,0,1,1,109.12,2291.52,1
954,1,0,1,0,24,1,0,1,1,1,1,1,0,1,0,1,3,51.86,1244.64,0
955,1,0,0,0,42,1,1,0,1,1,1,0,1,0,2,1,1,83.34,3500.28,0
956,1,0,0,0,68,0,1,1,0,0,1,0,0,1,0,0,3,49.33,3354.44,0
957,1,0,1,1,45,1,0,0,1,0,1,0,1,1,1,1,1,64.1,2884.5,0
958,1,0,0,1,46,0,1,0,0,1,0,1,0,1,1,0,2,25.81,1187.26,0
959,1,1,0,1,43,0,1,2,1,0,0,1,0,0,1,0,1,88.97,3825.71,0
960,1,0,1,1,30,1,0,0,0,0,1,1,0,1,0,0,3,79.74,2392.2,0
961,0,1,0,0,20,0,0,2,1,1,0,1,1,0,2,1,0,95.16,1903.2,0
962,1,0,0,1,21,1,0,1,0,1,1,1,1,0,1,0,2,21.08,442.68,0
963,1,0,0,1,44,0,1,0,0,0,1,1,0,1,0,0,1,39.22,1725.68,0
964,1,0,1,1,41,1,0,1,0,1,0,1,1,0,0,0,0,91.68,3758.88,0
965,0,0,0,0,50,0,0,0,1,1,0,1,1,0,2,0,3,21.7,1085.0,0
966,0,0,0,1,48,1,0,1,1,1,1,1,0,0,0,0,3,30.09,1444.32,0
967,0,1,0,0,33,0,0,1,0,0,0,0,1,1,1,0,0,77.24,2548.92,0
968,0,1,0,0,41,0,0,0,0,1,1,1,1,1,0,1,1,100.11,4104.51,0
969,1,0,0,1,60,1,1,2,1,0,0,0,1,1,2,1,2,104.09,6245.4,0
970,0,0,0,1,16,0,0,2,1,1,1,1,0,1,1,1,1,92.85,1485.6,0
971,1,0,1,0,1,0,1,1,1,0,0,0,1,0,1,1,0,118.1,118.1,0
972,0,0,1,1,29,1,0,0,0,0,1,0,1,1,1,0,2,107.49,3117.21,0
973,0,0,1,0,54,1,0,0,0,1,0,1,0,1,0,0,0,23.66,1277.64,0
974,0,0,1,0,64,1,1,0,1,0,0,0,0,1,2,1,2,69.02,4417.28,0
975,0,1,0,1,18,0,0,1,1,1,0,1,0,1,1,0,0,35.11,631.98,0
976,0,0,1,1,25,1,0,2,0,1,1,1,1,1,0,0,0,63.22,1580.5,0
977,1,0,1,1,59,0,0,1,0,1,0,1,0,1,1,1,1,30.64,1807.76,0
978,0,0,1,1,68,1,0,0,1,0,0,0,0,0,2,1,0,104.64,7115.52,0
979,1,0,0,1,51,0,0,1,0,1,0,1,1,0,2,0,0,47.82,2438.82,0
980,0,0,1,0,62,1,0,2,1,1,0,0,0,1,0,0,2,48.15,2985.3,1
981,0,1,0,1,51,1,1,2,0,1,1,0,1,0,2,0,2,67.96,3465.96,0
982,1,0,1,0,24,1,0,0,1,1,0,1,0,1,0,1,1,46.56,1117.44,0
983,1,0,1,0,59,0,0,0,1,0,0,0,0,1,2,0,0,63.83,3765.97,0
984,1,0,0,0,29,0,0,2,1,1,1,0,1,1,1,0,2,102.05,2959.45,0
985,1,0,0,1,22,0,0,1,1,1,0,0,0,0,1,1,0,46.22,1016.84,0
986,1,0,1,0,7,1,0,1,1,1,1,0,0,0,1,0,1,85.54,598.78,0
987,1,0,0,1,20,0,1,2,1,1,1,0,0,0,0,1,1,64.43,1288.6,0
988,1,0,0,0,24,0,1,1,0,0,0,0,1,1,1,1,3,28.05,673.2,0
989,1,0,1,1,30,1,1,0,1,1,0,0,0,0,0,0,1,49.61,1488.3,0
990,0,1,0,0,36,0,0,0,0,1,0,1,1,0,0,0,2,24.09,867.24,0
991,0,0,1,0,39,1,1,0,1,1,1,1,1,1,2,1,2,101.79,3969.81,0
992,0,0,1,0,19,1,0,2,0,1,1,1,0,1,0,0,3,52.84,1003.96,0
993,0,0,0,1,47,0,0,0,1,0,1,1,0,0,0,1,0,116.62,5481.14,0
994,0,0,0,1,66,0,1,1,0,1,0,0,0,0,0,1,0,39.75,2623.5,0
995,0,0,0,0,17,1,0,2,0,0,0,1,1,1,1,1,0,83.99,1427.83,0
996,0,0,1,0,36,1,0,0,1,1,0,0,0,1,2,1,2,60.29,2170.44,0
997,1,0,1,1,22,0,0,1,1,1,1,0,0,1,1,1,0,32.56,716.32,0
998,0,0,0,1,21,0,1,1,0,1,1,0,0,1,0,1,1,51.6,1083.6,1
999,1,0,1,0,21,1,1,1,0,1,1,1,1,1,2,1,2,32.13,674.73,0
1000,0,1,1,0,40,1,1,2,1,1,1,1,0,0,2,0,1,47.23,1889.2,0
1001,1,0,1,0,68,0,0,1,0,0,0,1,1,0,0,0,3,85.44,5809.92,1
1002,0,0,0,0,68,1,0,0,0,0,0,0,1,1,2,0,3,51.24,3484.32,0
1003,1,0,1,0,46,0,0,1,0,0,1,1,0,1,1,0,2,81.38,3743.48,0
1004,1,0,0,0,25,1,0,1,0,1,0,0,1,1,0,0,3,99.12,2478.0,1
1005,0,0,1,1,33,1,0,0,0,0,1,1,0,0,0,0,1,59.93,1977.69,1
1006,1,0,0,1,21,1,0,2,0,0,0,1,0,1,0,1,1,68.56,1439.76,0
1007,1,0,0,0,29,1,0,0,0,1,0,0,1,0,1,1,0,69.83,2025.07,0
1008,1,0,1,1,72,1,1,1,1,0,1,1,0,0,2,0,2,62.59,4506.48,0
1009,1,0,0,1,13,0,0,1,0,1,1,0,0,1,0,1,2,21.32,277.16,1
1010,0,0,0,0,62,0,0,1,1,0,0,1,0,1,1,1,2,73.7,4569.4,0
1011,0,0,1,1,43,1,0,1,1,1,1,1,1,1,0,0,3,69.06,2969.58,1
1012,0,1,0,1,66,0,0,1,0,1,1,0,1,0,1,1,2,115.58,7628.28,0
1013,0,0,0,1,19,0,0,0,0,1,1,1,0,0,2,0,0,91.33,1735.27,0
1014,0,1,1,0,31,0,1,2,0,1,1,0,1,0,0,1,2,37.58,1164.98,0
1015,0,0,1,0,19,0,0,0,1,1,0,1,0,1,2,0,3,103.32,1963.08,0
1016,1,1,0,1,65,0,0,1,0,1,1,1,1,1,2,0,1,76.74,4988.1,0
1017,1,0,0,1,54,0,1,2,0,1,1,1,1,0,0,1,2,62.89,3396.06,0
1018,1,0,0,1,1,1,1,1,1,1,0,0,0,0,1,1,1,59.98,59.98,0
1019,0,0,0,0,22,1,0,1,1,1,0,0,0,1,1,0,1,104.18,2291.96,0
1020,0,0,0,0,16,1,0,2,0,1,1,0,0,0,1,0,1,93.87,1501.92,0
1021,0,1,0,0,43,0,0,2,1,0,1,0,0,0,2,1,2,33.46,1438.78,0
1022,1,0,1,0,54,0,1,1,0,0,1,0,0,1,1,0,3,38.64,2086.56,0
1023,0,1,0,1,8,0,0,2,1,1,1,1,1,0,0,1,3,43.21,345.68,0
1024,0,0,0,0,71,1,0,2,0,1,1,0,1,0,0,1,0,112.26,7970.46,0
1025,0,0,1,0,58,1,0,2,1,0,1,1,1,1,2,0,1,47.74,2768.92,1
1026,0,0,1,1,40,0,1,2,1,0,1,0,0,1,1,0,2,75.75,3030.0,0
1027,0,0,1,0,60,1,1,2,1,1,0,0,0,0,1,0,2,65.14,3908.4,0
1028,1,0,0,0,61,0,1,2,0,1,1,0,1,1,2,1,2,77.42,4722.62,0
1029,1,0,1,0,68,1,0,1,0,1,1,1,1,0,1,1,0,28.08,1909.44,1
1030,0,0,1,0,9,0,0,1,0,0,0,1,0,1,1,0,0,50.94,458.46,0
1031,0,0,1,1,5,1,1,1,0,0,0,1,1,1,2,1,1,22.87,114.35,0
1032,0,0,0,1,22,1,0,0,1,0,0,1,0,0,0,1,3,28.64,630.08,1
1033,1,0,0,1,21,0,0,2,1,0,0,1,0,0,2,0,0,93.43,1962.03,0
1034,1,0,1,1,40,1,1,1,1,0,1,0,0,1,0,0,1,29.39,1175.6,1
1035,1,0,0,1,22,0,1,0,0,1,0,1,0,0,1,0,3,72.01,1584.22,0
1036,1,0,0,1,28,0,1,1,0,0,1,0,1,0,0,1,3,106.67,2986.76,0
1037,1,0,0,0,18,1,1,0,1,0,0,1,1,0,0,0,0,58.74,1057.32,1
1038,1,0,1,1,2,0,1,1,0,0,0,1,1,1,2,1,0,65.29,130.58,0
1039,0,1,1,0,64,1,1,0,1,1,0,1,1,0,0,0,3,90.85,5814.4,1
1040,0,0,1,0,27,0,0,1,0,1,0,1,1,1,2,0,0,111.91,3021.57,0
1041,0,0,0,1,66,0,1,1,1,0,0,0,0,0,2,0,0,118.88,7846.08,0
1042,0,0,1,1,54,0,1,1,0,1,0,0,1,0,2,1,1,106.17,5733.18,0
1043,0,0,1,1,50,0,0,2,0,1,0,1,1,1,1,1,2,117.81,5890.5,0
1044,1,0,0,0,39,0,1,0,1,0,0,1,0,1,0,0,0,94.25,3675.75,1
1045,1,0,0,0,64,1,0,0,0,0,1,1,1,0,1,1,2,100.58,6437.12,0
1046,1,0,0,0,62,1,1,1,1,0,0,1,1,1,2,1,3,49.32,3057.84,0
1047,0,0,1,1,67,0,0,1,0,0,1,1,0,1,1,1,2,37.0,2479.0,1
1048,0,0,0,0,24,1,0,2,0,0,1,0,0,1,2,0,1,91.35,2192.4,0
1049,0,0,0,1,65,0,1,2,0,0,1,0,0,0,1,0,0,22.41,1456.65,0
1050,1,0,1,0,59,1,1,1,0,1,0,0,1,0,1,1,0,70.79,4176.61,0
1051,0,0,1,1,68,0,1,2,0,0,1,0,1,0,0,0,3,110.96,7545.28,0
1052,1,0,0,1,40,0,0,2,1,0,0,1,1,0,2,1,1,62.74,2509.6,0
1053,1,0,1,1,53,0,1,2,0,0,1,0,0,1,2,0,1,22.98,1217.94,0
1054,0,0,0,1,29,1,1,2,0,0,0,1,0,1,0,1,3,68.05,1973.45,0
1055,1,0,1,0,54,0,1,2,0,1,0,1,0,0,0,1,1,46.91,2533.14,0
1056,1,0,0,0,4,1,0,1,1,0,1,0,1,1,1,0,1,40.38,161.52,0
1057,0,0,0,0,69,1,1,2,0,1,0,1,1,0,1,1,0,113.16,7808.04,0
1058,1,0,0,1,30,0,1,0,0,0,0,0,1,0,0,1,0,98.18,2945.4,0
1059,0,0,1,1,47,1,1,0,1,1,0,1,0,0,0,0,2,44.58,2095.26,0
1060,1,0,1,0,20,1,0,1,0,0,1,0,0,1,0,0,2,23.88,477.6,1
1061,1,1,1,1,19,0,0,2,0,1,0,1,0,1,0,1,1,117.68,2235.92,1
1062,0,0,1,0,48,1,1,1,1,0,0,1,0,0,2,0,1,55.78,2677.44,0
1063,1,0,0,1,41,0,0,0,1,0,0,1,0,0,1,0,0,66.34,2719.94,0
1064,0,0,1,0,33,1,1,0,0,0,0,0,0,0,2,0,0,32.06,1057.98,0
1065,0,0,0,1,42,0,0,2,0,1,0,1,1,0,2,1,3,80.19,3367.98,0
1066,0,1,1,0,16,1,0,1,1,1,0,1,0,1,0,0,3,86.91,1390.56,0
1067,0,0,0,1,27,1,0,1,0,0,1,0,1,0,0,0,3,28.73,775.71,1
1068,0,0,0,1,54,0,0,0,1,1,1,0,1,0,1,0,0,72.39,3909.06,0
1069,1,0,0,1,63,1,1,1,0,0,0,0,1,1,0,1,2,119.8,7547.4,1
1070,0,0,1,0,54,1,1,1,1,1,1,0,1,0,1,1,0,78.34,4230.36,0
1071,0,0,1,0,45,0,0,1,0,0,1,1,1,0,2,1,3,59.32,2669.4,0
1072,0,1,0,0,18,0,1,1,0,1,0,0,1,0,2,0,2,70.59,1270.62,0
1073,1,0,1,0,39,0,0,2,1,1,1,1,1,1,0,0,0,64.94,2532.66,0
1074,1,0,1,1,61,0,0,0,1,0,1,1,0,0,0,1,2,27.46,1675.06,0
1075,1,0,1,0,62,1,1,2,0,0,0,0,0,1,0,0,2,103.7,6429.4,0
1076,0,1,1,0,23,1,0,2,0,0,0,1,0,1,2,1,1,95.04,2185.92,0
1077,1,0,0,1,29,1,1,1,0,0,1,1,0,1,2,1,0,70.59,2047.11,0
1078,1,0,1,0,28,0,1,0,1,1,1,1,1,1,2,0,1,95.92,2685.76,0
1079,1,1,0,1,72,1,0,2,1,0,1,0,0,0,2,1,1,34.28,2468.16,0
1080,1,0,1,0,41,1,0,2,1,0,0,0,0,1,1,1,2,53.89,2209.49,0
1081,1,0,0,1,42,0,1,1,0,0,0,0,0,0,0,0,2,60.03,2521.26,0
1082,0,0,0,1,41,1,1,2,0,1,0,1,0,1,0,1,2,70.95,2908.95,0
1083,0,0,0,1,49,1,0,1,1,1,0,1,0,1,2,0,2,75.92,3720.08,0
1084,0,0,1,0,41,1,0,1,0,1,0,0,0,1,0,0,2,73.59,3017.19,1
1085,0,1,0,0,66,0,1,1,1,0,0,0,0,0,2,0,0,114.34,7546.44,0
1086,0,0,0,1,36,0,0,2,1,0,1,0,1,1,1,0,2,92.27,3321.72,0
1087,0,0,0,0,49,0,1,1,1,0,0,0,1,1,2,1,2,44.77,2193.73,0
1088,0,0,0,1,35,0,1,0,0,0,0,1,0,0,0,0,0,92.03,3221.05,0
1089,0,0,1,0,35,0,0,1,0,1,0,0,0,0,2,1,1,20.07,702.45,0
1090,0,1,1,1,1,1,0,2,1,1,1,1,0,0,1,0,2,113.1,113.1,0
1091,1,0,1,0,46,1,1,0,1,0,0,0,0,0,1,0,2,28.51,1311.46,0
1092,0,0,1,1,58,0,1,2,1,0,1,0,1,0,2,0,1,51.66,2996.28,0
1093,0,0,0,0,14,0,0,1,0,1,1,0,0,0,1,0,3,31.16,436.24,0
1094,1,0,0,0,18,0,1,1,1,1,1,1,1,0,2,0,1,37.53,675.54,1
1095,0,0,0,1,52,0,1,2,0,1,1,1,0,0,0,1,2,45.51,2366.52,0
1096,0,0,1,1,42,1,0,1,0,0,0,0,1,0,1,0,1,72.38,3039.96,0
1097,0,0,0,1,35,0,0,0,0,0,1,0,0,0,1,0,2,106.67,3733.45,0
1098,0,0,1,0,4,1,0,1,1,0,0,1,0,0,2,0,0,84.53,338.12,0
1099,0,0,0,0,22,1,0,2,0,1,1,1,1,1,2,1,3,87.4,1922.8,0
1100,0,0,1,0,70,1,1,1,1,0,1,1,1,0,1,1,0,61.46,4302.2,0
1101,1,0,0,0,45,1,1,2,1,1,1,0,0,0,1,0,2,79.83,3592.35,0
1102,1,0,0,1,10,0,1,1,1,1,0,0,0,1,0,0,1,106.65,1066.5,1
1103,1,1,0,0,69,1,1,2,0,1,0,0,0,0,2,0,1,113.65,7841.85,0
1104,1,0,0,1,66,0,0,1,0,1,0,0,1,1,2,1,3,108.7,7174.2,0
1105,0,0,0,0,38,1,0,1,1,0,1,1,0,0,2,1,2,92.11,3500.18,0
1106,0,0,0,1,19,0,0,0,0,1,0,0,1,0,2,0,0,63.47,1205.93,0
1107,0,0,0,0,60,1,0,1,0,0,1,1,1,1,2,0,2,113.06,6783.6,0
1108,1,0,1,0,1,0,0,1,1,0,0,1,0,0,1,1,2,28.88,28.88,0
1109,0,1,1,0,28,0,0,0,0,0,0,1,1,0,1,1,2,72.22,2022.16,1
1110,0,1,0,0,24,0,1,0,1,1,0,1,0,0,2,0,2,71.69,1720.56,0
1111,0,0,1,0,25,0,1,1,1,1,0,0,0,0,0,0,2,84.28,2107.0,1
1112,0,1,0,0,35,1,1,2,0,0,1,1,0,0,2,0,0,33.01,1155.35,0
1113,0,0,1,1,10,1,1,0,0,0,0,1,1,1,2,1,2,33.16,331.6,0
1114,0,1,1,0,47,1,0,1,0,1,0,1,0,1,2,0,2,115.38,5422.86,0
1115,1,0,1,0,44,0,1,2,0,1,0,1,1,1,2,1,1,34.53,1519.32,0
1116,0,0,1,0,14,0,1,1,1,0,0,0,0,1,1,1,2,68.88,964.32,0
1117,1,0,1,1,33,0,0,0,0,0,0,1,0,0,0,0,3,46.02,1518.66,0
1118,1,0,0,0,30,0,0,1,0,0,0,1,0,0,0,1,1,58.79,1763.7,0
1119,1,1,1,0,45,1,1,2,0,1,1,0,1,0,1,1,1,73.3,3298.5,0
1120,1,0,1,1,69,0,1,0,1,0,1,0,1,0,0,1,0,118.12,8150.28,0
1121,0,0,1,1,34,1,0,0,1,1,0,1,0,0,2,0,2,68.46,2327.64,0
1122,1,0,0,1,39,0,0,2,1,0,1,1,0,1,1,1,0,97.04,3784.56,0
1123,1,1,1,1,29,0,0,1,0,0,1,1,1,1,1,1,3,90.2,2615.8,1
1124,0,0,0,1,45,1,1,2,0,0,1,0,0,0,0,1,0,96.51,4342.95,0
1125,0,1,1,0,64,0,1,0,0,1,0,0,0,0,1,1,2,100.84,6453.76,0
1126,1,1,0,0,18,0,0,0,1,0,1,1,0,0,0,1,1,96.31,1733.58,0
1127,1,0,0,0,70,0,1,1,1,0,1,0,0,0,1,0,3,90.29,6320.3,0
1128,1,0,0,1,64,0,1,1,1,0,0,1,0,1,1,0,2,79.67,5098.88,0
1129,0,0,0,1,1,0,1,0,0,0,1,1,1,0,0,0,2,49.55,49.55,1
1130,1,0,0,0,13,1,0,2,1,0,0,1,1,1,2,1,0,115.97,1507.61,0
1131,1,1,1,0,66,0,0,2,0,1,0,1,1,1,1,1,2,35.77,2360.82,1
1132,0,0,1,1,43,0,1,2,0,0,0,1,1,0,2,0,0,44.09,1895.87,0
1133,0,0,0,0,14,1,0,0,1,1,1,1,1,0,2,0,1,117.41,1643.74,0
1134,0,0,0,1,51,0,0,0,0,0,0,0,1,1,1,0,3,94.13,4800.63,0
1135,1,1,1,1,10,1,1,2,0,1,1,1,1,1,0,1,0,45.08,450.8,0
1136,0,0,0,0,52,0,1,0,1,0,0,0,1,1,2,0,0,98.4,5116.8,0
1137,0,0,0,1,35,1,1,0,1,0,0,0,1,0,1,0,3,79.01,2765.35,0
1138,1,1,1,1,24,0,0,0,1,0,1,1,1,1,0,1,0,42.01,1008.24,0
1139,1,0,1,1,35,1,1,2,1,0,0,1,1,1,0,0,0,112.05,3921.75,1
1140,0,1,0,0,62,0,0,0,1,1,1,0,1,1,0,1,3,63.22,3919.64,1
1141,1,0,1,1,63,1,1,0,0,1,0,0,1,1,0,1,3,38.2,2406.6,0
1142,1,0,0,1,31,1,0,0,1,0,1,1,1,1,1,0,2,50.71,1572.01,0
1143,0,0,1,0,43,0,1,2,0,0,0,0,1,1,1,1,3,59.68,2566.24,1
1144,1,1,0,0,15,1,0,1,0,1,0,1,1,1,0,0,1,29.08,436.2,1
1145,0,0,1,1,41,0,0,2,1,0,1,1,1,0,1,1,0,88.56,3630.96,0
1146,0,0,0,0,39,1,1,0,0,0,1,1,1,0,2,1,3,54.58,2128.62,0
1147,0,1,1,1,5,1,0,1,1,0,1,1,0,0,0,1,2,75.02,375.1,0
1148,1,0,0,1,50,0,1,0,1,1,0,0,1,0,2,1,3,40.66,2033.0,0
1149,1,0,0,0,47,0,0,1,0,1,1,1,1,0,2,1,3,115.55,5430.85,0
1150,1,0,1,0,13,0,0,2,0,1,1,0,1,0,1,0,2,39.68,515.84,0
1151,0,1,1,0,60,1,1,0,0,1,0,0,0,0,0,0,0,91.94,5516.4,0
1152,0,0,1,0,11,1,1,2,1,0,1,1,1,1,0,0,0,29.51,324.61,0
1153,1,0,0,0,65,0,0,2,1,0,0,1,1,0,1,0,1,48.43,3147.95,1
1154,1,0,0,0,67,0,0,2,0,0,0,0,1,1,2,0,0,61.47,4118.49,0
1155,1,1,0,0,39,0,0,1,1,0,1,1,0,1,1,0,2,23.89,931.71,0
1156,0,0,1,1,56,1,0,2,0,1,0,0,0,0,0,1,2,28.14,1575.84,0
1157,1,0,0,1,32,1,1,0,0,0,0,1,0,0,2,0,1,86.93,2781.76,0
1158,1,0,1,1,39,1,1,1,1,0,1,0,1,1,0,0,3,104.79,4086.81,0
1159,0,0,0,1,44,1,1,0,0,0,0,0,0,0,2,1,1,64.99,2859.56,0
1160,1,0,0,0,54,0,0,2,0,0,1,0,0,1,1,1,1,73.95,3993.3,0
1161,1,0,1,0,1,0,0,2,0,1,0,1,1,1,2,1,3,39.64,39.64,0
1162,0,0,0,0,23,1,1,2,0,1,1,0,0,0,2,0,0,34.47,792.81,0
1163,0,0,0,0,72,1,1,2,1,0,0,1,0,0,2,1,3,57.78,4160.16,0
1164,1,1,0,1,55,1,0,0,1,1,0,1,1,1,2,1,0,102.73,5650.15,0
1165,0,0,1,1,22,1,0,2,0,0,0,0,1,0,1,1,1,20.81,457.82,0
1166,1,0,1,0,38,1,1,2,1,0,1,1,1,0,0,0,2,67.33,2558.54,0
1167,1,0,0,0,18,0,1,2,0,1,1,0,1,1,0,0,3,106.33,1913.94,1
1168,0,0,1,0,40,0,1,0,0,0,0,0,1,1,0,1,0,45.33,1813.2,0
1169,0,1,1,0,44,1,1,1,0,1,0,0,1,0,0,0,3,27.04,1189.76,0
1170,0,0,1,0,48,1,1,1,1,0,1,1,1,0,1,0,1,28.53,1369.44,0
1171,0,0,0,1,1,0,1,1,1,0,0,1,1,0,1,1,3,67.78,67.78,0
1172,1,0,0,0,13,0,0,2,1,0,0,1,0,0,2,0,1,61.25,796.25,0
1173,1,0,0,0,28,1,0,2,1,1,1,1,1,0,0,0,2,94.52,2646.56,1
1174,1,1,1,0,52,1,1,1,0,0,1,0,1,1,0,0,0,70.54,3668.08,0
1175,1,1,1,0,48,1,0,1,1,1,1,1,1,0,2,0,1,66.81,3206.88,0
1176,0,0,0,1,56,0,0,0,1,1,0,0,0,1,0,0,2,75.59,4233.04,0
1177,1,0,1,0,17,0,1,2,0,0,1,0,0,1,1,1,3,109.88,1867.96,0
1178,0,0,1,1,29,1,0,2,0,0,1,1,0,0,1,1,0,41.28,1197.12,0
1179,0,1,1,1,22,0,1,1,0,0,0,1,1,0,0,1,0,61.22,1346.84,0
1180,1,0,1,1,52,0,1,0,1,0,1,0,1,1,0,1,1,76.79,3993.08,1
1181,1,1,1,0,31,0,0,0,1,1,0,1,0,1,0,0,3,77.31,2396.61,0
1182,0,0,0,1,53,0,0,1,1,1,0,0,0,0,2,0,0,111.75,5922.75,0
1183,0,0,1,0,16,0,0,2,1,0,1,1,1,1,0,1,1,110.43,1766.88,1
1184,1,0,1,1,26,0,1,1,0,1,1,0,0,0,2,1,0,54.25,1410.5,0
1185,1,1,0,0,46,0,1,1,0,0,0,1,0,1,0,0,0,35.48,1632.08,1
1186,1,0,0,0,20,1,1,0,0,0,0,0,0,1,0,1,0,69.41,1388.2,0
1187,0,0,0,1,2,1,0,1,1,0,1,1,0,1,1,1,2,57.52,115.04,0
1188,0,0,0,0,4,1,0,2,1,1,0,1,0,1,0,0,2,101.88,407.52,1
1189,1,0,1,1,9,1,1,0,1,1,1,1,0,0,0,1,2,106.11,954.99,1
1190,1,0,0,0,70,0,1,2,1,1,0,0,1,0,1,1,0,22.25,1557.5,0
1191,0,0,1,0,62,0,1,2,0,1,0,1,1,0,0,1,3,91.22,5655.64,1
1192,1,0,1,0,67,0,0,1,0,1,1,0,0,0,2,0,3,33.76,2261.92,0
1193,0,0,0,1,29,0,0,0,1,1,0,0,1,1,2,1,0,115.05,3336.45,0
1194,0,0,1,1,2,1,0,0,0,0,1,0,0,0,2,0,2,81.1,162.2,0
1195,1,0,1,0,59,1,1,1,0,1,1,1,0,1,1,0,3,43.58,2571.22,1
1196,1,0,1,1,68,0,0,1,1,0,1,1,0,0,0,0,1,66.72,4536.96,0
1197,0,1,0,1,31,1,0,1,0,1,0,0,1,1,0,1,3,68.15,2112.65,0
1198,0,0,0,1,15,0,0,0,0,1,0,1,1,0,0,0,0,74.86,1122.9,0
1199,0,0,1,1,26,0,1,0,1,1,1,0,0,1,0,0,1,42.38,1101.88,0
1200,1,0,0,0,72,1,1,1,0,1,0,1,1,0,0,0,0,109.78,7904.16,0
1201,0,0,0,1,28,1,0,0,1,0,1,0,1,0,1,0,2,55.3,1548.4,0
1202,1,0,0,0,28,0,0,2,1,1,0,1,1,1,1,1,3,99.12,2775.36,1
1203,1,1,0,0,52,0,0,1,0,1,0,0,0,1,1,1,2,106.17,5520.84,0
1204,0,0,1,1,49,0,0,1,1,1,1,1,1,0,2,0,3,67.89,3326.61,0
1205,0,0,1,1,33,1,0,1,1,0,1,0,0,0,2,0,3,93.5,3085.5,0
1206,0,0,0,1,27,1,0,1,0,1,1,1,1,1,2,0,1,104.75,2828.25,0
1207,0,0,1,0,67,0,1,0,1,0,0,1,1,0,2,0,3,41.71,2794.57,0
1208,1,0,0,0,18,1,1,2,0,1,0,1,0,0,2,0,1,53.18,957.24,0
1209,1,0,1,1,29,0,1,2,1,1,0,1,0,0,2,1,1,42.22,1224.38,0
1210,1,0,0,0,33,1,1,2,0,1,0,0,1,0,0,1,3,40.63,1340.79,1
1211,1,0,0,1,46,1,1,2,0,0,1,0,0,0,2,1,0,52.64,2421.44,0
1212,1,0,0,1,51,0,1,2,0,0,1,1,1,1,0,0,3,57.3,2922.3,0
1213,0,0,0,1,10,1,0,2,0,1,1,1,0,0,2,1,2,40.45,404.5,0
1214,0,1,1,0,55,0,1,0,1,0,0,1,1,0,0,1,0,37.5,2062.5,0
1215,0,0,1,1,72,0,0,1,0,0,0,0,1,1,0,1,2,115.33,8303.76,1
1216,1,0,1,0,25,0,0,1,1,1,1,0,0,1,2,0,3,75.97,1899.25,0
1217,1,0,0,0,35,0,0,2,1,1,1,1,0,1,0,1,0,27.97,978.95,0
1218,1,0,1,0,50,1,0,0,0,1,1,1,1,0,2,1,0,64.03,3201.5,0
1219,1,0,0,1,7,0,1,0,0,1,1,1,1,1,2,1,0,92.7,648.9,0
1220,0,0,0,0,5,1,1,2,1,0,0,1,1,0,0,1,0,49.33,246.65,0
1221,0,0,0,1,68,1,0,1,0,0,1,0,1,0,2,1,0,52.17,3547.56,0
1222,1,0,0,0,21,1,1,2,0,0,0,1,0,1,1,0,3,83.53,1754.13,0
1223,0,0,0,1,31,1,1,1,1,0,0,0,1,0,1,1,0,37.25,1154.75,0
1224,1,0,0,0,22,1,0,1,1,1,0,1,1,0,0,1,2,49.69,1093.18,0
1225,1,1,1,1,27,1,0,0,0,0,0,1,1,0,1,1,3,26.43,713.61,0
1226,0,0,1,1,62,1,1,1,1,1,1,0,1,0,2,0,3,36.53,2264.86,0
1227,0,0,0,0,4,1,0,2,1,0,0,0,0,0,1,1,3,83.74,334.96,0
1228,1,1,0,0,1,1,1,1,1,0,1,1,1,0,1,0,3,34.31,34.31,1
1229,1,1,1,1,21,0,0,1,1,1,0,1,1,1,0,0,0,24.54,515.34,1
1230,1,0,1,1,52,0,0,2,1,0,1,0,0,0,2,0,3,75.43,3922.36,1
1231,1,1,1,0,15,0,1,1,0,0,1,0,0,0,0,1,2,60.57,908.55,0
1232,1,0,0,0,13,1,1,2,0,0,1,1,1,0,1,0,1,69.77,907.01,0
1233,1,0,1,1,66,1,0,0,0,1,1,1,0,1,2,1,3,63.03,4159.98,0
1234,1,0,1,0,27,1,1,1,0,1,0,1,1,0,2,1,0,108.59,2931.93,0
1235,0,1,0,1,28,0,1,2,1,1,0,1,1,0,2,0,0,74.07,2073.96,0
1236,0,0,1,1,8,1,0,0,1,1,1,0,0,1,1,0,3,72.76,582.08,1
1237,1,0,1,0,35,0,1,1,0,0,0,0,1,1,0,1,0,37.53,1313.55,0
1238,0,1,0,1,7,1,1,1,1,0,0,0,1,0,0,1,3,56.2,393.4,0
1239,0,0,1,1,55,0,1,1,0,1,1,1,1,0,0,1,3,25.7,1413.5,1
1240,1,1,1,0,1,1,1,0,1,0,1,1,1,0,1,0,0,77.11,77.11,0
1241,0,0,0,0,69,0,0,0,1,1,0,0,1,0,1,1,3,101.59,7009.71,0
1242,0,0,0,1,52,1,0,0,0,0,1,1,0,0,1,1,0,52.52,2731.04,0
1243,1,1,0,1,40,0,0,1,1,0,1,0,0,0,1,0,0,106.12,4244.8,0
1244,1,0,1,0,33,0,0,0,1,1,0,1,1,0,2,0,0,26.43,872.19,0
1245,1,0,1,1,20,0,1,2,1,1,1,1,0,0,0,1,1,91.29,1825.8,1
1246,0,1,1,0,28,0,0,2,0,0,1,0,0,1,0,0,3,52.63,1473.64,0
1247,1,0,1,0,49,1,1,2,1,0,0,0,1,0,2,0,2,91.7,4493.3,0
1248,0,0,0,0,20,1,0,2,1,0,0,1,1,0,1,0,3,30.24,604.8,0
1249,1,0,0,1,21,0,0,1,0,0,0,0,1,1,2,0,2,111.25,2336.25,0
1250,1,0,0,1,50,0,1,2,1,0,1,1,1,0,1,0,2,64.46,3223.0,0
1251,1,0,1,0,69,1,0,2,0,1,1,0,0,1,1,0,3,91.35,6303.15,0
1252,1,0,1,1,66,0,1,0,0,1,1,0,1,1,0,1,1,108.2,7141.2,1
1253,1,1,1,0,48,1,1,0,0,0,0,0,0,0,1,1,2,119.38,5730.24,0
1254,0,0,0,0,37,1,1,1,1,0,0,0,1,1,2,1,2,87.48,3236.76,0
1255,0,0,1,0,43,0,0,1,0,1,1,1,0,0,2,0,1,34.07,1465.01,0
1256,0,0,1,0,22,0,1,0,0,0,0,1,1,1,2,0,0,25.25,555.5,0
1257,0,0,0,1,61,1,0,1,0,0,0,0,1,0,2,0,0,98.54,6010.94,0
1258,1,0,1,1,46,1,0,1,0,0,0,1,1,1,1,0,0,43.36,1994.56,0
1259,1,1,1,1,16,1,0,2,0,0,0,1,0,1,1,0,3,80.65,1290.4,0
1260,0,0,1,1,27,1,0,1,1,0,0,0,1,0,1,1,1,111.27,3004.29,0
1261,0,0,0,0,12,0,1,0,0,0,0,1,0,0,2,0,2,106.19,1274.28,0
1262,1,0,1,0,31,1,1,0,1,0,1,1,1,0,0,0,3,89.63,2778.53,1
1263,1,0,1,0,62,1,0,0,1,0,0,1,0,1,0,1,3,91.26,5658.12,0
1264,0,0,1,0,42,1,1,2,0,1,0,1,0,0,1,0,2,84.48,3548.16,0
1265,0,0,0,0,25,0,0,1,1,1,1,0,1,1,2,0,0,107.09,2677.25,0
1266,0,0,0,0,42,1,1,1,0,0,0,1,1,0,2,0,0,48.51,2037.42,0
1267,1,0,0,0,18,0,1,0,1,0,1,0,0,0,0,0,1,32.68,588.24,1
1268,1,0,1,1,45,0,0,1,0,1,1,1,0,1,1,1,0,119.39,5372.55,0
1269,1,0,1,1,37,1,0,0,1,1,1,1,0,1,1,0,0,51.27,1896.99,0
1270,1,1,0,0,7,0,1,0,0,1,1,0,0,0,0,1,3,114.89,804.23,1
1271,0,0,0,0,19,1,1,0,0,1,0,0,0,1,2,0,1,43.12,819.28,0
1272,0,0,1,1,43,1,0,0,1,0,0,1,0,1,0,0,1,76.06,3270.58,0
1273,0,1,1,0,2,1,0,0,1,1,1,0,0,1,0,1,1,99.12,198.24,0
1274,0,0,0,1,50,0,0,2,1,1,0,0,0,1,2,1,3,52.85,2642.5,0
1275,0,0,0,1,52,0,0,0,1,0,1,1,0,1,2,1,0,109.18,5677.36,0
1276,1,0,0,0,20,0,1,1,0,1,1,1,1,1,0,0,1,27.49,549.8,1
1277,0,0,1,1,7,1,0,0,0,0,1,1,0,1,0,1,3,60.38,422.66,0
1278,1,0,1,1,3,0,1,1,0,0,0,1,1,1,1,0,0,45.2,135.6,0
1279,0,0,0,0,33,1,1,0,1,0,0,1,0,1,0,0,0,72.58,2395.14,0
1280,1,0,0,1,25,1,0,0,0,1,1,1,0,1,0,0,2,84.98,2124.5,1
1281,1,0,1,0,25,0,1,2,0,0,1,1,0,0,2,0,1,55.41,1385.25,0
1282,0,0,0,0,7,0,1,2,0,1,1,1,1,1,0,1,2,73.79,516.53,1
1283,1,1,1,1,6,1,0,1,1,0,0,0,1,0,0,1,0,110.68,664.08,0
1284,1,0,0,0,28,1,1,0,0,0,0,0,1,1,1,0,2,85.81,2402.68,0
1285,0,0,1,0,37,1,0,2,1,1,0,0,0,0,1,0,3,97.28,3599.36,0
1286,1,1,0,1,3,0,0,2,1,1,0,1,0,1,0,0,0,113.96,341.88,1
1287,1,0,0,1,70,0,0,1,0,0,0,1,0,1,1,1,1,93.31,6531.7,0
1288,1,1,1,0,64,1,0,2,0,1,0,0,1,0,2,1,1,67.26,4304.64,0
1289,0,0,1,1,28,0,0,1,0,0,1,0,0,1,1,0,1,114.11,3195.08,1
1290,0,0,1,0,30,1,0,0,0,0,0,1,0,1,1,1,1,109.38,3281.4,0
1291,0,0,1,0,18,0,0,2,1,1,0,1,1,0,0,1,3,64.75,1165.5,0
1292,1,0,1,1,43,0,1,1,1,0,1,0,0,1,2,0,1,55.84,2401.12,0
1293,1,0,0,0,44,1,0,0,0,1,1,0,0,1,2,0,3,111.25,4895.0,0
1294,1,0,1,0,35,0,0,2,0,0,0,0,0,1,1,1,3,65.5,2292.5,0
1295,1,0,0,1,42,1,1,1,1,0,1,0,0,1,1,1,1,119.96,5038.32,0
1296,0,1,0,0,6,1,1,2,0,0,0,0,1,1,2,0,1,80.25,481.5,0
1297,1,0,0,0,18,1,1,2,1,1,1,0,0,0,1,0,3,21.68,390.24,0
1298,0,0,0,1,16,1,0,1,0,0,1,1,1,1,2,1,3,27.33,437.28,0
1299,1,0,0,0,8,0,1,2,0,1,0,0,1,1,1,0,1,86.13,689.04,0
1300,1,1,0,1,17,0,1,2,1,1,1,1,1,0,2,1,2,72.82,1237.94,0
1301,1,0,1,0,71,1,1,0,1,0,0,0,1,1,1,1,3,97.26,6905.46,0
1302,0,0,0,0,51,0,0,2,1,0,0,1,0,1,1,0,3,100.66,5133.66,0
1303,1,0,1,0,23,1,0,1,0,1,0,1,0,1,1,1,3,56.06,1289.38,0
1304,1,0,1,0,63,0,0,2,0,1,1,0,1,0,1,1,1,55.9,3521.7,0
1305,0,0,0,0,22,0,1,1,0,1,0,1,0,1,1,1,1,71.69,1577.18,0
1306,1,0,0,0,61,0,1,2,0,0,0,0,0,1,1,0,1,82.15,5011.15,0
1307,1,1,0,0,59,1,0,0,0,1,1,0,1,0,1,1,2,27.16,1602.44,0
1308,1,0,1,1,39,1,1,0,0,1,1,1,0,1,0,0,3,86.95,3391.05,0
1309,0,0,1,1,50,0,1,0,1,1,1,1,0,0,1,1,1,35.2,1760.0,0
1310,1,1,1,0,11,1,0,0,1,1,1,1,1,0,1,1,1,81.31,894.41,0
1311,1,0,0,0,18,0,0,1,0,0,0,1,0,1,2,1,1,84.58,1522.44,0
1312,0,0,1,1,16,0,1,0,1,0,0,0,0,1,2,1,1,79.12,1265.92,0
1313,1,0,0,1,26,1,0,1,0,0,1,0,0,1,0,1,3,94.53,2457.78,0
1314,0,0,1,1,27,1,1,1,0,0,0,0,1,0,0,1,1,65.35,1764.45,0
1315,1,0,0,0,3,0,1,2,1,0,0,0,1,0,0,1,1,52.97,158.91,0
1316,1,0,1,0,35,0,1,1,1,1,1,1,0,0,0,0,3,37.42,1309.7,0
1317,0,0,1,0,59,1,1,0,0,0,0,1,1,0,1,0,2,116.09,6849.31,0
1318,1,0,0,0,41,0,0,2,1,0,1,0,1,1,0,1,2,75.31,3087.71,0
1319,0,1,0,1,8,1,1,0,0,0,0,1,1,0,1,0,1,23.06,184.48,1
1320,0,0,1,0,19,0,0,0,0,0,1,0,0,0,2,0,1,58.64,1114.16,1
1321,1,0,1,0,3,0,0,1,1,0,0,1,1,1,0,1,3,117.79,353.37,0
1322,1,0,0,0,42,0,0,1,0,1,1,0,0,0,0,0,2,101.23,4251.66,1
1323,0,0,0,1,51,0,1,0,0,1,0,1,0,1,1,1,2,73.45,3745.95,0
1324,0,0,1,1,4,1,0,0,0,0,0,0,0,0,0,0,0,32.09,128.36,0
1325,0,0,0,0,10,1,1,1,0,1,1,1,0,1,2,0,2,29.24,292.4,0
1326,1,0,0,1,45,1,1,1,0,1,1,0,0,0,1,0,2,39.28,1767.6,0
1327,0,0,1,1,29,1,1,1,0,0,0,0,0,1,0,1,2,105.38,3056.02,1
1328,1,1,0,0,9,1,1,2,1,0,0,0,0,0,1,1,1,76.31,686.79,1
1329,1,0,0,1,67,1,0,2,1,1,1,1,0,0,0,0,1,74.57,4996.19,0
1330,1,0,0,1,43,0,1,1,1,0,1,1,0,0,0,1,2,49.62,2133.66,0
1331,0,0,0,1,45,0,1,0,1,0,1,1,0,0,1,0,0,25.33,1139.85,0
1332,1,1,0,0,6,1,1,0,1,1,1,0,1,1,1,1,1,68.53,411.18,0
1333,1,0,0,0,35,1,0,1,0,1,0,1,1,0,1,1,1,108.15,3785.25,0
1334,1,0,0,0,72,1,1,0,1,0,1,0,1,0,2,0,0,118.38,8523.36,0
1335,0,0,1,0,24,1,1,2,1,0,1,0,0,1,0,0,1,59.34,1424.16,1
1336,1,0,1,0,16,0,1,2,0,1,0,1,1,1,0,1,3,23.89,382.24,0
1337,0,0,1,0,39,1,1,0,0,0,1,0,0,1,0,0,2,48.31,1884.09,0
1338,1,0,1,1,35,1,1,0,1,0,0,0,1,1,1,0,2,118.61,4151.35,0
1339,0,0,1,0,71,1,0,0,0,1,1,1,0,1,1,0,3,109.62,7783.02,1
1340,1,1,1,0,61,0,0,1,1,0,0,0,0,0,1,0,3,104.66,6384.26,0
1341,0,1,1,1,21,0,1,0,1,0,1,0,1,0,2,0,0,105.57,2216.97,0
1342,1,0,1,1,48,0,1,0,1,0,1,1,0,0,2,1,2,108.46,5206.08,0
1343,0,0,0,1,53,1,0,1,1,1,1,1,0,0,2,1,1,88.4,4685.2,0
1344,0,0,0,1,61,0,0,1,1,0,0,0,1,0,1,1,2,25.29,1542.69,1
1345,1,0,0,1,7,0,0,1,0,1,1,1,0,1,2,0,2,20.4,142.8,0
1346,1,0,0,0,6,1,0,0,1,1,1,1,0,0,0,1,2,70.68,424.08,0
1347,0,0,0,1,2,0,0,0,1,1,1,1,0,1,0,1,2,37.91,75.82,1
1348,1,0,0,1,46,1,1,1,1,0,1,0,1,1,2,0,0,91.72,4219.12,0
1349,0,0,0,1,38,1,0,1,1,0,0,0,1,0,0,1,1,103.39,3928.82,1
1350,0,0,0,0,72,0,0,2,1,0,0,1,1,0,0,0,1,82.38,5931.36,1
1351,0,0,1,0,18,1,1,0,1,0,0,0,0,1,2,1,2,45.2,813.6,0
1352,0,1,0,0,71,0,1,2,0,0,1,0,1,0,1,0,1,32.46,2304.66,0
1353,0,0,0,0,32,1,0,2,1,1,1,0,1,1,0,1,3,36.0,1152.0,1
1354,1,0,0,1,33,0,0,2,1,0,1,0,0,1,2,0,1,31.29,1032.57,0
1355,1,0,0,1,55,0,1,1,0,0,0,0,0,0,1,0,3,45.1,2480.5,0
1356,1,0,0,1,42,0,1,2,0,0,0,0,1,1,0,0,1,75.49,3170.58,0
1357,0,1,0,1,65,1,0,1,0,0,0,0,1,1,1,0,3,81.22,5279.3,0
1358,1,0,0,1,43,0,1,0,1,1,1,0,1,1,2,1,1,42.47,1826.21,0
1359,1,0,1,1,58,0,0,2,0,0,0,1,1,1,2,0,2,102.8,5962.4,0
1360,1,0,0,1,32,0,0,2,1,1,0,0,0,1,2,0,3,68.72,2199.04,0
1361,0,0,1,1,69,0,1,0,0,0,0,1,1,1,0,1,2,63.85,4405.65,0
1362,1,0,0,0,66,1,1,1,0,1,0,0,1,1,2,1,3,97.27,6419.82,0
1363,0,0,1,0,23,0,1,2,0,1,1,1,0,0,1,0,2,92.86,2135.78,0
1364,0,0,0,1,52,1,1,1,1,1,0,0,0,1,1,1,2,115.91,6027.32,1
1365,1,1,0,1,19,1,1,2,1,0,1,0,1,0,0,1,3,26.29,499.51,1
1366,0,1,1,0,24,1,1,2,0,0,0,1,0,1,2,0,3,56.86,1364.64,0
1367,0,0,0,1,22,0,1,0,1,1,0,0,1,1,1,1,0,36.3,798.6,0
1368,1,0,1,0,58,1,0,0,0,0,0,1,0,1,1,0,0,57.11,3312.38,1
1369,0,0,1,0,29,0,1,1,0,0,1,1,0,1,0,0,3,103.87,3012.23,0
1370,1,0,1,0,12,1,0,2,0,0,0,1,1,1,2,0,2,104.0,1248.0,1
1371,0,1,1,0,50,0,1,1,0,0,1,0,1,0,2,1,2,40.71,2035.5,0
1372,0,0,0,0,24,0,0,2,1,1,0,0,1,0,1,1,2,31.97,767.28,0
1373,0,0,0,0,61,1,0,2,1,1,1,0,0,1,1,0,0,71.53,4363.33,0
1374,1,0,0,1,9,1,1,1,0,0,0,0,0,1,1,1,0,26.12,235.08,0
1375,0,0,0,1,8,0,0,1,1,1,0,1,0,0,2,0,1,73.5,588.0,0
1376,0,1,1,0,39,1,1,2,1,1,0,0,1,0,0,1,2,43.32,1689.48,0
1377,1,0,0,1,28,1,0,1,0,1,0,0,1,0,1,1,1,36.61,1025.08,0
1378,0,0,1,0,23,0,0,1,0,1,1,0,0,0,1,1,0,102.67,2361.41,0
1379,0,0,1,1,23,1,0,1,0,0,1,0,1,1,0,1,1,23.34,536.82,0
1380,0,0,1,0,40,1,0,1,0,1,0,0,0,0,1,0,1,42.24,1689.6,0
1381,1,0,1,1,60,1,0,0,0,1,1,0,1,1,2,1,0,35.46,2127.6,0
1382,1,0,1,0,20,0,1,1,1,0,1,0,0,0,1,1,0,40.64,812.8,0
1383,1,0,1,0,2,0,1,2,0,1,0,0,1,0,1,1,0,109.37,218.74,0
1384,0,0,1,1,41,0,1,2,0,0,1,1,1,1,0,1,0,95.02,3895.82,0
1385,0,0,0,1,12,1,1,1,1,0,0,0,1,1,2,0,1,40.01,480.12,0
1386,1,1,0,0,31,1,1,2,0,0,1,1,1,1,0,0,0,57.02,1767.62,1
1387,0,0,1,0,8,0,1,1,0,1,1,1,0,1,1,1,2,64.49,515.92,0
1388,0,0,1,1,19,1,0,1,0,1,0,1,0,1,2,0,0,63.25,1201.75,0
1389,1,0,0,0,1,1,0,2,0,0,1,1,0,1,2,1,1,62.19,62.19,0
1390,0,0,0,1,8,0,1,2,0,1,0,1,1,0,1,0,1,37.14,297.12,0
1391,0,0,0,1,28,1,1,0,1,0,0,1,1,1,2,1,0,53.99,1511.72,0
1392,1,0,0,0,32,1,1,0,1,0,1,1,1,1,2,1,2,111.76,3576.32,0
1393,0,1,0,0,38,0,0,1,1,0,0,0,1,1,0,1,2,94.14,3577.32,0
1394,1,1,1,0,32,0,0,2,0,0,1,1,0,1,0,0,1,83.6,2675.2,1
1395,1,0,0,0,2,1,1,2,1,0,0,1,1,1,0,0,2,61.46,122.92,0
1396,1,0,0,0,45,1,0,2,1,0,0,0,1,0,1,1,2,51.87,2334.15,0
1397,0,0,0,0,21,1,0,1,0,1,1,0,0,1,0,0,1,22.37,469.77,1
1398,1,1,1,0,65,1,0,0,0,1,1,0,1,0,0,0,1,37.81,2457.65,1
1399,1,1,0,0,25,1,1,0,1,0,0,0,1,0,2,0,3,58.6,1465.0,0
1400,0,0,1,0,29,1,1,2,1,1,1,1,0,0,2,0,1,62.51,1812.79,0
1401,1,0,1,1,18,1,0,1,1,0,0,1,0,0,2,0,1,100.59,1810.62,0
1402,0,0,0,1,42,1,1,1,0,0,0,1,1,1,2,0,2,95.05,3992.1,0
1403,1,1,0,0,23,1,0,0,0,0,0,0,1,0,0,1,0,96.91,2228.93,0
1404,0,0,1,1,59,0,0,0,0,1,1,0,1,1,0,1,1,47.12,2780.08,0
1405,1,0,0,0,29,0,1,1,1,1,1,0,0,1,0,1,1,63.69,1847.01,1
1406,0,1,0,1,71,0,0,2,1,0,1,1,1,1,2,1,1,70.86,5031.06,0
1407,0,0,1,0,52,1,0,2,1,1,1,0,0,1,2,0,2,62.28,3238.56,0
1408,0,1,1,0,59,1,0,1,1,0,1,0,1,0,2,1,2,35.67,2104.53,0
1409,1,0,0,0,63,0,0,2,1,1,0,1,1,1,1,0,1,45.56,2870.28,0
1410,1,0,1,1,67,0,0,0,0,0,0,0,1,1,0,1,3,78.13,5234.71,0
1411,0,0,1,1,35,0,0,0,1,1,0,0,1,1,0,1,0,81.76,2861.6,0
1412,0,0,0,0,32,1,0,1,1,0,0,1,0,1,2,1,2,41.8,1337.6,0
1413,1,0,1,0,6,1,1,2,0,0,0,1,0,1,0,0,3,57.24,343.44,1
1414,1,0,0,1,38,0,1,1,1,0,1,0,1,1,2,1,1,96.57,3669.66,0
1415,1,0,0,0,1,0,0,1,1,0,0,0,1,0,1,0,3,98.38,98.38,0
1416,0,1,0,1,23,1,1,1,0,0,1,0,0,1,2,0,3,23.95,550.85,0
1417,0,0,1,1,3,1,1,2,0,0,1,0,1,0,1,0,1,86.37,259.11,0
1418,1,0,0,1,69,0,1,2,1,0,0,1,0,1,0,1,0,57.09,3939.21,1
1419,1,0,0,1,62,0,0,0,0,0,1,1,1,1,2,0,3,104.17,6458.54,0
1420,0,0,1,0,23,0,0,2,0,0,1,1,0,0,0,0,3,81.84,1882.32,0
1421,0,0,0,0,44,1,0,0,1,1,0,0,1,1,1,1,3,65.18,2867.92,0
1422,1,0,0,1,68,0,1,2,1,1,0,0,1,0,2,0,0,43.92,2986.56,0
1423,1,0,1,1,47,0,0,0,1,1,1,1,1,1,0,1,0,80.52,3784.44,0
1424,1,0,1,0,57,1,0,1,0,0,0,0,0,0,2,1,0,100.43,5724.51,0
1425,0,0,0,1,41,0,1,0,1,1,0,0,1,1,0,1,0,56.8,2328.8,0
1426,0,0,0,0,41,1,1,1,0,1,1,0,1,1,0,0,3,27.86,1142.26,0
1427,0,0,1,1,41,0,0,0,0,0,1,1,0,0,1,1,0,21.48,880.68,1
1428,0,0,1,0,38,0,1,1,0,1,1,0,0,0,1,1,2,101.69,3864.22,0
1429,0,0,1,1,23,0,0,0,0,0,1,0,0,1,1,1,3,98.8,2272.4,0
1430,1,0,0,0,55,1,0,1,1,1,0,0,0,0,2,1,1,58.56,3220.8,0
1431,1,1,0,1,69,0,1,2,0,0,0,0,1,1,0,1,2,75.74,5226.06,1
1432,0,0,0,0,33,1,1,0,0,0,0,1,1,0,0,1,0,105.84,3492.72,0
1433,0,0,0,1,16,0,1,1,0,1,0,0,0,0,2,0,0,44.29,708.64,0
1434,1,1,0,0,61,1,0,0,1,0,0,1,0,1,1,0,2,32.47,1980.67,0
1435,0,0,1,1,59,0,1,2,0,1,1,0,1,1,0,1,2,116.32,6862.88,0
1436,0,0,1,1,1,1,1,0,1,1,1,0,0,0,1,0,2,88.26,88.26,1
1437,1,0,0,0,5,1,0,0,1,1,1,1,1,0,2,0,3,117.78,588.9,0
1438,1,0,1,0,58,0,1,0,1,1,0,0,1,0,2,1,3,86.64,5025.12,1
1439,0,0,0,1,32,1,1,1,0,0,0,1,1,0,0,1,2,34.43,1101.76,0
1440,0,0,0,0,36,0,0,2,1,0,0,0,0,1,2,0,0,90.53,3259.08,0
1441,0,0,0,0,43,0,1,2,1,0,0,1,0,0,0,0,0,69.95,3007.85,0
1442,0,0,1,1,66,0,1,0,0,1,1,1,1,0,0,1,1,114.49,7556.34,1
1443,0,1,1,0,8,0,1,2,0,1,0,1,0,1,0,0,0,60.66,485.28,0
1444,0,1,1,1,60,1,1,2,1,0,0,0,1,1,0,0,1,21.08,1264.8,0
1445,1,1,1,0,33,0,1,0,1,1,0,0,1,1,0,0,0,57.94,1912.02,1
1446,1,0,1,1,12,0,1,1,0,1,0,0,1,1,0,1,0,77.51,930.12,0
1447,0,0,0,1,12,0,0,2,0,1,1,0,0,1,1,0,1,90.08,1080.96,0
1448,0,0,1,1,43,1,1,0,0,0,1,0,0,0,0,1,0,92.78,3989.54,1
1449,1,0,0,1,10,1,1,0,1,0,0,1,1,0,1,1,1,47.16,471.6,1
1450,1,0,0,0,64,1,0,0,1,1,0,0,1,0,1,1,0,118.47,7582.08,0
1451,0,1,0,0,17,0,1,0,1,0,0,1,0,1,2,0,0,77.25,1313.25,0
1452,1,0,1,1,35,1,1,1,0,0,1,1,1,1,0,0,3,86.75,3036.25,0
1453,0,0,1,1,17,0,1,2,0,0,0,1,0,1,1,1,3,78.99,1342.83,1
1454,1,0,1,1,44,1,0,2,1,1,1,1,0,0,1,0,1,63.34,2786.96,0
1455,0,0,0,1,68,0,0,2,1,0,0,1,0,0,2,1,0,67.07,4560.76,0
1456,0,0,1,0,40,0,0,0,0,0,0,0,1,1,1,0,3,29.87,1194.8,0
1457,0,0,0,1,49,1,1,0,1,1,1,1,0,1,0,0,0,43.86,2149.14,0
1458,1,1,1,0,67,0,1,1,0,0,1,0,1,1,1,1,2,62.96,4218.32,0
1459,0,0,1,0,2,0,0,0,1,0,0,1,0,1,0,1,3,20.43,40.86,0
1460,0,0,0,1,22,1,1,0,0,0,1,0,1,0,1,1,0,61.69,1357.18,0
1461,0,0,0,0,70,1,0,1,0,0,0,1,1,0,1,0,1,78.22,5475.4,1
1462,1,1,1,1,32,1,1,1,1,0,1,1,0,1,2,0,1,41.8,1337.6,0
1463,0,1,1,0,68,0,1,0,0,1,0,1,0,1,1,1,0,51.13,3476.84,0
1464,1,0,0,0,37,0,1,2,0,1,0,1,0,0,0,1,1,91.25,3376.25,0
1465,0,0,0,0,44,0,0,1,1,0,1,1,0,1,2,1,2,89.46,3936.24,0
1466,0,0,0,0,71,0,1,1,1,1,1,1,0,0,2,1,1,31.85,2261.35,0
1467,1,1,0,1,60,1,1,2,1,0,0,1,0,1,2,1,2,106.77,6406.2,0
1468,1,1,1,0,24,0,0,1,0,0,1,0,1,0,2,1,2,33.05,793.2,1
1469,0,0,0,0,45,0,0,2,0,0,0,1,1,1,0,1,0,85.78,3860.1,0
1470,0,0,1,0,11,0,0,0,0,0,1,0,0,1,1,1,1,103.62,1139.82,0
1471,0,0,0,0,1,0,0,2,0,0,1,0,1,0,2,1,0,101.24,101.24,0
1472,0,0,0,0,46,0,1,2,0,0,1,1,0,1,1,0,1,35.0,1610.0,0
1473,0,1,0,1,9,1,1,0,0,0,0,1,1,0,0,1,2,76.47,688.23,1
1474,1,0,1,1,55,0,0,0,0,1,1,0,1,0,1,1,0,72.89,4008.95,0
1475,0,1,1,0,21,1,1,1,1,0,0,0,0,0,2,0,0,34.4,722.4,0
1476,0,0,0,1,11,0,1,0,1,1,0,1,1,0,0,1,2,28.82,317.02,1
1477,1,0,1,1,19,1,0,1,1,0,1,1,0,0,0,1,0,32.73,621.87,0
1478,1,0,0,0,6,1,1,0,0,1,0,1,0,0,0,0,0,61.27,367.62,0
1479,1,1,1,0,36,1,1,2,0,0,1,1,0,0,0,0,0,50.25,1809.0,1
1480,0,0,0,0,44,1,0,2,0,1,1,0,0,1,2,0,0,84.35,3711.4,0
1481,1,0,0,0,15,0,1,0,1,0,0,0,0,1,0,0,3,59.78,896.7,0
1482,0,0,1,1,44,1,0,1,0,0,0,0,0,0,0,1,3,112.99,4971.56,0
1483,1,0,0,1,28,1,1,2,1,0,0,1,1,1,1,0,0,42.5,1190.0,0
1484,1,0,1,0,60,0,1,2,1,1,0,0,0,1,2,1,1,21.94,1316.4,0
1485,1,0,1,0,66,1,0,0,1,0,1,0,1,1,0,1,0,91.34,6028.44,0
1486,0,0,1,1,25,0,0,1,0,1,1,0,0,0,2,1,2,42.69,1067.25,0
1487,0,0,0,1,20,1,1,1,1,0,1,1,0,1,1,1,2,47.33,946.6,0
1488,0,0,0,0,2,0,1,0,0,1,0,0,0,1,0,1,1,54.41,108.82,1
1489,0,0,1,0,8,1,0,1,0,0,0,1,0,0,0,1,2,46.84,374.72,1
1490,0,0,0,0,10,0,1,0,1,1,1,0,1,1,2,1,0,55.42,554.2,0
1491,0,0,0,0,27,1,1,2,0,1,0,1,1,0,0,0,1,85.9,2319.3,0
1492,0,0,0,0,42,0,1,2,0,1,1,0,0,1,0,0,3,71.72,3012.24,0
1493,0,0,1,0,6,0,1,2,0,1,1,1,1,1,0,1,0,87.35,524.1,0
1494,0,1,1,1,55,1,0,1,0,0,1,1,0,0,1,0,3,79.18,4354.9,1
1495,1,0,0,0,22,1,0,2,1,1,1,1,0,0,2,0,3,94.94,2088.68,0
1496,0,1,0,1,50,1,1,1,1,1,0,1,0,1,2,1,3,82.34,4117.0,0
1497,1,0,0,0,60,1,1,2,0,0,1,0,1,0,0,1,2,101.93,6115.8,0
1498,0,0,0,0,28,0,0,1,0,1,1,1,1,0,0,1,2,114.45,3204.6,0
1499,1,0,1,1,9,0,0,0,1,0,0,1,1,1,2,0,2,115.0,1035.0,0
1500,0,0,1,0,67,1,1,2,1,1,0,0,0,0,2,0,1,62.02,4155.34,0
1501,0,0,0,1,42,0,1,1,1,1,1,0,0,1,1,0,3,41.23,1731.66,0
1502,0,0,0,1,72,1,1,2,0,0,0,0,0,0,1,1,3,101.43,7302.96,0
1503,1,0,1,1,48,1,1,0,1,0,1,0,1,0,2,1,3,22.07,1059.36,0
1504,0,0,1,1,20,1,0,2,1,0,1,0,0,1,2,0,2,78.38,1567.6,0
1505,0,0,0,0,28,0,1,0,1,0,1,1,1,1,0,1,0,111.59,3124.52,0
1506,0,0,0,1,15,0,0,2,1,1,0,1,1,1,0,1,1,53.4,801.0,0
1507,0,0,1,1,55,1,1,2,1,1,0,0,1,1,2,1,2,63.83,3510.65,0
1508,1,0,1,1,35,1,0,1,1,1,1,1,1,0,2,0,2,84.2,2947.0,0
1509,1,0,1,0,21,1,0,1,1,0,0,0,1,1,0,0,2,119.31,2505.51,0
1510,1,0,1,0,46,1,0,2,1,0,0,1,1,0,0,1,0,29.01,1334.46,0
1511,1,0,0,1,36,0,1,0,0,0,1,0,1,0,0,0,3,88.38,3181.68,0
1512,1,1,0,1,13,0,0,2,1,0,1,0,0,1,1,0,2,20.42,265.46,0
1513,1,0,0,0,71,1,0,1,1,0,0,1,1,0,2,0,0,50.42,3579.82,0
1514,0,0,0,1,36,0,0,2,0,1,0,0,1,1,1,0,1,76.35,2748.6,0
1515,1,0,0,0,60,1,1,0,1,0,0,0,1,1,2,1,0,55.48,3328.8,0
1516,1,1,1,1,64,1,1,2,0,1,1,0,0,1,1,0,2,57.07,3652.48,0
1517,1,1,1,1,60,1,1,1,1,0,1,1,1,0,1,0,3,105.65,6339.0,0
1518,1,0,1,1,29,0,1,1,0,0,1,1,1,0,2,1,3,58.96,1709.84,0
1519,0,1,0,0,61,1,1,1,0,1,0,0,1,1,2,1,3,57.75,3522.75,0
1520,0,0,1,1,21,1,0,1,0,1,0,1,0,0,2,1,2,93.76,1968.96,0
1521,0,0,1,1,45,1,0,1,1,1,0,1,0,0,0,0,0,83.57,3760.65,0
1522,1,0,0,1,34,0,1,0,0,0,1,0,0,1,0,0,2,95.35,3241.9,0
1523,1,0,1,0,59,1,1,0,0,0,1,0,1,0,0,0,1,113.65,6705.35,0
1524,1,1,1,0,38,0,1,2,0,0,0,1,0,0,2,1,1,21.53,818.14,0
1525,1,1,0,0,52,1,0,0,1,0,1,1,0,1,1,1,0,107.39,5584.28,0
1526,1,0,1,0,52,1,0,1,1,1,0,1,0,0,0,1,3,84.18,4377.36,1
1527,1,0,0,1,42,1,1,2,1,0,1,1,1,0,0,0,0,51.13,2147.46,0
1528,0,0,1,1,10,1,0,2,1,1,0,0,0,1,1,1,0,65.05,650.5,0
1529,0,0,0,1,68,1,0,0,0,0,0,1,0,1,2,0,0,101.69,6914.92,0
1530,0,0,1,0,2,1,0,2,0,1,0,0,1,0,0,1,1,28.45,56.9,1
1531,1,0,0,0,11,1,1,2,0,1,0,1,0,0,0,0,2,53.43,587.73,0
1532,1,1,1,0,26,0,0,1,0,1,1,0,1,0,0,1,1,65.33,1698.58,0
1533,0,1,0,0,25,0,0,0,1,1,0,0,1,1,0,0,2,20.54,513.5,0
1534,1,1,1,0,46,1,1,1,0,0,0,0,0,0,2,1,1,55.35,2546.1,0
1535,1,0,0,0,63,0,1,1,0,1,0,0,1,1,2,1,1,116.62,7347.06,0
1536,1,0,0,1,30,1,1,2,0,1,1,1,1,0,2,0,0,20.5,615.0,0
1537,1,0,0,1,63,0,0,2,0,1,0,0,0,1,0,0,1,76.77,4836.51,0
1538,1,1,0,0,12,1,0,2,0,0,0,1,0,0,2,1,3,42.79,513.48,0
1539,1,1,1,0,14,0,0,1,1,0,0,1,0,0,0,0,3,72.73,1018.22,1
1540,0,0,1,1,28,0,0,1,0,0,0,1,1,1,0,0,0,111.42,3119.76,0
1541,0,0,0,1,11,0,1,2,1,1,1,0,1,1,2,1,1,75.52,830.72,0
1542,1,0,1,1,42,1,1,0,0,0,1,0,0,1,0,0,3,89.89,3775.38,1
1543,1,0,0,0,34,0,0,0,1,0,1,1,1,1,2,1,2,49.4,1679.6,0
1544,0,1,1,1,47,0,1,1,1,0,1,1,0,0,1,1,1,79.21,3722.87,0
1545,0,0,1,0,48,0,1,1,0,1,0,0,1,1,0,0,3,31.92,1532.16,0
1546,1,1,0,1,60,1,1,0,0,1,0,1,0,1,1,1,2,47.15,2829.0,0
1547,1,0,0,0,7,0,1,2,1,1,1,0,0,1,2,0,0,82.96,580.72,1
1548,0,1,0,1,33,1,1,0,1,0,1,1,1,0,2,0,1,95.32,3145.56,0
1549,1,1,1,1,51,1,0,1,0,1,0,1,1,0,0,0,1,20.73,1057.23,0
1550,1,0,0,1,60,0,0,0,1,1,0,1,1,0,1,0,3,51.66,3099.6,0
1551,1,0,1,0,23,0,0,0,0,0,0,1,1,1,0,1,3,50.31,1157.13,1
1552,1,0,0,0,25,1,1,0,1,0,0,1,1,1,1,0,2,110.32,2758.0,1
1553,0,0,0,0,53,0,0,2,1,0,1,1,0,1,1,0,0,35.48,1880.44,0
1554,1,0,0,0,60,1,1,1,1,0,0,1,0,0,0,1,2,104.4,6264.0,0
1555,0,0,0,0,1,0,1,0,1,0,0,1,1,0,1,1,2,76.79,76.79,0
1556,1,0,0,1,37,1,1,0,1,1,0,0,1,0,2,1,2,58.7,2171.9,0
1557,0,0,1,1,7,1,1,0,1,0,0,1,1,0,0,1,0,26.72,187.04,0
1558,1,0,0,0,8,1,1,2,1,0,1,1,0,0,1,0,1,31.04,248.32,1
1559,1,0,1,0,17,0,1,0,1,1,1,0,0,1,2,1,0,32.51,552.67,0
1560,0,0,1,0,9,1,0,0,1,1,0,1,1,1,1,0,1,80.25,722.25,1
1561,0,0,1,1,63,1,0,1,0,0,1,1,1,1,1,1,2,56.36,3550.68,0
1562,0,0,0,0,9,0,1,1,0,0,1,1,1,0,0,1,2,115.26,1037.34,0
1563,0,0,0,0,5,0,0,0,0,0,0,1,1,0,0,1,2,51.33,256.65,0
1564,0,0,1,0,51,0,1,2,0,0,0,0,1,0,0,0,2,34.74,1771.74,0
1565,1,0,0,0,21,0,0,0,0,1,0,0,1,1,1,1,2,86.52,1816.92,0
1566,1,0,1,0,48,0,0,1,0,0,0,0,1,1,2,0,2,28.56,1370.88,0
1567,0,0,0,0,20,1,0,1,1,1,1,1,1,1,2,1,3,88.99,1779.8,0
1568,0,0,0,0,36,1,0,0,1,0,0,1,0,0,0,1,0,55.72,2005.92,1
1569,1,0,0,1,18,0,1,0,0,1,1,0,1,1,0,0,2,35.81,644.58,0
1570,0,0,1,0,1,0,1,0,1,0,1,1,0,0,2,1,1,85.8,85.8,0
1571,1,0,1,1,36,0,1,1,1,0,1,1,0,0,1,1,3,106.67,3840.12,1
1572,0,1,0,1,23,1,1,1,1,0,0,1,0,1,0,0,3,46.48,1069.04,1
1573,1,0,0,0,38,1,0,1,0,0,0,1,0,1,0,0,2,82.74,3144.12,0
1574,0,0,0,0,50,1,1,1,0,0,1,0,1,0,2,1,0,36.0,1800.0,0
1575,1,0,0,1,53,0,1,2,1,1,0,1,1,1,2,0,1,86.49,4583.97,0
1576,0,0,0,0,8,0,1,2,1,1,1,1,1,1,2,0,2,46.41,371.28,0
1577,0,0,1,0,29,1,0,2,1,1,1,1,0,1,1,1,2,72.08,2090.32,0
1578,0,0,1,1,62,1,1,0,0,0,0,0,1,1,0,1,0,41.86,2595.32,0
1579,1,0,1,1,49,0,1,2,1,0,0,0,0,0,2,1,1,115.02,5635.98,0
1580,1,0,0,1,54,1,0,2,1,1,1,0,1,0,0,1,3,69.18,3735.72,1
1581,0,0,1,0,13,0,1,2,0,0,0,0,0,0,1,0,0,107.09,1392.17,0
1582,1,0,1,0,20,0,1,1,1,0,0,1,0,1,1,1,0,72.23,1444.6,0
1583,1,0,0,1,17,0,0,0,0,0,1,1,1,0,1,0,2,94.68,1609.56,0
1584,1,0,1,1,70,0,1,2,1,1,1,1,1,0,2,0,3,56.43,3950.1,0
1585,0,1,0,1,53,0,1,1,1,0,1,0,1,0,2,1,3,97.73,5179.69,0
1586,0,1,1,0,71,1,0,0,0,1,0,0,1,1,1,1,0,119.22,8464.62,0
1587,0,0,1,1,31,0,0,0,1,0,1,1,0,0,1,1,2,24.91,772.21,0
1588,0,0,0,1,57,0,0,1,0,1,0,0,1,1,1,1,3,30.56,1741.92,0
1589,0,0,0,0,1,1,0,2,0,0,1,0,1,1,2,0,1,99.92,99.92,0
1590,0,0,0,0,2,0,1,2,1,0,0,0,0,0,0,1,2,33.6,67.2,0
1591,0,0,0,1,62,0,0,2,1,1,1,1,0,0,2,0,3,73.1,4532.2,0
1592,0,0,0,0,41,0,1,0,1,1,0,1,0,0,2,0,0,106.43,4363.63,0
1593,1,0,1,1,59,0,1,1,1,1,0,1,0,0,1,1,3,89.36,5272.24,0
1594,0,0,0,1,11,1,1,1,0,0,1,1,1,1,2,1,2,81.92,901.12,0
1595,1,0,0,0,8,0,1,2,1,0,0,1,1,1,2,1,2,53.28,426.24,0
1596,1,0,1,0,49,0,0,2,0,0,1,0,0,0,0,1,3,51.4,2518.6,0
1597,1,0,0,1,57,1,1,1,0,0,1,0,1,1,0,0,1,67.3,3836.1,0
1598,1,0,0,1,45,0,0,1,0,1,0,0,0,1,2,1,0,56.51,2542.95,0
1599,1,0,0,1,24,1,1,0,0,1,0,0,0,1,2,0,3,119.48,2867.52,0
1600,1,0,0,0,52,0,1,2,1,0,1,1,0,0,0,0,0,39.38,2047.76,0
1601,1,0,1,0,5,0,1,0,0,1,0,0,0,0,1,1,1,41.5,207.5,0
1602,0,1,1,1,29,0,1,1,0,0,0,1,0,0,1,0,3,100.18,2905.22,0
1603,1,0,1,1,35,1,1,1,0,1,1,1,1,1,0,1,2,60.46,2116.1,0
1604,0,0,0,1,30,1,0,2,0,0,0,1,1,1,0,0,3,61.86,1855.8,1
1605,1,0,0,1,57,0,1,0,1,0,0,0,1,0,2,1,0,75.2,4286.4,0
1606,0,0,0,0,27,1,0,2,1,0,0,1,1,1,2,1,0,31.79,858.33,0
1607,1,0,1,0,20,0,0,0,0,0,0,1,1,1,1,1,1,77.42,1548.4,0
1608,1,1,1,0,68,0,1,2,0,0,1,1,1,0,0,0,2,84.22,5726.96,1
1609,1,0,0,0,23,0,0,1,0,1,0,0,0,1,1,1,0,77.1,1773.3,1
1610,0,0,0,0,49,1,1,1,1,1,1,1,0,0,1,0,3,34.21,1676.29,1
1611,1,0,1,1,62,0,0,1,1,0,0,1,1,1,0,1,3,30.49,1890.38,0
1612,1,0,1,0,37,0,0,2,0,1,1,0,0,0,1,1,2,87.73,3246.01,0
1613,1,0,1,1,43,0,1,1,0,1,1,1,0,0,2,0,3,64.83,2787.69,0
1614,0,0,0,0,38,0,0,0,1,1,0,1,0,0,2,0,1,25.2,957.6,0
1615,0,0,0,0,47,0,1,1,1,0,0,1,1,0,1,0,0,117.85,5538.95,0
1616,1,0,0,0,63,1,1,1,1,0,0,1,0,1,0,0,1,58.0,3654.0,1
1617,1,1,1,1,62,1,1,0,0,1,1,0,0,0,0,1,1,96.22,5965.64,0
1618,0,0,0,1,21,0,0,2,0,0,1,0,0,0,2,0,1,118.84,2495.64,0
1619,1,0,1,1,18,1,1,1,1,0,0,1,0,1,0,1,1,99.32,1787.76,1
1620,0,0,1,1,49,0,1,1,1,0,0,1,1,0,2,1,0,47.73,2338.77,0
1621,1,0,1,1,60,1,1,0,1,1,1,1,0,1,1,1,2,74.2,4452.0,0
1622,1,1,1,0,69,1,1,0,1,1,1,1,0,0,2,0,2,83.0,5727.0,0
1623,1,1,0,1,31,0,0,0,1,0,1,0,0,0,2,1,1,77.16,2391.96,0
1624,1,0,0,1,1,0,1,1,0,1,0,1,0,0,1,1,3,50.89,50.89,0
1625,0,0,0,0,65,1,0,0,0,1,1,1,1,1,0,1,0,44.05,2863.25,1
1626,0,0,0,1,66,1,0,2,0,0,1,1,0,1,2,1,2,89.22,5888.52,0
1627,0,0,0,0,37,1,0,2,0,1,0,0,0,0,0,1,0,52.1,1927.7,0
1628,0,0,1,1,23,0,1,1,0,0,0,0,0,1,2,1,3,56.92,1309.16,0
1629,1,0,1,1,16,1,0,0,1,0,1,1,1,1,2,0,2,22.34,357.44,0
1630,0,0,1,0,11,1,0,0,1,0,1,0,0,1,2,1,0,74.38,818.18,0
1631,1,0,0,1,48,0,1,1,0,0,0,0,1,0,2,0,3,82.72,3970.56,0
1632,1,0,1,1,30,1,1,0,0,0,0,1,0,0,0,1,1,23.69,710.7,0
1633,1,0,0,1,47,1,0,1,1,1,1,0,1,0,2,0,1,106.0,4982.0,0
1634,1,0,0,1,11,1,0,2,0,1,0,0,0,1,1,1,2,51.26,563.86,0
1635,1,0,1,1,67,1,0,2,1,0,0,0,1,0,2,1,1,64.88,4346.96,0
1636,1,0,1,1,32,0,0,0,1,0,1,0,0,0,1,0,0,24.84,794.88,0
1637,1,0,1,0,42,1,0,1,1,0,0,1,1,0,0,0,2,81.87,3438.54,1
1638,0,0,1,0,3,1,0,2,0,0,0,1,0,0,1,0,2,30.41,91.23,0
1639,1,0,0,1,67,1,1,2,1,1,0,1,0,1,2,1,3,69.76,4673.92,0
1640,1,0,0,0,67,1,1,1,1,0,1,1,0,1,1,0,3,21.89,1466.63,0
1641,1,0,0,0,72,0,1,1,1,0,0,1,1,0,1,0,0,76.54,5510.88,0
1642,0,0,0,1,32,0,1,0,1,0,1,1,0,1,2,0,2,64.39,2060.48,0
1643,1,0,1,1,1,1,1,0,1,1,0,1,1,1,2,0,3,63.82,63.82,0
1644,1,0,0,1,8,0,1,2,0,0,1,0,1,0,2,0,3,64.25,514.0,1
1645,0,0,1,1,9,1,1,2,1,1,1,1,0,0,2,0,3,56.59,509.31,0
1646,0,0,0,0,1,0,1,2,1,0,0,0,1,0,1,0,2,42.84,42.84,0
1647,0,0,0,0,52,1,0,1,1,1,0,1,0,1,2,1,1,93.97,4886.44,0
1648,0,1,1,0,12,0,0,1,1,0,1,0,1,0,0,0,3,49.23,590.76,1
1649,0,1,0,0,21,1,0,2,1,0,0,1,0,0,1,1,0,104.63,2197.23,0
1650,0,0,0,1,15,1,1,2,0,1,0,1,0,1,0,1,2,48.61,729.15,0
1651,1,0,0,1,44,0,0,0,0,1,1,1,0,1,2,0,0,70.64,3108.16,0
1652,1,0,0,1,19,0,1,1,0,1,1,0,0,1,1,1,3,41.2,782.8,0
1653,0,0,1,1,62,0,1,0,1,0,0,0,1,1,1,0,3,62.64,3883.68,0
1654,0,0,0,0,66,0,0,1,1,0,1,0,0,1,1,0,3,115.49,7622.34,0
1655,1,0,0,1,16,0,1,0,0,1,0,0,1,0,1,1,0,90.52,1448.32,0
1656,0,1,0,0,46,0,0,0,0,1,0,1,1,1,1,1,1,114.21,5253.66,0
1657,1,0,1,0,9,1,1,0,0,0,0,1,1,1,2,0,0,87.97,791.73,0
1658,1,0,1,0,62,1,0,1,0,0,1,1,0,0,2,0,2,64.05,3971.1,0
1659,0,0,0,1,59,0,0,0,1,0,0,0,1,1,1,1,3,42.16,2487.44,0
1660,1,0,0,1,8,1,0,2,1,1,0,1,1,1,2,0,1,22.15,177.2,0
1661,0,0,0,1,34,1,1,2,1,1,0,0,0,0,1,0,1,48.06,1634.04,1
1662,1,0,1,0,46,1,1,1,0,1,1,1,0,0,2,0,3,24.01,1104.46,0
1663,0,0,1,0,5,0,1,0,1,1,1,0,0,1,1,0,3,73.62,368.1,0
1664,1,0,1,0,39,0,0,2,0,0,1,1,1,1,0,0,1,80.91,3155.49,1
1665,1,0,0,1,48,1,0,0,0,1,1,0,1,1,0,0,1,39.32,1887.36,0
1666,0,0,0,1,58,1,1,2,1,1,0,1,0,1,0,1,1,53.27,3089.66,0
1667,1,0,1,1,21,0,1,1,1,1,1,0,0,1,1,1,3,22.03,462.63,0
1668,0,0,0,1,60,0,1,0,0,0,1,1,1,1,2,0,2,117.74,7064.4,0
1669,0,1,0,1,55,0,1,0,0,0,0,1,0,1,1,0,2,90.57,4981.35,1
1670,1,1,0,1,14,0,1,2,0,0,0,1,0,0,2,1,3,108.6,1520.4,0
1671,0,1,1,0,44,1,1,2,1,0,1,1,0,0,2,0,1,84.77,3729.88,0
1672,1,0,1,0,19,0,1,2,0,0,1,0,0,1,1,0,0,33.55,637.45,0
1673,0,0,0,0,45,1,0,0,0,0,1,0,1,0,1,1,1,99.76,4489.2,0
1674,0,0,1,1,54,0,0,1,1,0,0,1,0,0,1,0,3,64.63,3490.02,1
1675,0,0,0,0,26,1,1,1,1,1,1,0,0,0,2,0,0,94.48,2456.48,0
1676,0,1,1,1,71,0,1,0,1,1,1,0,0,1,1,1,2,119.93,8515.03,1
1677,1,1,0,0,65,0,1,0,0,1,0,1,1,1,0,1,0,79.88,5192.2,0
1678,0,0,0,1,41,0,1,1,0,1,0,1,0,0,0,1,0,57.78,2368.98,0
1679,0,0,1,1,69,1,0,1,1,0,1,1,1,0,0,1,1,45.42,3133.98,1
1680,0,0,1,0,10,1,1,1,0,1,1,0,1,1,2,0,2,53.57,535.7,0
1681,1,0,0,1,50,0,0,2,0,0,0,1,1,0,1,1,0,111.71,5585.5,0
1682,0,0,0,0,1,1,1,0,1,0,0,0,0,0,1,0,2,91.78,91.78,0
1683,0,0,0,0,52,1,1,1,1,0,1,1,1,0,1,0,1,29.2,1518.4,0
1684,0,1,0,0,36,1,1,2,1,1,1,1,1,1,0,0,1,90.78,3268.08,1
1685,1,0,1,0,68,0,1,2,0,1,0,0,1,1,0,1,1,34.8,2366.4,0
1686,1,0,1,0,18,0,1,0,0,1,0,0,0,1,2,0,3,49.74,895.32,1
1687,1,0,1,1,20,1,0,0,0,1,1,0,1,0,1,0,0,39.21,784.2,0
1688,1,0,0,0,20,1,1,1,0,1,0,0,0,0,0,0,2,110.78,2215.6,1
1689,0,0,1,1,72,0,1,0,0,0,1,0,0,1,2,1,3,106.89,7696.08,0
1690,0,0,0,0,67,1,0,1,0,1,0,1,1,0,2,1,3,84.14,5637.38,0
1691,1,0,0,0,6,1,0,0,1,1,1,1,0,0,1,0,3,60.98,365.88,0
1692,1,0,0,1,24,1,0,0,0,0,1,0,1,1,2,0,3,52.25,1254.0,0
1693,0,0,0,1,48,0,0,2,0,0,1,0,0,1,2,1,0,74.74,3587.52,0
1694,1,0,1,0,58,1,0,2,0,1,1,0,0,0,1,1,1,87.01,5046.58,0
1695,0,0,1,0,45,0,0,0,0,0,1,0,0,1,2,1,0,100.79,4535.55,0
1696,0,0,0,1,15,1,1,0,1,0,0,0,0,1,1,0,3,101.91,1528.65,0
1697,1,0,1,0,31,1,0,0,1,1,1,0,0,0,0,0,2,118.11,3661.41,1
1698,0,0,1,1,71,0,1,0,0,0,1,1,1,1,1,0,2,87.51,6213.21,0
1699,0,1,1,0,7,0,0,1,1,0,1,0,0,0,0,0,1,71.8,502.6,0
1700,1,0,0,0,13,0,1,0,1,1,0,0,1,0,2,0,0,114.46,1487.98,0
1701,0,0,1,0,48,1,0,2,1,0,0,0,1,1,1,0,2,40.66,1951.68,1
1702,0,0,1,0,67,0,1,0,0,1,1,0,1,0,2,1,2,73.51,4925.17,0
1703,0,1,0,0,11,1,1,1,1,0,1,0,0,1,0,0,2,83.99,923.89,0
1704,0,0,1,0,63,1,0,0,0,1,0,0,1,0,0,1,3,44.89,2828.07,1
1705,0,0,1,0,14,0,0,0,1,1,1,1,0,0,0,0,0,53.27,745.78,1
1706,0,1,1,0,19,1,0,2,0,0,0,1,1,0,1,0,2,90.17,1713.23,1
1707,1,0,0,0,31,1,1,0,0,1,0,1,0,0,2,0,2,100.69,3121.39,0
1708,0,1,0,1,51,0,0,1,0,0,1,0,0,0,2,1,0,74.61,3805.11,0
1709,0,1,0,0,51,0,1,2,1,0,0,0,1,0,0,0,2,74.66,3807.66,0
1710,0,0,1,0,28,0,0,1,0,1,0,0,0,0,2,1,3,70.9,1985.2,0
1711,1,0,0,0,26,1,1,1,1,1,1,1,0,0,0,1,3,88.67,2305.42,1
1712,1,0,0,1,14,0,1,2,1,0,0,0,0,1,0,0,2,48.51,679.14,0
1713,0,0,1,0,4,1,0,2,1,0,1,0,0,1,1,0,1,35.28,141.12,0
1714,1,0,0,0,39,0,1,2,0,1,0,1,1,1,1,1,0,87.37,3407.43,0
1715,1,1,1,1,40,0,0,1,1,1,0,0,1,1,0,1,1,42.84,1713.6,0
1716,1,1,0,0,52,0,0,1,1,1,0,0,0,1,1,1,0,94.71,4924.92,0
1717,1,1,0,0,27,1,0,1,1,1,1,0,1,1,2,0,0,46.58,1257.66,0
1718,1,0,1,1,4,0,1,2,1,1,0,1,1,0,0,0,1,89.7,358.8,1
1719,0,0,1,0,40,0,0,0,1,0,1,1,0,0,2,0,3,23.19,927.6,0
1720,1,0,1,0,58,0,0,2,0,0,1,1,1,1,1,1,3,101.24,5871.92,0
1721,1,0,1,0,68,0,0,0,1,1,1,1,1,1,1,0,2,83.82,5699.76,1
1722,1,0,0,0,33,1,1,0,1,0,0,0,0,1,1,1,0,73.95,2440.35,0
1723,1,0,1,0,62,0,1,0,1,0,0,1,0,1,1,1,1,23.49,1456.38,1
1724,1,0,0,0,50,0,1,2,1,1,0,1,1,1,2,1,1,64.07,3203.5,0
1725,1,0,0,1,66,0,1,0,0,0,1,1,1,0,2,0,3,95.76,6320.16,0
1726,1,0,0,1,16,0,1,1,0,0,0,0,1,0,1,1,3,63.24,1011.84,0
1727,0,0,0,1,26,1,1,1,0,1,0,1,0,1,0,1,3,104.59,2719.34,0
1728,1,0,0,0,58,0,1,0,1,1,1,1,1,1,2,1,2,46.88,2719.04,0
1729,1,0,1,0,41,0,1,0,1,0,0,0,0,0,1,0,3,30.91,1267.31,0
1730,1,0,1,1,12,0,1,2,1,1,0,0,0,0,2,0,0,33.94,407.28,0
1731,1,0,1,0,11,1,0,0,0,0,0,0,0,1,2,1,2,96.07,1056.77,1
1732,0,0,1,0,1,0,0,1,1,0,0,1,0,1,1,1,2,62.52,62.52,0
1733,1,0,1,1,25,0,1,0,1,0,1,0,1,0,1,1,1,115.35,2883.75,0
1734,1,0,0,1,51,0,1,2,1,0,0,1,1,1,1,0,0,80.23,4091.73,0
1735,1,1,0,0,55,1,0,1,0,1,1,1,1,1,1,0,2,25.29,1390.95,0
1736,0,0,1,0,31,0,0,0,1,0,1,0,0,0,1,0,1,40.83,1265.73,0
1737,0,1,1,1,19,0,0,2,1,0,1,1,0,1,0,1,3,65.58,1246.02,0
1738,0,0,1,1,20,0,0,1,1,1,0,1,1,1,1,1,1,70.59,1411.8,0
1739,1,0,0,0,37,0,0,2,1,0,1,0,1,0,2,0,0,114.31,4229.47,0
1740,1,0,1,0,6,0,0,1,0,0,0,0,0,1,1,1,0,80.91,485.46,0
1741,1,0,0,0,48,0,0,1,1,1,1,1,0,1,0,1,2,70.22,3370.56,1
1742,0,0,1,0,55,0,1,0,0,1,0,1,1,1,1,1,1,90.51,4978.05,0
1743,0,0,1,1,71,0,1,1,0,1,1,0,1,0,0,1,3,59.77,4243.67,0
1744,0,0,1,0,34,0,1,0,1,1,0,1,1,0,2,0,0,92.32,3138.88,0
1745,1,0,1,0,17,0,0,0,1,0,1,0,0,0,2,0,2,43.77,744.09,0
1746,1,0,0,0,71,0,0,2,1,1,0,1,0,1,1,0,2,95.13,6754.23,0
1747,0,0,0,0,32,1,1,2,1,0,0,1,1,1,1,0,1,109.11,3491.52,0
1748,0,0,1,0,33,0,1,0,0,0,0,0,1,1,0,0,1,58.08,1916.64,0
1749,1,0,0,0,46,0,1,2,1,1,0,0,1,0,0,0,0,38.28,1760.88,0
1750,0,0,0,0,54,1,1,2,0,1,0,0,0,0,2,1,3,28.42,1534.68,0
1751,1,0,1,0,13,1,0,2,1,1,1,1,0,1,0,0,2,24.64,320.32,0
1752,0,0,1,1,62,1,0,2,0,1,0,0,1,1,2,0,2,63.39,3930.18,0
1753,0,0,1,0,65,0,1,2,1,0,0,1,0,0,0,0,1,107.28,6973.2,1
1754,1,1,1,0,60,0,0,2,1,1,0,0,0,1,1,1,1,22.13,1327.8,1
1755,1,1,1,0,4,1,1,2,1,1,1,0,0,0,1,1,1,79.09,316.36,0
1756,0,0,1,0,36,0,0,1,0,0,1,1,0,1,0,0,1,54.1,1947.6,0
1757,0,0,0,1,54,1,1,0,0,0,0,1,1,1,2,0,3,116.19,6274.26,0
1758,0,0,1,0,43,1,1,0,1,1,0,0,0,1,2,1,1,23.21,998.03,0
1759,1,0,1,0,25,1,0,1,1,1,0,0,1,0,0,0,0,22.92,573.0,0
1760,0,0,1,0,48,1,1,1,0,1,0,0,0,0,1,0,2,70.73,3395.04,0
1761,0,0,0,1,3,0,1,0,1,0,1,0,0,0,2,1,1,114.66,343.98,0
1762,1,1,0,1,27,1,0,2,0,0,0,1,0,0,2,1,3,115.83,3127.41,0
1763,0,0,0,0,59,0,1,0,1,0,0,0,1,0,2,0,2,51.51,3039.09,0
1764,0,0,0,0,61,1,0,0,1,0,0,1,0,0,1,1,2,26.1,1592.1,0
1765,0,1,1,1,6,1,1,1,0,0,1,1,1,0,2,0,3,109.41,656.46,0
1766,0,0,0,0,33,0,1,1,1,0,1,1,0,0,1,0,2,87.84,2898.72,1
1767,1,0,1,0,46,1,1,1,0,0,0,1,0,0,0,1,0,68.7,3160.2,0
1768,0,1,0,1,45,0,0,1,0,0,0,0,0,0,0,0,3,110.02,4950.9,0
1769,0,0,1,1,55,1,1,2,1,1,1,0,0,1,0,0,2,98.38,5410.9,0
1770,0,1,1,1,51,0,1,0,0,1,0,0,1,1,0,1,2,54.79,2794.29,0
1771,0,1,1,0,15,0,0,2,0,1,1,0,1,1,1,1,0,31.06,465.9,0
1772,1,0,1,1,40,0,1,0,1,1,1,1,0,0,2,1,0,33.0,1320.0,0
1773,1,0,0,0,45,1,1,2,0,1,0,1,0,1,2,0,2,89.01,4005.45,0
1774,1,1,0,1,28,1,0,1,1,1,1,1,0,0,2,0,1,107.89,3020.92,0
1775,0,0,0,0,24,1,0,2,1,0,1,1,0,1,1,1,3,104.26,2502.24,0
1776,1,1,1,0,60,0,0,2,1,1,1,1,1,0,0,1,1,85.99,5159.4,0
1777,1,0,0,1,10,0,0,1,1,0,1,1,1,1,2,1,1,51.94,519.4,0
1778,0,0,1,0,48,1,1,2,1,0,1,0,0,1,0,1,0,78.3,3758.4,1
1779,1,1,1,0,43,1,0,2,0,0,0,1,0,0,1,0,0,43.27,1860.61,0
1780,1,0,0,0,33,0,1,2,1,0,0,1,1,0,0,0,0,68.04,2245.32,0
1781,1,0,0,1,18,0,0,0,1,0,1,1,0,0,2,0,1,81.77,1471.86,0
1782,0,0,0,1,16,0,1,1,1,0,1,0,1,0,2,1,3,76.49,1223.84,0
1783,0,1,1,1,35,0,1,2,1,1,0,0,1,0,2,1,0,63.42,2219.7,0
1784,0,0,0,0,35,0,1,2,1,1,1,0,0,0,0,1,2,30.16,1055.6,0
1785,0,0,1,1,41,1,1,0,1,1,1,1,0,1,0,1,1,69.76,2860.16,1
1786,1,0,0,1,70,0,1,2,0,1,1,0,1,0,2,0,0,24.59,1721.3,0
1787,0,0,1,1,11,0,1,2,0,0,1,0,0,0,2,1,1,118.28,1301.08,0
1788,1,0,0,1,70,1,1,0,1,1,1,0,0,1,2,0,2,26.05,1823.5,0
1789,0,1,0,1,9,0,1,2,1,1,1,0,0,1,2,1,1,58.08,522.72,0
1790,1,0,1,1,52,0,1,2,0,0,0,1,0,1,0,1,0,23.23,1207.96,1
1791,0,0,0,0,48,1,1,1,0,0,1,0,1,0,1,1,0,51.41,2467.68,0
1792,0,1,1,0,70,1,1,2,0,1,0,1,0,0,2,1,3,85.19,5963.3,0
1793,1,0,0,1,18,1,0,0,0,1,1,0,1,1,0,0,2,104.2,1875.6,0
1794,0,0,1,1,41,0,1,1,1,0,0,0,0,1,0,1,2,78.12,3202.92,0
1795,0,0,1,0,20,0,1,0,0,1,0,0,0,0,0,0,0,67.26,1345.2,1
1796,0,1,1,1,58,0,1,1,0,0,1,0,1,1,1,1,1,64.47,3739.26,0
1797,1,0,0,1,32,1,0,1,1,1,0,1,1,0,1,1,1,110.76,3544.32,1
1798,1,0,0,0,38,0,1,2,1,1,1,1,0,1,0,1,1,57.75,2194.5,0
1799,1,0,0,0,38,0,0,1,0,0,0,1,1,1,1,1,2,36.3,1379.4,0
1800,0,0,0,0,10,0,1,2,0,1,0,0,0,1,0,0,1,57.86,578.6,1
1801,1,1,0,1,49,1,1,2,0,0,1,0,1,0,0,1,1,103.44,5068.56,0
1802,0,1,1,0,29,0,0,2,1,0,0,0,1,0,1,1,0,97.36,2823.44,0
1803,0,0,1,1,2,1,0,2,1,0,1,1,1,0,0,0,1,55.2,110.4,1
1804,1,0,1,0,29,0,1,0,0,1,1,0,1,0,1,0,0,31.48,912.92,0
1805,1,0,0,1,66,1,0,1,1,1,1,1,0,1,2,0,2,113.51,7491.66,0
1806,1,0,1,1,35,1,1,1,0,1,0,1,0,1,2,0,3,48.55,1699.25,0
1807,0,0,0,1,3,0,1,0,0,0,1,0,1,1,1,0,1,86.68,260.04,0
1808,0,0,0,1,47,1,1,0,0,1,0,0,1,0,2,0,0,99.37,4670.39,0
1809,1,0,0,0,4,1,1,2,1,1,0,0,1,0,2,1,2,79.94,319.76,0
1810,1,0,0,0,11,0,1,0,1,1,0,1,0,0,2,0,0,91.86,1010.46,0
1811,0,0,0,0,62,0,1,2,0,1,0,0,1,1,0,1,2,90.94,5638.28,0
1812,0,0,1,0,4,0,0,0,1,0,0,0,1,1,1,1,2,40.8,163.2,0
1813,1,0,0,0,49,0,0,0,1,1,1,0,0,0,2,0,0,85.96,4212.04,0
1814,0,0,0,1,71,1,0,0,0,1,1,1,0,0,1,1,3,88.16,6259.36,0
1815,1,0,0,0,51,0,1,2,0,1,0,0,1,1,2,1,0,74.42,3795.42,0
1816,0,0,1,1,68,1,0,1,1,1,1,0,1,1,0,0,2,94.54,6428.72,1
1817,1,0,0,1,57,1,0,1,0,0,1,0,0,0,1,1,2,37.01,2109.57,0
1818,0,0,0,0,12,1,1,0,1,1,0,0,0,1,0,0,0,88.31,1059.72,0
1819,0,1,1,1,67,0,0,2,1,0,1,0,0,0,0,1,0,24.48,1640.16,1
1820,1,0,0,0,45,0,0,1,0,0,1,0,0,1,0,1,1,76.36,3436.2,0
1821,0,0,1,1,25,1,1,2,0,1,0,1,0,0,1,0,2,109.13,2728.25,0
1822,0,0,0,1,71,0,0,0,0,0,0,1,0,0,1,0,2,39.09,2775.39,0
1823,0,0,1,1,10,1,0,1,0,0,1,0,0,1,2,1,2,37.64,376.4,0
1824,0,0,0,0,22,0,0,2,1,1,1,0,1,1,0,0,3,63.48,1396.56,0
1825,0,0,0,0,14,0,1,1,0,1,1,0,0,1,0,1,0,46.84,655.76,0
1826,0,0,0,1,31,1,0,1,0,1,1,1,1,0,2,0,0,66.89,2073.59,0
1827,1,0,1,0,55,0,1,1,1,0,1,1,0,0,2,1,2,61.51,3383.05,1
1828,0,0,0,0,23,0,0,0,1,1,1,1,0,1,1,1,1,40.13,922.99,0
1829,1,0,1,1,12,1,0,2,0,0,0,0,1,0,2,1,0,116.03,1392.36,0
1830,0,0,1,0,30,0,1,1,0,1,1,1,0,0,2,0,0,92.4,2772.0,0
1831,0,0,0,1,24,1,0,1,1,0,1,0,1,1,2,1,1,84.46,2027.04,0
1832,1,0,1,1,42,0,1,2,0,1,0,1,1,0,2,0,0,61.94,2601.48,0
1833,0,1,0,1,46,0,1,1,0,0,1,0,1,0,1,1,1,115.67,5320.82,0
1834,0,1,0,1,22,1,1,1,0,0,0,0,0,0,2,1,3,40.46,890.12,1
1835,1,0,1,1,35,1,0,1,0,1,0,0,0,0,1,0,0,68.27,2389.45,0
1836,1,0,1,1,21,0,0,2,0,1,0,0,0,1,2,1,1,86.84,1823.64,0
1837,0,0,0,1,10,0,0,2,0,0,1,0,1,0,2,0,0,54.31,543.1,0
1838,1,0,0,0,22,0,1,0,1,1,1,1,1,0,1,1,2,91.39,2010.58,0
1839,1,0,1,1,3,0,0,2,0,1,0,0,0,1,0,0,0,42.73,128.19,0
1840,0,1,1,0,29,0,1,0,1,0,1,0,1,1,1,1,1,87.15,2527.35,1
1841,0,0,1,0,35,0,1,2,1,0,0,1,1,0,1,0,2,75.29,2635.15,0
1842,1,0,0,1,37,1,1,2,0,1,0,1,0,1,0,0,2,57.98,2145.26,0
1843,1,1,0,1,28,0,1,1,0,1,1,0,1,1,2,1,2,95.33,2669.24,0
1844,0,0,1,1,43,0,1,2,1,1,0,1,0,0,0,1,2,70.3,3022.9,1
1845,1,0,1,1,62,1,0,1,1,1,0,0,1,0,1,0,2,57.04,3536.48,0
1846,0,0,1,0,54,1,1,1,1,1,1,0,1,0,2,1,2,115.08,6214.32,0
1847,1,0,1,0,47,1,0,1,0,1,1,0,1,1,0,0,0,28.87,1356.89,0
1848,0,0,0,0,59,1,1,0,0,0,1,0,0,1,1,1,0,87.67,5172.53,0
1849,0,0,1,0,13,1,0,2,1,1,0,0,0,0,1,0,2,56.86,739.18,0
1850,1,1,1,1,5,0,1,0,0,1,0,1,1,0,1,1,1,52.29,261.45,0
1851,0,0,1,0,9,1,1,2,1,1,0,0,0,1,2,0,0,21.14,190.26,0
1852,0,0,1,1,46,0,1,0,1,1,1,1,0,1,0,0,1,37.8,1738.8,0
1853,1,1,0,1,50,0,0,1,1,1,0,0,1,0,0,0,0,53.69,2684.5,0
1854,0,0,1,1,12,1,1,2,1,1,0,1,1,0,1,0,3,117.82,1413.84,0
1855,0,0,1,1,25,1,0,1,0,0,1,0,1,1,0,1,1,98.2,2455.0,1
1856,1,0,1,0,10,0,0,1,1,0,0,0,1,0,2,0,0,91.24,912.4,0
1857,0,0,1,1,26,0,1,2,1,0,1,0,0,1,2,0,1,59.6,1549.6,0
1858,0,1,1,0,11,1,0,0,0,0,0,1,1,0,1,0,3,112.97,1242.67,1
1859,1,1,0,1,25,1,1,2,1,1,1,0,0,0,0,1,3,74.59,1864.75,1
1860,0,0,0,0,64,1,0,0,0,1,0,1,0,0,2,1,0,50.26,3216.64,0
1861,1,0,1,0,57,0,1,1,0,0,1,1,0,0,1,0,0,64.93,3701.01,0
1862,1,0,1,1,38,1,0,1,1,0,0,1,0,0,0,1,3,101.14,3843.32,0
1863,0,0,1,1,53,0,0,1,1,0,1,1,0,1,2,1,3,51.75,2742.75,0
1864,1,0,1,1,30,0,0,2,1,1,0,0,1,1,2,1,2,89.29,2678.7,0
1865,0,0,0,0,51,0,1,1,1,1,0,0,0,0,2,1,1,27.5,1402.5,0
1866,0,0,1,1,11,1,0,2,0,1,1,0,1,0,1,1,3,98.65,1085.15,0
1867,0,0,1,0,41,1,0,1,0,0,1,0,0,0,0,0,0,51.67,2118.47,0
1868,1,1,1,0,4,0,1,0,1,1,1,0,0,0,1,0,3,37.18,148.72,0
1869,0,0,0,0,17,1,0,2,0,0,1,0,1,1,2,0,3,47.31,804.27,0
1870,1,0,1,0,25,1,0,0,0,1,0,1,1,1,2,0,3,81.82,2045.5,0
1871,0,0,0,1,69,0,0,1,1,0,1,0,0,0,0,1,2,42.63,2941.47,0
1872,0,0,1,0,23,1,1,0,1,0,1,0,1,0,1,1,0,104.4,2401.2,1
1873,1,0,0,0,58,1,1,1,1,0,0,0,0,0,2,0,1,28.11,1630.38,0
1874,1,0,0,1,3,1,1,2,1,1,0,1,0,1,1,0,1,57.01,171.03,0
1875,0,0,1,1,29,0,0,2,1,1,0,0,1,1,0,1,0,96.55,2799.95,1
1876,1,0,0,1,52,1,1,2,1,1,0,0,0,0,0,1,1,38.47,2000.44,1
1877,1,0,0,0,11,0,1,2,1,0,1,1,1,0,1,1,0,34.12,375.32,0
1878,1,0,1,1,32,0,0,1,1,0,0,1,0,1,0,0,3,42.97,1375.04,1
1879,1,0,0,1,14,0,1,0,1,0,0,0,0,0,1,0,0,22.52,315.28,0
1880,1,1,0,1,16,0,1,2,1,0,1,1,1,0,2,1,1,28.94,463.04,0
1881,0,0,0,0,19,0,1,1,1,1,0,0,1,0,2,0,0,38.4,729.6,0
1882,0,0,1,0,29,0,0,2,0,0,0,1,1,0,0,1,2,106.1,3076.9,1
1883,0,0,1,1,59,1,1,2,0,0,1,0,0,0,1,0,1,104.22,6148.98,0
1884,0,0,0,1,59,0,1,2,1,1,1,1,1,0,2,0,1,75.37,4446.83,0
1885,0,1,1,0,47,0,0,0,1,1,1,1,1,1,0,1,1,77.2,3628.4,0
1886,1,0,1,0,35,0,0,2,0,1,0,1,1,1,2,1,3,67.35,2357.25,0
1887,0,0,1,0,25,0,1,2,1,0,0,1,0,0,2,0,2,68.74,1718.5,0
1888,1,0,0,0,71,1,0,1,0,0,1,1,1,1,1,1,0,105.34,7479.14,0
1889,0,1,1,1,19,0,0,1,1,0,0,1,0,0,2,1,2,64.78,1230.82,0
1890,0,1,1,0,33,1,1,1,0,1,0,1,1,1,0,1,2,68.19,2250.27,0
1891,0,0,0,0,8,0,0,1,1,1,0,0,1,1,1,1,3,111.47,891.76,0
1892,1,0,1,0,37,0,1,2,0,1,1,1,0,1,0,1,3,79.32,2934.84,0
1893,1,0,1,0,54,1,1,1,0,0,1,1,1,0,2,1,2,72.7,3925.8,0
1894,0,0,1,0,6,0,0,1,1,0,0,0,0,1,0,0,3,46.57,279.42,1
1895,0,0,0,0,16,0,0,2,0,0,1,1,0,1,1,1,0,110.63,1770.08,0
1896,1,0,0,1,33,1,1,2,0,0,1,0,0,1,1,0,1,43.1,1422.3,0
1897,0,1,0,1,64,1,1,1,1,1,0,1,1,0,1,0,0,98.5,6304.0,0
1898,0,0,1,1,56,1,0,1,1,0,1,1,1,1,1,1,2,47.56,2663.36,0
1899,1,0,0,1,6,1,0,1,1,0,0,1,1,1,2,0,2,30.12,180.72,0
1900,0,0,0,0,14,0,1,0,1,1,0,0,0,0,2,0,0,65.76,920.64,0
1901,1,1,0,1,2,1,1,2,1,0,0,0,0,1,0,0,1,98.12,196.24,0
1902,1,0,1,1,61,1,1,1,0,1,0,1,1,0,1,1,2,25.59,1560.99,0
1903,0,0,1,1,37,1,0,0,1,0,1,1,1,1,0,0,3,114.7,4243.9,0
1904,0,0,0,1,29,1,1,2,0,0,0,1,0,0,2,1,3,93.99,2725.71,0
1905,0,1,1,0,20,1,0,0,0,0,0,0,0,0,2,1,0,48.95,979.0,0
1906,1,0,0,1,36,0,0,2,1,1,1,1,0,0,1,1,3,33.73,1214.28,0
1907,0,0,1,0,15,0,1,0,0,0,0,0,1,1,0,1,3,54.4,816.0,0
1908,0,0,1,0,30,0,0,1,0,0,1,1,1,1,1,0,1,81.71,2451.3,0
1909,0,1,0,1,34,0,0,0,1,1,1,1,0,0,1,0,3,31.74,1079.16,0
1910,0,0,0,0,36,1,1,0,0,1,0,0,1,0,2,1,3,29.09,1047.24,0
1911,0,0,1,0,25,0,1,1,1,1,0,1,1,0,2,0,0,59.2,1480.0,0
1912,1,0,0,0,26,0,0,1,0,0,0,0,1,1,1,0,0,77.59,2017.34,0
1913,0,0,1,1,31,0,0,2,1,1,0,1,1,0,0,1,2,69.04,2140.24,0
1914,0,0,1,1,68,0,1,0,1,1,1,0,0,1,0,1,3,27.26,1853.68,1
1915,1,0,1,0,53,0,0,0,1,1,0,1,0,0,2,0,2,104.36,5531.08,0
1916,1,0,1,0,57,1,0,2,1,0,0,0,0,0,2,1,3,113.38,6462.66,0
1917,1,0,0,0,63,0,0,0,1,1,1,0,1,1,1,1,2,95.93,6043.59,0
1918,0,1,0,1,9,0,0,0,1,1,0,0,1,1,2,1,0,33.79,304.11,0
1919,0,0,1,1,29,1,0,0,0,1,0,1,1,0,2,1,3,20.08,582.32,0
1920,0,0,1,0,27,1,1,2,1,1,0,0,1,0,1,0,0,96.01,2592.27,0
1921,0,0,1,0,15,0,1,0,1,1,1,1,0,0,0,1,2,88.25,1323.75,1
1922,1,0,0,0,59,0,1,2,1,1,1,0,0,1,2,0,3,83.31,4915.29,0
1923,1,0,1,1,34,1,1,2,1,0,0,0,0,0,1,0,3,86.7,2947.8,1
1924,0,0,1,1,20,0,1,1,1,1,1,1,0,0,0,0,1,52.25,1045.0,1
1925,1,0,1,1,55,1,1,2,1,0,1,0,1,0,0,1,1,34.45,1894.75,0
1926,0,0,1,0,6,1,0,0,1,0,0,0,1,1,2,0,0,37.86,227.16,0
1927,1,0,1,1,5,0,1,2,0,1,1,1,1,1,2,1,2,38.52,192.6,0
1928,0,1,0,1,9,1,1,0,0,0,0,0,1,0,1,1,3,89.14,802.26,0
1929,0,0,1,1,19,0,0,1,0,1,0,0,0,0,0,1,3,26.2,497.8,0
1930,0,1,0,0,33,0,1,0,0,0,0,0,0,0,1,1,1,113.51,3745.83,1
1931,0,0,0,0,42,1,1,0,1,1,0,0,1,1,1,1,2,109.16,4584.72,0
1932,0,0,0,1,51,1,0,1,0,1,0,1,0,1,1,1,2,80.77,4119.27,0
1933,0,0,0,0,51,0,0,0,0,0,1,1,1,0,2,0,1,39.45,2011.95,0
1934,0,0,0,1,15,0,1,2,1,1,1,1,1,1,0,1,1,84.04,1260.6,0
1935,1,0,0,0,72,0,0,1,0,0,0,1,1,1,0,1,2,26.29,1892.88,0
1936,1,0,0,1,27,1,0,2,1,1,0,0,1,0,0,0,0,106.79,2883.33,1
1937,1,0,1,0,63,0,1,1,1,0,0,1,0,0,1,0,2,111.7,7037.1,1
1938,1,0,1,0,15,1,0,2,0,1,0,1,0,0,2,0,0,43.25,648.75,0
1939,0,1,0,1,53,0,0,0,1,1,0,0,0,0,0,0,3,84.7,4489.1,0
1940,0,0,1,0,36,1,1,2,1,0,1,0,1,1,1,1,1,115.32,4151.52,0
1941,0,0,0,0,45,1,1,2,1,1,0,1,1,1,2,0,0,40.42,1818.9,0
1942,1,0,1,0,37,1,1,0,0,0,1,0,0,0,2,0,2,58.8,2175.6,0
1943,1,0,1,1,35,0,1,0,1,0,1,0,1,0,0,1,0,65.36,2287.6,0
1944,1,1,1,1,56,1,0,0,0,0,1,0,0,0,1,1,3,116.89,6545.84,0
1945,1,0,0,1,61,0,0,2,0,0,1,0,0,1,0,0,1,67.05,4090.05,1
1946,0,0,1,0,4,0,1,0,1,0,0,1,0,1,1,0,2,34.7,138.8,0
1947,0,0,0,1,40,0,1,2,0,0,1,0,1,0,2,1,2,24.41,976.4,0
1948,1,0,0,0,70,0,0,1,1,1,1,1,1,0,2,1,2,59.89,4192.3,0
1949,1,0,1,1,12,0,0,2,0,1,0,1,0,0,2,0,3,106.08,1272.96,0
1950,0,0,1,1,62,0,0,1,1,1,0,0,1,1,2,1,0,99.93,6195.66,0
1951,0,0,0,0,28,1,1,1,1,0,0,1,1,0,0,0,1,28.85,807.8,0
1952,1,0,0,0,10,1,1,1,1,0,0,1,1,1,0,0,2,34.06,340.6,0
1953,1,0,0,0,57,1,0,0,0,0,1,0,0,0,1,1,1,53.96,3075.72,0
1954,1,0,1,1,10,1,0,0,0,0,1,0,0,0,1,1,3,46.66,466.6,0
1955,1,0,0,1,62,1,0,1,0,1,1,1,0,0,2,1,3,85.86,5323.32,0
1956,1,0,1,1,63,0,1,0,1,0,1,1,0,0,1,1,0,70.56,4445.28,0
1957,1,1,1,1,13,1,0,2,0,0,1,1,0,1,2,1,1,27.31,355.03,0
1958,1,0,0,1,22,1,0,2,1,0,0,0,0,0,0,0,2,117.17,2577.74,0
1959,0,0,1,0,53,0,1,0,1,1,1,0,0,1,0,1,1,53.16,2817.48,1
1960,1,1,0,1,22,0,0,2,0,1,1,0,0,0,2,1,2,105.83,2328.26,0
1961,0,0,0,1,65,1,1,0,0,1,0,1,0,1,2,0,3,75.38,4899.7,0
1962,0,0,0,0,37,0,1,1,0,0,0,0,1,0,2,1,3,59.23,2191.51,0
1963,0,0,0,0,51,1,0,1,0,0,0,0,1,1,1,0,2,85.6,4365.6,0
1964,0,0,1,0,60,1,1,0,0,0,1,1,1,1,2,1,0,106.59,6395.4,0
1965,1,1,1,0,24,1,1,2,1,0,1,1,1,0,2,0,3,65.44,1570.56,0
1966,1,0,1,0,63,1,1,0,0,1,0,1,0,0,2,0,2,62.45,3934.35,0
1967,1,0,0,1,59,0,0,2,0,0,0,1,1,0,0,0,1,83.76,4941.84,0
1968,1,0,1,1,72,0,0,2,0,1,0,0,1,1,2,0,2,75.71,5451.12,0
1969,1,0,1,0,26,1,1,1,0,1,1,0,1,1,2,1,0,40.36,1049.36,0
1970,0,0,0,0,25,0,0,1,0,1,0,0,1,1,0,0,1,58.83,1470.75,0
1971,0,0,0,0,63,0,1,2,1,1,1,0,0,1,0,0,2,118.38,7457.94,0
1972,0,0,1,0,54,0,1,1,1,1,1,0,1,0,2,0,1,75.4,4071.6,0
1973,1,0,0,0,55,1,1,2,0,1,1,1,0,1,0,0,3,57.38,3155.9,0
1974,0,0,0,0,51,0,1,2,1,1,0,0,1,1,0,0,3,112.84,5754.84,0
1975,1,0,1,1,59,0,1,2,1,1,1,0,0,0,2,0,1,77.27,4558.93,0
1976,0,0,1,0,45,1,1,2,1,0,0,1,0,1,0,0,3,21.68,975.6,0
1977,0,0,0,0,29,1,0,2,1,1,0,0,0,0,0,0,3,27.07,785.03,0
1978,1,0,0,0,15,0,0,0,1,0,0,1,1,1,1,1,2,50.8,762.0,1
1979,1,0,0,1,25,0,1,0,1,0,0,1,0,1,0,0,3,27.36,684.0,0
1980,1,0,1,0,62,0,1,2,1,1,0,0,0,0,1,0,1,96.23,5966.26,0
1981,0,1,1,0,3,1,0,0,1,1,0,1,0,1,0,0,0,110.49,331.47,0
1982,0,0,0,1,56,1,0,1,0,0,1,1,0,0,1,0,0,91.73,5136.88,0
1983,1,0,0,1,57,0,0,0,0,0,1,0,1,1,0,1,1,109.51,6242.07,0
1984,1,0,1,0,27,1,0,2,0,0,0,0,1,0,0,0,2,33.1,893.7,0
1985,0,0,0,1,4,0,0,2,1,0,0,0,0,0,0,0,3,65.78,263.12,0
1986,0,0,0,1,43,0,0,1,1,1,0,1,0,0,0,1,3,62.69,2695.67,0
1987,1,0,0,0,33,1,1,0,1,0,0,1,1,1,0,1,2,66.46,2193.18,1
1988,0,0,0,1,67,0,1,1,1,0,0,1,1,1,2,1,1,40.32,2701.44,0
1989,0,0,1,1,72,1,0,0,1,0,1,1,1,1,1,0,1,90.15,6490.8,0
1990,1,0,0,0,55,1,1,2,1,0,0,1,1,1,2,1,3,105.44,5799.2,0
1991,0,1,1,0,54,1,1,0,0,0,1,0,1,0,2,1,1,105.74,5709.96,0
1992,1,0,1,1,48,0,1,2,1,1,0,1,1,1,1,1,0,51.94,2493.12,0
1993,0,0,0,1,71,1,0,1,1,0,0,0,1,1,0,0,0,20.95,1487.45,1
1994,1,0,1,0,72,0,1,1,0,0,1,1,1,0,1,1,3,85.63,6165.36,0
1995,1,0,1,1,63,1,0,1,0,1,1,1,0,0,0,1,0,101.71,6407.73,1
1996,0,0,1,0,70,0,0,2,0,1,0,1,1,0,1,1,3,54.91,3843.7,0
1997,0,1,1,0,33,1,1,2,1,1,1,0,0,1,2,0,2,49.49,1633.17,0
1998,0,0,0,1,66,1,0,1,0,1,0,1,1,0,1,0,3,113.13,7466.58,0
1999,0,0,0,1,50,0,0,1,1,1,0,1,0,1,2,0,1,43.55,2177.5,0
2000,0,0,1,0,51,1,0,1,0,0,0,0,1,1,1,1,1,72.86,3715.86,0
2001,0,0,0,0,61,1,1,2,0,1,1,1,0,1,1,0,0,103.85,6334.85,0
2002,1,0,0,1,63,1,1,2,1,0,1,1,0,0,0,1,0,48.59,3061.17,0
2003,1,0,0,0,69,1,0,1,1,0,0,1,1,0,1,1,3,95.1,6561.9,0
2004,1,1,0,0,20,0,0,1,0,1,0,1,0,1,1,1,2,73.22,1464.4,0
2005,1,0,1,1,7,1,1,1,1,1,1,0,1,0,2,0,0,99.89,699.23,0
2006,1,0,0,0,45,1,0,1,0,1,0,1,1,1,0,0,3,57.17,2572.65,0
2007,1,0,1,0,48,1,0,0,0,1,1,1,1,0,1,1,2,78.9,3787.2,0
2008,0,1,1,0,59,1,1,2,1,1,1,1,1,0,2,1,3,39.35,2321.65,0
2009,0,1,0,1,54,0,0,2,1,0,0,1,1,1,0,0,3,68.08,3676.32,0
2010,0,0,0,1,66,1,1,1,0,1,1,1,0,1,0,0,1,62.96,4155.36,0
2011,0,1,1,0,7,0,1,0,1,1,0,0,0,0,1,1,1,37.14,259.98,0
2012,0,0,0,1,28,0,0,0,1,1,0,0,1,1,1,0,3,83.85,2347.8,1
2013,0,0,1,0,20,1,1,1,0,0,1,0,0,1,1,0,3,92.81,1856.2,0
2014,1,0,1,0,49,1,0,0,0,1,0,1,1,0,1,1,0,76.2,3733.8,1
2015,0,0,1,0,9,0,0,1,0,1,1,0,0,0,0,1,0,61.45,553.05,0
2016,0,0,0,1,47,1,0,1,1,1,1,1,0,1,0,1,0,105.9,4977.3,0
2017,0,0,0,0,58,1,1,0,1,1,0,1,0,0,0,1,1,90.35,5240.3,0
2018,1,0,1,1,11,1,0,2,1,1,1,1,0,1,2,1,3,54.03,594.33,0
2019,0,0,0,1,27,0,0,0,0,0,1,0,1,0,2,0,0,100.48,2712.96,0
2020,1,0,1,0,58,0,1,1,1,1,0,1,1,0,1,0,3,63.99,3711.42,0
2021,0,1,0,1,64,0,0,1,1,0,0,1,1,0,1,0,1,117.6,7526.4,0
2022,1,0,1,1,69,1,1,1,1,0,0,1,1,1,1,0,1,87.98,6070.62,0
2023,0,0,1,0,16,1,1,1,1,1,0,1,1,1,1,0,0,75.69,1211.04,0
2024,0,0,0,1,69,0,1,2,1,1,0,0,1,0,0,0,2,102.24,7054.56,0
2025,1,0,1,0,23,0,0,1,0,0,1,1,0,1,0,1,0,71.87,1653.01,0
2026,1,0,0,1,69,1,1,1,1,0,1,1,1,1,0,1,2,42.13,2906.97,1
2027,0,0,1,1,56,0,1,2,0,1,1,1,0,0,0,1,0,112.65,6308.4,0
2028,0,0,0,0,15,0,1,0,0,1,0,0,1,1,1,1,3,24.17,362.55,0
2029,0,0,1,1,46,1,0,0,1,1,1,0,1,1,0,1,0,119.97,5518.62,1
2030,1,0,1,1,42,0,1,2,1,1,0,0,0,0,0,1,3,71.87,3018.54,1
2031,1,0,1,1,17,1,0,1,1,0,0,1,1,0,2,1,0,73.05,1241.85,0
2032,0,1,0,0,48,1,1,0,0,0,1,1,1,0,1,1,1,107.41,5155.68,0
2033,1,1,0,1,17,1,0,0,1,0,1,1,0,1,2,0,1,23.79,404.43,0
2034,1,0,1,0,30,0,1,2,0,0,0,0,1,1,2,0,3,60.84,1825.2,0
2035,0,1,0,0,40,0,0,2,0,0,1,1,0,1,0,1,3,29.25,1170.0,1
2036,1,0,1,0,3,0,1,0,0,1,1,1,0,1,2,0,2,61.49,184.47,0
2037,0,0,1,1,22,0,1,0,0,0,1,1,1,1,2,1,1,57.15,1257.3,0
2038,1,0,0,0,63,0,0,0,0,0,1,1,0,1,2,1,3,107.98,6802.74,0
2039,1,0,1,1,22,0,1,2,1,1,1,1,0,1,1,0,1,28.59,628.98,0
2040,0,0,1,1,68,0,0,1,1,1,0,1,0,0,0,1,3,109.7,7459.6,1
2041,1,0,1,1,72,1,0,1,1,1,0,0,1,1,2,1,3,42.22,3039.84,0
2042,0,0,1,1,47,0,0,2,0,0,0,0,0,1,1,1,3,103.64,4871.08,0
2043,1,0,0,0,8,0,0,1,0,0,1,0,0,1,1,1,1,21.42,171.36,0
2044,0,0,0,0,4,1,1,0,1,0,0,0,0,0,1,1,0,45.1,180.4,0
2045,1,0,0,1,39,0,1,2,1,0,1,0,1,0,2,0,3,21.1,822.9,0
2046,0,0,0,0,44,0,0,0,0,1,0,1,1,0,0,1,0,90.78,3994.32,0
2047,0,0,0,1,69,0,1,0,0,0,1,0,0,0,0,1,1,83.14,5736.66,1
2048,1,0,0,1,24,1,1,1,0,1,0,0,1,0,2,1,3,96.7,2320.8,0
2049,0,0,0,1,68,0,0,1,1,1,0,0,1,1,2,1,3,68.41,4651.88,0
2050,0,1,1,1,13,1,0,2,1,1,1,1,0,1,0,0,3,94.56,1229.28,0
2051,0,0,1,0,62,1,0,0,1,1,0,0,0,1,0,1,2,93.1,5772.2,0
2052,0,0,1,0,30,1,1,2,0,0,0,0,0,1,0,1,0,100.52,3015.6,1
2053,1,0,1,1,38,1,0,0,1,0,0,1,0,0,1,1,1,70.45,2677.1,0
2054,1,0,0,0,1,1,0,1,1,0,1,1,1,0,2,0,0,47.43,47.43,0
2055,0,0,1,0,28,1,0,0,1,1,0,1,1,0,2,0,2,105.39,2950.92,0
2056,1,0,0,0,51,0,0,1,0,1,0,1,0,0,1,0,3,118.47,6041.97,0
2057,0,0,0,0,15,0,1,1,1,0,1,1,1,0,1,0,0,55.06,825.9,0
2058,1,0,1,1,20,0,0,1,0,0,1,0,0,1,1,1,2,100.82,2016.4,1
2059,1,1,0,1,47,0,0,0,0,1,0,0,0,0,1,0,3,87.67,4120.49,0
2060,1,0,0,1,56,0,0,0,1,0,1,1,0,0,0,0,0,50.85,2847.6,1
2061,1,0,1,1,47,1,1,2,1,0,1,0,0,1,2,1,2,55.98,2631.06,0
2062,0,0,1,1,3,1,1,0,1,0,1,1,1,0,2,1,0,111.45,334.35,0
2063,1,1,1,1,71,1,1,1,1,1,1,1,1,1,2,0,0,59.92,4254.32,0
2064,1,0,0,1,53,0,1,1,1,0,0,1,1,1,1,0,0,31.32,1659.96,0
2065,1,0,1,0,37,1,1,2,0,1,0,1,0,1,0,1,0,39.17,1449.29,0
2066,1,0,1,0,19,1,0,2,0,1,1,1,0,1,1,1,1,111.91,2126.29,0
2067,1,0,0,1,43,1,1,2,1,0,1,0,0,1,2,1,1,56.44,2426.92,0
2068,1,1,0,0,20,0,1,1,0,1,1,1,0,0,1,1,0,57.84,1156.8,0
2069,1,0,0,0,53,0,1,0,0,1,1,1,1,1,1,0,3,88.46,4688.38,0
2070,0,0,1,0,22,0,1,2,0,0,0,1,0,1,1,0,3,86.96,1913.12,0
2071,0,0,0,1,57,1,0,2,1,0,1,1,0,0,1,0,2,42.17,2403.69,0
2072,1,0,1,1,11,1,1,0,0,0,1,1,1,0,2,1,2,36.73,404.03,0
2073,1,0,0,1,40,1,1,0,0,0,1,1,1,0,0,0,0,45.56,1822.4,0
2074,1,0,1,1,59,0,1,0,0,0,0,0,1,0,2,0,1,28.0,1652.0,0
2075,1,0,1,1,61,1,1,1,0,1,1,1,0,0,1,0,0,75.67,4615.87,0
2076,0,0,0,0,17,1,0,2,0,0,0,1,0,0,0,0,1,55.15,937.55,1
2077,0,0,1,1,66,1,1,1,1,1,0,1,1,1,1,1,3,38.98,2572.68,0
2078,0,0,1,1,24,1,0,1,1,0,1,1,1,0,2,0,3,83.27,1998.48,0
2079,0,0,1,0,64,0,1,0,1,0,0,0,0,0,2,1,1,22.95,1468.8,0
2080,1,0,1,0,2,0,0,1,0,0,1,1,0,1,1,0,3,23.24,46.48,0
2081,1,0,0,1,49,0,0,2,1,0,0,1,1,0,0,0,3,59.21,2901.29,1
2082,1,0,0,0,62,1,0,1,1,1,1,1,0,0,0,1,0,99.74,6183.88,1
2083,1,0,0,1,57,0,1,1,0,1,1,1,0,1,2,0,1,99.62,5678.34,0
2084,0,0,1,0,4,1,1,0,0,1,0,0,0,1,1,1,3,116.43,465.72,0
2085,1,0,0,0,20,0,0,0,1,0,1,0,1,1,1,1,3,69.49,1389.8,0
2086,1,0,0,0,50,1,0,0,0,1,1,1,1,1,1,1,2,68.01,3400.5,0
2087,0,1,0,0,40,1,1,1,0,1,0,1,0,0,2,1,2,64.64,2585.6,0
2088,1,1,0,0,20,1,0,1,1,1,0,1,1,1,0,1,0,80.15,1603.0,1
2089,0,0,1,1,27,0,1,1,1,0,1,1,1,0,1,0,3,26.52,716.04,0
2090,0,0,0,1,36,0,0,0,1,0,1,0,0,0,1,1,1,28.99,1043.64,0
2091,1,0,1,1,48,0,1,2,0,0,0,1,0,1,2,0,1,54.4,2611.2,0
2092,0,1,0,0,17,0,1,2,0,1,1,1,0,0,1,0,2,84.53,1437.01,1
2093,0,0,1,0,20,0,1,2,0,1,1,0,1,0,0,1,2,78.08,1561.6,0
2094,1,0,1,1,43,1,0,1,0,1,0,0,0,1,2,0,1,66.8,2872.4,0
2095,0,1,0,1,39,1,1,1,1,0,0,0,1,1,2,1,0,113.55,4428.45,0
2096,0,1,1,0,49,1,1,0,1,1,1,0,0,1,2,0,1,36.65,1795.85,0
2097,1,0,1,0,37,1,1,2,1,1,0,1,0,1,2,0,0,43.31,1602.47,0
2098,1,0,0,0,42,1,1,1,0,1,1,1,1,1,0,0,0,74.9,3145.8,0
2099,1,0,0,0,21,1,1,1,0,1,0,0,1,1,2,1,3,54.79,1150.59,0
2100,1,0,0,0,49,0,0,2,1,0,0,0,0,0,2,0,1,59.36,2908.64,0
2101,0,0,0,0,56,0,1,0,1,1,0,1,0,0,1,0,0,45.7,2559.2,1
2102,1,0,0,0,18,1,0,2,0,0,1,0,1,0,2,1,1,52.29,941.22,0
2103,1,0,1,1,42,1,1,0,1,0,1,0,1,0,1,0,2,113.74,4777.08,0
2104,0,0,1,1,4,0,0,1,0,1,0,1,1,1,0,1,3,113.76,455.04,1
2105,1,0,0,1,28,1,1,0,0,1,1,1,0,0,1,1,2,36.52,1022.56,1
2106,0,0,1,1,40,1,1,1,0,1,0,0,1,0,2,1,1,35.22,1408.8,0
2107,0,0,1,0,17,1,1,2,0,1,0,0,0,0,1,0,1,30.72,522.24,0
2108,1,0,1,1,32,1,0,2,0,0,0,0,0,1,2,0,0,99.79,3193.28,0
2109,0,0,1,1,43,1,1,1,0,0,1,0,1,0,0,0,0,119.48,5137.64,1
2110,0,0,1,1,61,1,1,2,0,0,0,0,0,1,1,0,3,47.1,2873.1,0
2111,1,0,0,1,64,0,1,0,1,1,1,1,0,0,2,1,0,106.18,6795.52,0
2112,1,1,1,0,57,0,0,2,1,0,1,0,0,1,2,0,1,55.06,3138.42,0
2113,0,0,0,1,72,0,0,2,1,0,1,0,1,1,0,1,1,95.73,6892.56,0
2114,1,0,1,0,39,1,1,1,1,1,0,0,1,1,1,0,2,53.99,2105.61,1
2115,1,0,0,1,33,0,0,1,0,1,1,0,1,1,0,1,1,53.84,1776.72,1
2116,1,0,0,1,72,1,1,1,1,0,1,1,1,0,2,0,3,81.89,5896.08,0
2117,0,0,0,1,1,1,1,0,0,1,0,1,0,1,2,0,1,73.89,73.89,0
2118,1,0,1,1,8,0,0,1,0,1,1,0,0,1,2,0,3,67.43,539.44,0
2119,0,0,0,0,11,1,0,0,1,0,1,1,0,0,1,1,0,89.13,980.43,0
2120,1,1,1,0,57,1,1,1,0,0,1,0,0,1,2,1,3,102.99,5870.43,0
2121,0,0,1,1,3,0,0,1,1,1,0,1,0,0,2,1,1,24.55,73.65,0
2122,0,1,1,1,57,1,1,0,1,1,1,1,1,1,0,1,0,100.04,5702.28,1
2123,1,0,1,1,44,1,1,2,0,0,0,1,0,1,1,0,1,20.9,919.6,0
2124,0,0,0,1,38,0,0,2,0,1,1,0,1,1,0,0,1,104.31,3963.78,0
2125,1,1,1,0,31,0,0,2,1,0,0,0,1,0,2,1,1,52.66,1632.46,0
2126,0,0,1,1,43,1,0,1,1,0,0,0,0,0,2,1,1,55.66,2393.38,0
2127,0,0,1,0,26,0,0,2,0,1,0,1,0,1,0,1,0,52.98,1377.48,1
2128,0,0,1,1,5,1,1,1,0,1,0,0,0,0,2,1,2,87.3,436.5,0
2129,1,0,0,1,24,1,1,0,0,1,0,0,1,0,0,1,3,59.34,1424.16,1
2130,0,0,0,0,27,0,1,0,1,0,0,0,0,0,0,1,3,67.71,1828.17,1
2131,0,0,1,1,33,0,0,1,0,0,1,1,1,0,0,0,0,35.95,1186.35,0
2132,0,0,0,1,2,1,1,1,1,0,0,1,1,0,1,1,0,21.26,42.52,0
2133,1,0,1,1,44,0,1,2,0,1,1,1,1,1,0,0,1,75.05,3302.2,0
2134,1,1,1,0,67,0,0,1,1,0,0,1,0,1,0,0,0,42.63,2856.21,0
2135,0,1,0,0,33,1,0,1,0,1,0,0,1,0,2,1,2,100.54,3317.82,0
2136,0,1,1,1,67,1,1,0,0,0,1,1,1,0,0,0,2,86.13,5770.71,0
2137,0,0,1,1,7,1,1,1,1,1,0,1,1,0,1,0,2,91.46,640.22,0
2138,0,0,0,0,19,1,0,1,1,1,1,1,1,0,0,1,1,35.61,676.59,1
2139,1,0,0,1,55,0,1,1,1,1,1,0,1,0,2,1,1,91.29,5020.95,0
2140,0,1,0,1,43,1,0,0,1,1,0,1,1,1,2,0,3,57.14,2457.02,0
2141,1,0,1,0,44,1,1,2,0,1,0,1,1,1,0,1,2,59.67,2625.48,0
2142,1,1,1,0,29,0,1,0,1,1,0,1,1,0,2,0,0,112.48,3261.92,0
2143,1,0,1,1,14,0,0,1,1,0,0,0,0,0,0,0,0,86.4,1209.6,0
2144,0,0,0,0,15,1,1,0,0,1,0,0,1,0,1,1,2,115.95,1739.25,0
2145,1,0,0,1,44,1,0,0,1,0,1,1,0,1,2,0,2,106.17,4671.48,0
2146,0,0,1,1,16,1,1,1,0,0,0,0,0,0,2,1,2,114.44,1831.04,0
2147,0,0,0,0,58,0,1,1,0,0,1,1,1,0,1,1,0,80.66,4678.28,0
2148,0,0,0,0,57,0,0,0,0,0,1,0,1,0,0,0,0,33.61,1915.77,0
2149,1,0,0,0,44,1,0,1,0,0,1,1,0,0,0,0,0,81.31,3577.64,0
2150,1,0,0,0,8,1,1,0,0,1,1,1,0,0,1,0,3,43.79,350.32,1
2151,1,1,1,0,10,0,1,0,0,0,0,0,0,0,1,0,3,103.04,1030.4,0
2152,0,0,1,1,28,1,1,0,1,1,0,0,1,0,2,0,3,80.97,2267.16,0
2153,0,0,1,1,49,0,1,0,1,1,0,0,0,0,2,1,1,105.76,5182.24,0
2154,0,0,1,0,67,0,0,2,1,0,0,0,1,0,1,1,2,74.51,4992.17,0
2155,0,0,1,0,54,1,1,2,1,0,1,0,1,0,0,0,1,46.89,2532.06,0
2156,1,0,0,0,12,0,1,2,0,1,0,0,1,0,2,0,0,98.5,1182.0,0
2157,0,0,0,0,31,0,1,0,0,1,1,0,0,0,0,1,0,58.19,1803.89,0
2158,0,0,0,0,26,1,1,0,0,1,1,1,1,0,0,0,3,87.7,2280.2,0
2159,1,0,0,1,67,0,1,2,1,1,1,0,0,1,1,1,1,33.07,2215.69,0
2160,1,0,0,0,44,0,0,0,1,0,1,0,1,1,0,1,0,91.62,4031.28,0
2161,0,1,1,0,8,0,0,1,1,0,1,1,0,1,2,0,0,44.51,356.08,0
2162,1,0,1,0,69,0,1,2,0,0,1,1,0,0,1,1,0,104.3,7196.7,0
2163,1,0,1,0,61,0,0,2,0,0,1,0,1,0,1,1,0,67.74,4132.14,0
2164,1,1,1,0,21,0,0,0,1,1,1,1,1,0,0,0,1,36.61,768.81,0
2165,0,0,0,1,56,1,1,0,0,1,0,1,1,1,2,1,3,56.23,3148.88,0
2166,0,0,1,1,11,1,1,2,1,1,0,0,0,1,0,0,2,35.57,391.27,1
2167,0,0,0,1,3,0,1,1,0,1,1,0,1,1,1,1,2,87.02,261.06,0
2168,1,0,1,1,66,0,0,0,0,1,1,1,1,1,0,1,2,98.85,6524.1,0
2169,1,0,1,1,58,0,0,2,1,0,1,1,0,0,2,1,3,100.07,5804.06,0
2170,0,0,1,1,11,0,0,1,1,0,0,0,1,1,1,0,3,45.43,499.73,1
2171,0,0,1,1,7,1,0,2,1,1,0,1,1,1,1,1,1,81.31,569.17,0
2172,1,0,0,0,29,0,1,0,1,1,0,1,1,1,2,1,3,48.18,1397.22,0
2173,0,0,0,0,21,1,1,2,0,0,0,1,0,1,2,0,0,61.04,1281.84,0
2174,0,0,0,0,50,1,0,1,0,0,1,0,1,1,0,0,3,113.6,5680.0,1
2175,1,1,1,1,71,1,1,2,0,1,1,1,1,1,1,1,1,101.04,7173.84,0
2176,1,1,1,0,42,0,1,1,0,0,1,1,1,1,1,0,1,46.08,1935.36,0
2177,1,0,0,1,33,1,0,1,0,0,1,1,0,0,1,0,1,58.72,1937.76,0
2178,1,1,1,0,42,1,0,0,0,1,1,1,0,0,2,1,0,26.96,1132.32,0
2179,1,1,0,1,71,1,1,0,1,1,1,1,1,0,0,0,3,76.93,5462.03,1
2180,0,0,0,0,7,0,1,0,1,0,1,0,0,1,2,1,1,25.52,178.64,0
2181,1,0,1,1,34,0,0,2,1,1,1,1,1,1,0,0,2,74.1,2519.4,1
2182,0,0,1,1,51,1,0,1,0,0,1,1,1,1,2,1,1,62.39,3181.89,0
2183,0,0,0,0,50,0,0,2,0,1,0,0,1,1,2,1,2,45.0,2250.0,0
2184,1,0,1,1,53,0,0,1,1,0,1,1,1,1,0,0,1,68.28,3618.84,1
2185,0,0,0,0,10,1,0,2,1,0,0,1,0,1,0,1,3,75.18,751.8,0
2186,0,1,0,0,12,0,1,2,1,1,1,1,0,1,1,1,1,22.16,265.92,0
2187,0,1,1,0,4,1,0,1,0,1,0,1,1,1,0,0,0,92.92,371.68,0
2188,1,0,1,1,36,0,0,0,0,1,1,1,1,0,2,1,1,119.37,4297.32,0
2189,1,0,1,1,64,1,1,0,1,0,0,0,1,0,1,0,3,97.52,6241.28,0
2190,0,1,1,1,66,0,1,2,1,1,1,1,1,1,2,1,3,74.93,4945.38,0
2191,0,0,1,0,32,1,0,1,1,1,0,0,1,1,0,1,0,46.42,1485.44,0
2192,0,0,0,0,42,0,0,0,0,0,0,0,1,1,0,0,0,27.19,1141.98,1
2193,0,0,1,1,32,0,1,2,1,0,0,1,0,0,2,1,0,68.68,2197.76,0
2194,1,0,1,1,5,1,0,2,1,1,1,1,0,1,1,1,2,90.53,452.65,0
2195,0,0,1,1,17,1,1,2,0,0,0,1,0,1,0,1,3,36.66,623.22,1
2196,1,0,1,0,20,0,1,2,0,1,1,0,1,0,2,0,3,111.37,2227.4,0
2197,1,0,0,0,39,1,0,0,0,0,1,0,1,0,0,1,1,45.28,1765.92,0
2198,0,0,0,1,69,1,1,0,1,0,1,0,1,1,2,0,2,79.21,5465.49,0
2199,1,0,1,1,32,1,0,1,0,1,1,0,1,1,2,0,2,102.39,3276.48,0
2200,1,1,0,1,37,0,0,1,0,0,0,1,1,1,1,0,0,109.11,4037.07,0
2201,1,0,1,1,46,1,1,1,0,0,0,1,1,0,1,1,0,99.38,4571.48,1
2202,1,1,0,1,3,1,1,2,0,1,0,0,1,0,2,1,2,20.72,62.16,0
2203,0,0,0,1,34,0,1,2,0,0,1,1,1,0,2,0,1,52.99,1801.66,0
2204,0,1,0,0,31,1,0,0,0,0,1,0,1,0,2,1,3,111.44,3454.64,0
2205,1,0,0,0,28,0,1,0,1,1,0,1,0,0,2,1,1,24.96,698.88,0
2206,1,0,0,1,29,1,0,1,1,0,0,1,0,1,0,0,0,118.97,3450.13,0
2207,1,1,1,0,12,0,0,2,0,0,1,1,1,0,2,1,0,113.54,1362.48,0
2208,0,0,0,1,67,1,1,2,0,1,0,1,1,0,0,0,1,61.46,4117.82,0
2209,1,0,0,0,61,0,0,1,0,1,1,0,1,0,2,1,0,94.52,5765.72,0
2210,1,0,1,1,28,1,0,2,0,0,0,1,0,0,1,1,3,99.05,2773.4,0
2211,0,0,1,0,25,1,0,2,1,1,1,0,1,1,0,1,1,79.58,1989.5,0
2212,0,0,1,1,20,1,0,2,0,0,0,1,1,0,0,0,2,93.83,1876.6,0
2213,0,0,0,1,31,0,0,1,0,0,1,0,1,1,2,1,0,100.85,3126.35,0
2214,0,1,1,1,17,0,1,1,0,1,0,1,1,0,2,1,2,47.74,811.58,0
2215,1,1,0,1,64,0,0,1,1,0,0,0,1,1,1,1,2,50.95,3260.8,0
2216,1,0,0,0,49,0,1,1,0,0,0,0,0,1,0,0,1,31.11,1524.39,1
2217,1,0,0,0,6,0,1,0,0,1,1,0,0,0,1,0,3,74.68,448.08,0
2218,1,0,0,0,36,0,1,0,0,0,1,1,0,0,1,0,1,43.46,1564.56,0
2219,0,0,1,1,8,1,1,2,0,0,0,1,0,0,2,1,2,79.63,637.04,0
2220,0,0,0,0,3,1,1,1,1,1,1,1,1,0,1,0,0,104.28,312.84,0
2221,0,0,1,0,64,1,1,2,1,0,0,1,0,0,0,0,0,49.43,3163.52,0
2222,1,0,0,1,59,1,1,0,0,1,0,1,0,1,2,1,1,26.69,1574.71,0
2223,0,1,0,1,38,1,0,1,0,0,1,1,0,1,2,1,0,20.11,764.18,0
2224,1,0,0,0,26,0,1,1,0,0,1,1,1,0,1,0,1,84.02,2184.52,0
2225,0,0,1,0,36,1,1,1,0,1,0,1,1,0,0,0,1,22.44,807.84,1
2226,1,0,0,1,45,1,0,0,1,1,1,1,0,1,1,1,0,101.87,4584.15,1
2227,1,0,0,0,72,0,0,0,1,0,0,0,0,1,2,0,0,47.53,3422.16,0
2228,1,1,0,1,23,0,0,2,1,0,0,1,1,1,2,1,0,43.4,998.2,0
2229,1,0,0,0,64,1,1,0,1,1,1,0,1,0,1,0,0,85.53,5473.92,0
2230,1,0,1,1,60,1,0,2,1,0,0,1,1,0,0,1,0,91.84,5510.4,0
2231,1,0,1,1,44,1,1,1,0,0,0,0,1,0,0,1,3,107.02,4708.88,1
2232,0,1,0,0,40,0,0,0,1,0,0,1,1,1,0,0,2,96.23,3849.2,1
2233,0,0,1,0,51,1,1,2,1,0,0,0,1,0,1,0,1,54.91,2800.41,0
2234,1,0,0,1,2,1,0,2,0,0,0,0,0,1,0,0,2,65.74,131.48,0
2235,0,0,1,0,15,1,1,2,1,0,1,0,1,1,0,0,2,85.19,1277.85,0
2236,0,1,1,1,42,0,0,1,0,1,1,0,1,0,2,0,1,63.81,2680.02,0
2237,0,0,1,1,9,1,1,1,1,1,1,0,1,0,2,0,1,48.1,432.9,0
2238,0,0,0,0,41,1,0,1,1,1,1,0,0,0,1,0,3,38.69,1586.29,0
2239,1,0,1,0,43,0,1,0,1,0,0,1,0,1,1,0,3,42.39,1822.77,0
2240,1,0,1,1,63,1,1,0,1,1,0,1,0,1,2,0,3,112.66,7097.58,0
2241,0,0,0,1,70,0,0,1,1,1,0,0,1,1,1,0,0,105.09,7356.3,0
2242,1,0,1,1,66,1,1,0,0,0,1,0,1,0,2,1,3,76.81,5069.46,0
2243,1,0,1,1,69,0,1,1,0,0,0,1,0,0,0,0,2,118.13,8150.97,0
2244,0,0,0,1,9,0,0,2,1,0,0,0,0,1,2,0,0,20.89,188.01,1
2245,1,0,0,1,59,0,0,0,0,0,1,0,1,0,0,0,3,117.22,6915.98,0
2246,0,1,0,0,2,0,0,1,0,0,1,0,0,1,2,0,0,106.56,213.12,0
2247,0,1,1,1,15,0,1,1,1,1,1,0,0,1,2,0,0,31.38,470.7,0
2248,0,1,1,1,44,1,1,0,0,1,0,1,1,0,1,1,1,92.42,4066.48,0
2249,1,0,1,0,70,0,1,2,1,1,0,0,0,0,0,1,3,33.87,2370.9,0
2250,1,0,0,0,70,0,0,1,1,1,1,0,1,0,2,0,3,108.77,7613.9,0
2251,0,0,0,1,18,1,1,1,0,1,1,1,0,1,2,0,1,82.56,1486.08,0
2252,0,0,0,0,63,0,1,2,1,1,1,0,0,0,2,1,3,60.96,3840.48,0
2253,1,1,0,1,43,0,1,0,0,0,0,1,0,0,2,0,2,115.33,4959.19,0
2254,1,0,1,1,10,0,0,0,0,0,0,1,1,0,0,0,0,111.15,1111.5,0
2255,1,1,0,1,18,1,0,2,0,0,0,0,0,0,2,1,2,41.5,747.0,0
2256,1,0,0,0,60,1,0,2,1,1,0,1,1,1,1,1,1,54.27,3256.2,0
2257,0,0,1,0,52,0,1,1,1,0,1,1,0,0,0,0,1,58.93,3064.36,1
2258,0,1,0,0,40,0,0,1,1,0,1,1,0,1,1,0,1,90.99,3639.6,1
2259,1,0,0,1,44,1,0,2,1,0,0,1,1,1,0,0,3,66.69,2934.36,1
2260,0,1,0,1,9,0,0,0,0,0,0,0,0,0,1,0,1,37.22,334.98,0
2261,1,0,1,1,20,1,0,1,0,0,1,1,0,1,2,1,2,90.91,1818.2,0
2262,0,0,0,1,53,0,0,0,0,1,1,0,1,0,2,0,1,114.23,6054.19,0
2263,0,0,1,1,65,0,1,0,1,1,1,0,1,0,2,0,2,51.02,3316.3,0
2264,0,0,0,1,72,0,0,2,1,0,1,1,1,0,0,0,3,49.51,3564.72,0
2265,1,0,1,0,16,0,0,2,1,1,1,0,1,0,1,1,1,35.61,569.76,0
2266,0,0,1,1,58,0,1,2,1,0,0,1,0,1,1,1,1,108.8,6310.4,0
2267,0,0,1,1,57,1,0,1,1,0,0,0,1,1,0,0,3,39.16,2232.12,0
2268,0,0,0,1,28,1,0,0,0,1,0,1,0,0,0,1,3,35.98,1007.44,1
2269,0,0,0,0,58,0,0,2,1,0,0,0,0,1,1,1,3,23.52,1364.16,0
2270,1,1,0,0,37,1,1,0,1,1,0,0,1,0,0,0,1,34.26,1267.62,0
2271,0,0,1,1,61,1,1,2,0,1,1,0,1,1,1,1,1,30.87,1883.07,0
2272,0,0,1,0,1,1,0,1,1,1,0,0,0,1,2,1,2,51.28,51.28,0
2273,0,0,0,0,55,1,1,1,1,1,1,1,0,1,2,1,3,112.88,6208.4,0
2274,0,0,1,1,44,0,0,1,0,0,1,0,0,0,1,1,3,113.78,5006.32,0
2275,0,0,1,1,52,1,0,1,1,0,1,1,1,1,1,1,3,56.81,2954.12,0
2276,0,1,0,1,58,0,1,0,1,1,0,0,0,1,2,0,3,115.97,6726.26,0
2277,0,0,1,1,21,1,1,2,0,1,1,0,1,1,0,1,2,42.97,902.37,0
2278,1,0,1,0,36,1,1,2,0,0,1,0,0,1,2,1,0,23.82,857.52,0
2279,1,0,1,1,6,0,1,1,0,0,1,0,0,1,0,0,2,117.8,706.8,1
2280,1,0,0,1,72,1,1,1,0,1,1,0,0,1,2,0,0,73.43,5286.96,0
2281,1,1,1,1,16,1,1,0,0,1,0,0,0,1,0,0,3,105.7,1691.2,1
2282,0,0,0,1,51,1,0,2,0,1,1,1,0,1,2,0,2,111.07,5664.57,0
2283,1,0,0,0,6,0,0,1,1,1,1,0,1,0,0,0,1,100.33,601.98,1
2284,0,0,1,1,25,1,0,2,0,0,0,1,0,1,1,1,1,69.36,1734.0,0
2285,1,0,1,0,52,0,1,1,0,0,0,0,1,0,0,0,0,92.59,4814.68,1
2286,0,0,0,0,44,0,1,0,0,0,0,0,1,1,0,1,0,85.12,3745.28,0
2287,1,0,0,0,60,1,1,2,0,1,0,0,0,0,0,1,0,31.02,1861.2,0
2288,1,0,1,1,56,0,0,2,0,1,0,0,0,0,1,0,1,60.66,3396.96,0
2289,1,0,0,0,15,1,0,2,1,1,0,0,1,1,2,0,1,77.66,1164.9,0
2290,0,1,0,1,8,1,0,1,1,1,0,1,0,0,2,1,2,102.72,821.76,0
2291,1,0,1,0,22,1,1,0,1,1,1,0,0,0,0,1,2,67.92,1494.24,0
2292,1,1,0,0,40,1,0,2,0,0,1,0,1,0,1,0,3,78.2,3128.0,0
2293,0,0,0,1,2,0,0,0,0,1,0,0,0,1,0,1,2,119.22,238.44,0
2294,0,0,1,1,44,0,1,2,0,1,0,0,0,0,2,1,2,108.97,4794.68,0
2295,1,0,1,0,24,1,0,0,1,1,1,0,1,0,1,0,0,113.81,2731.44,0
2296,0,0,1,0,26,1,0,2,0,1,0,1,1,0,1,1,2,33.22,863.72,0
2297,0,1,1,1,41,1,0,1,1,1,0,1,1,1,0,0,1,62.85,2576.85,1
2298,1,1,0,0,53,1,1,0,0,1,0,0,0,1,2,0,2,40.09,2124.77,0
2299,0,1,1,0,56,0,0,1,1,1,0,0,1,0,1,0,1,51.6,2889.6,1
2300,1,1,0,1,25,0,0,1,0,1,1,1,1,1,2,0,1,50.72,1268.0,0
2301,1,1,1,0,14,0,0,0,0,1,1,0,0,1,0,0,1,95.66,1339.24,0
2302,1,0,0,0,9,1,0,2,0,1,1,0,1,1,2,1,0,50.0,450.0,0
2303,0,0,0,1,3,0,1,1,1,1,1,0,0,0,2,1,0,57.47,172.41,0
2304,0,0,1,1,57,1,0,2,0,1,0,0,1,1,0,1,3,83.52,4760.64,0
2305,0,0,0,0,11,1,0,2,0,0,0,0,0,0,2,0,2,38.3,421.3,0
2306,0,1,0,1,67,0,0,2,1,0,0,1,0,1,1,0,2,105.79,7087.93,0
2307,1,0,1,1,46,0,0,1,1,1,0,0,0,0,1,1,1,33.66,1548.36,0
2308,0,1,1,1,57,1,1,2,1,0,1,0,1,0,1,0,2,32.32,1842.24,1
2309,1,1,0,0,53,1,0,2,0,1,1,1,1,1,2,0,1,96.93,5137.29,0
2310,0,0,0,1,4,0,0,2,1,0,1,1,0,1,0,1,2,57.45,229.8,1
2311,1,1,1,0,54,1,0,2,0,1,0,0,1,0,0,0,2,76.51,4131.54,1
2312,0,0,1,0,30,0,0,0,0,0,1,1,0,1,2,0,1,73.65,2209.5,0
2313,0,0,0,0,15,1,0,1,0,1,0,1,1,1,1,1,2,65.84,987.6,0
2314,0,1,0,1,68,1,0,0,0,0,1,0,1,1,0,0,1,90.97,6185.96,0
2315,1,1,1,1,3,1,0,2,0,0,1,0,0,1,0,0,0,35.25,105.75,0
2316,1,0,1,1,22,0,0,2,1,1,0,1,0,0,1,1,3,109.17,2401.74,0
2317,1,0,0,1,5,0,0,2,1,0,1,1,0,0,1,0,2,58.41,292.05,0
2318,0,1,1,0,63,1,0,2,0,0,0,0,1,1,1,0,0,77.08,4856.04,0
2319,1,0,0,1,64,0,0,0,0,1,0,0,1,0,1,0,1,61.26,3920.64,0
2320,1,0,1,1,71,1,1,2,1,0,1,1,0,1,0,1,1,53.79,3819.09,1
2321,0,0,0,0,46,1,1,1,0,1,1,1,1,0,1,1,3,48.2,2217.2,0
2322,0,0,1,0,60,0,0,0,1,1,0,0,0,0,0,1,0,116.38,6982.8,0
2323,0,0,1,1,32,1,0,1,0,0,0,0,1,0,0,0,2,101.36,3243.52,0
2324,1,0,1,0,44,1,0,0,0,0,0,1,1,0,0,0,1,107.36,4723.84,0
2325,0,1,1,0,61,0,1,0,1,1,1,1,0,1,1,1,2,96.86,5908.46,1
2326,0,0,0,1,60,0,1,1,0,0,0,1,0,0,1,1,3,84.26,5055.6,0
2327,0,1,1,0,69,1,1,0,0,0,0,0,0,0,1,1,1,33.72,2326.68,0
2328,0,0,1,1,22,0,0,0,0,0,0,1,1,0,2,0,1,48.12,1058.64,0
2329,0,0,1,0,33,0,1,2,1,1,1,0,0,0,0,0,1,82.39,2718.87,0
2330,0,1,0,0,25,0,1,1,1,0,1,0,1,0,0,0,1,88.67,2216.75,0
2331,0,0,0,0,68,1,1,0,1,0,0,0,0,1,0,1,3,87.88,5975.84,1
2332,1,0,1,1,14,1,0,0,1,1,0,1,0,1,0,1,3,71.2,996.8,1
2333,0,0,1,1,43,0,0,2,1,1,0,0,0,0,0,0,1,58.39,2510.77,0
2334,1,0,1,0,20,0,1,2,0,1,0,0,0,1,0,0,0,67.99,1359.8,0
2335,1,0,0,1,52,0,1,2,0,1,0,0,0,0,1,1,3,48.17,2504.84,0
2336,1,0,1,1,48,0,0,2,0,1,1,1,0,1,1,0,3,27.76,1332.48,0
2337,0,0,0,0,12,1,1,1,1,0,0,1,0,0,2,1,0,31.95,383.4,0
2338,1,0,0,1,3,1,1,1,0,0,0,0,0,1,2,0,0,62.89,188.67,0
2339,1,0,0,0,64,0,0,2,1,1,0,1,0,1,0,0,1,116.59,7461.76,1
2340,0,0,1,1,10,0,1,2,0,1,0,0,0,0,0,0,2,88.95,889.5,0
2341,0,0,0,0,30,0,0,0,1,0,0,0,0,0,1,1,1,60.41,1812.3,0
2342,1,1,0,0,68,1,0,0,1,0,0,0,1,1,0,1,0,112.76,7667.68,0
2343,0,0,0,1,7,0,0,2,0,0,0,0,1,1,1,1,2,76.82,537.74,1
2344,1,0,1,0,1,0,1,2,0,0,0,0,0,1,0,0,3,103.0,103.0,0
2345,0,0,1,1,72,1,1,2,1,0,0,1,0,0,0,1,3,67.77,4879.44,0
2346,1,0,0,0,17,0,1,1,1,1,1,0,0,0,0,1,3,104.85,1782.45,1
2347,1,0,1,0,43,1,0,0,1,0,0,1,1,0,0,1,0,114.22,4911.46,0
2348,0,1,0,0,59,1,0,0,1,0,1,1,1,0,2,0,0,81.22,4791.98,0
2349,0,0,1,1,44,0,0,1,1,0,1,0,0,1,2,0,0,58.83,2588.52,0
2350,0,0,1,0,30,1,1,0,0,1,0,0,0,1,1,0,3,92.61,2778.3,1
2351,0,0,0,1,17,0,1,1,1,1,1,0,0,1,0,1,3,47.73,811.41,1
2352,1,0,1,0,68,0,1,2,0,1,1,1,0,0,1,0,2,90.56,6158.08,0
2353,1,0,0,0,25,0,1,2,1,0,1,1,0,0,2,0,1,30.54,763.5,0
2354,1,0,1,0,63,0,1,0,1,0,0,0,0,0,0,1,2,105.45,6643.35,1
2355,1,0,1,1,7,0,1,1,0,1,1,0,1,0,1,1,2,56.88,398.16,0
2356,0,0,0,0,51,1,1,0,1,0,1,1,0,0,0,1,2,115.17,5873.67,0
2357,1,0,1,1,27,1,1,2,0,0,0,1,1,0,1,0,2,119.81,3234.87,0
2358,0,0,1,0,10,1,0,0,1,0,0,1,1,0,1,0,3,37.04,370.4,0
2359,1,0,1,1,24,1,1,0,1,1,0,1,0,1,0,1,3,20.04,480.96,1
2360,0,0,1,0,60,1,0,2,1,1,0,0,0,0,0,1,2,53.33,3199.8,0
2361,0,0,1,1,30,0,0,2,0,0,0,0,0,1,1,1,1,104.2,3126.0,0
2362,1,0,0,0,26,1,1,0,1,1,0,0,1,1,1,1,2,58.82,1529.32,0
2363,1,0,1,0,31,0,0,1,1,0,0,0,1,1,1,0,3,109.96,3408.76,0
2364,1,1,1,0,19,0,0,2,0,1,1,0,0,1,2,0,1,114.66,2178.54,0
2365,0,0,0,0,51,1,0,0,1,1,0,0,1,1,0,0,3,102.12,5208.12,0
2366,0,0,0,1,15,1,0,1,0,0,1,1,1,0,1,0,3,85.31,1279.65,0
2367,0,1,1,1,32,0,1,1,1,1,0,0,1,1,1,0,2,60.6,1939.2,1
2368,1,0,1,0,2,1,1,1,1,1,1,0,1,1,1,1,3,30.84,61.68,0
2369,0,1,0,0,68,1,1,2,1,1,0,1,1,1,2,0,2,98.02,6665.36,0
2370,1,0,0,1,15,1,0,0,1,0,0,0,1,1,1,1,1,108.02,1620.3,0
2371,1,0,1,1,70,1,0,1,0,0,1,0,0,0,1,1,1,78.62,5503.4,0
2372,1,1,1,0,23,0,0,1,0,1,0,1,0,0,2,1,3,98.24,2259.52,0
2373,0,0,0,1,41,0,0,0,1,1,1,0,1,1,1,1,1,48.92,2005.72,1
2374,1,0,0,1,65,1,0,2,1,1,0,0,0,1,2,0,0,44.73,2907.45,0
2375,1,0,1,1,60,0,1,2,0,0,0,0,0,0,1,1,0,96.86,5811.6,0
2376,0,0,0,0,59,1,1,2,1,1,0,1,0,0,2,0,0,69.51,4101.09,0
2377,0,0,1,0,36,1,0,1,0,0,1,0,0,1,0,1,0,41.61,1497.96,0
2378,0,0,0,0,41,0,0,1,1,0,1,0,0,1,2,1,0,79.12,3243.92,0
2379,0,0,1,0,69,0,0,2,1,0,1,1,1,1,1,0,1,71.02,4900.38,1
2380,1,0,1,0,41,1,0,2,1,0,0,0,0,1,0,0,2,89.27,3660.07,1
2381,1,0,1,1,70,0,1,1,1,1,0,1,0,0,1,1,2,21.76,1523.2,0
2382,0,1,0,1,23,0,1,0,0,0,0,1,0,1,0,0,1,52.34,1203.82,0
2383,0,0,0,1,2,1,1,0,0,0,1,1,0,0,2,1,3,86.74,173.48,0
2384,1,0,0,1,13,1,1,1,1,1,0,1,1,1,0,0,0,119.8,1557.4,0
2385,0,0,1,0,11,1,1,1,1,0,1,0,0,0,0,1,0,51.17,562.87,0
2386,1,0,1,0,4,0,0,1,1,1,1,1,1,1,2,1,0,84.92,339.68,0
2387,0,0,0,1,12,1,1,1,0,0,1,0,0,0,0,1,0,30.75,369.0,0
2388,0,0,1,0,50,1,0,0,1,0,0,1,1,1,1,0,2,43.97,2198.5,1
2389,0,1,0,0,16,0,0,2,1,1,0,0,1,1,0,0,2,52.12,833.92,1
2390,1,0,1,1,41,0,0,2,1,1,0,1,1,1,2,0,3,64.9,2660.9,0
2391,0,1,1,1,61,1,1,0,0,0,1,0,1,1,0,1,0,85.74,5230.14,1
2392,1,0,0,1,62,1,1,0,0,0,0,1,0,1,2,0,0,92.76,5751.12,0
2393,0,1,1,1,20,1,1,1,0,0,0,1,0,1,1,1,1,67.94,1358.8,0
2394,0,0,1,0,26,1,0,1,1,0,0,0,0,0,1,0,0,112.9,2935.4,1
2395,0,0,0,1,40,0,0,2,1,1,1,0,0,0,2,0,3,61.46,2458.4,0
2396,0,0,1,0,26,0,1,1,0,0,0,1,1,1,2,0,1,20.57,534.82,0
2397,1,0,1,0,19,0,1,1,0,1,1,0,0,0,0,0,1,98.68,1874.92,1
2398,0,1,0,0,14,1,0,1,1,0,0,1,1,0,1,0,2,119.44,1672.16,0
2399,1,0,0,1,65,0,0,0,1,1,1,1,0,1,1,1,1,75.63,4915.95,0
2400,0,0,0,0,5,1,0,1,1,1,0,1,0,0,0,0,2,113.99,569.95,0
2401,0,0,1,0,64,1,1,2,1,1,0,1,1,0,0,1,3,42.32,2708.48,0
2402,0,0,0,1,16,0,1,0,1,0,1,1,1,0,2,0,2,57.69,923.04,0
2403,1,0,1,0,25,0,1,1,0,0,0,1,0,1,0,1,3,36.61,915.25,0
2404,1,0,1,0,16,0,1,2,1,1,0,0,0,1,1,1,1,40.11,641.76,1
2405,0,0,1,1,9,1,0,0,0,1,1,1,0,1,1,1,2,112.7,1014.3,0
2406,0,1,0,0,34,0,1,1,0,0,1,0,0,1,1,1,2,93.19,3168.46,0
2407,1,0,0,1,27,0,0,1,1,0,1,1,0,0,2,1,3,95.25,2571.75,1
2408,0,0,1,1,1,0,1,0,1,0,0,1,1,0,1,1,1,92.66,92.66,0
2409,1,0,0,1,67,1,1,0,0,1,1,1,1,1,2,1,1,63.0,4221.0,0
2410,1,0,1,0,54,1,1,2,0,0,0,0,1,1,2,0,0,52.18,2817.72,0
2411,1,1,0,0,30,1,0,0,0,1,1,1,0,1,0,0,1,58.62,1758.6,0
2412,1,0,1,0,60,0,1,0,0,1,1,0,0,0,1,1,0,81.39,4883.4,0
2413,1,1,0,0,70,0,1,0,1,0,0,1,0,1,0,0,2,28.06,1964.2,1
2414,0,0,1,0,48,1,0,2,0,0,1,0,1,0,1,0,2,112.75,5412.0,1
2415,0,1,1,0,70,1,0,2,0,0,0,1,0,1,2,0,3,102.78,7194.6,0
2416,0,0,0,1,49,1,0,0,0,1,0,1,0,1,2,1,1,55.72,2730.28,0
2417,1,0,1,0,72,1,1,1,0,0,0,0,1,0,0,1,0,93.66,6743.52,0
2418,1,0,0,0,28,1,0,1,0,0,0,0,1,0,0,0,0,104.33,2921.24,0
2419,0,0,1,1,41,0,1,1,0,1,0,0,0,1,2,0,3,44.4,1820.4,0
2420,0,1,1,1,31,0,1,2,0,0,1,0,0,1,1,0,3,113.88,3530.28,0
2421,0,0,1,1,40,0,0,0,0,1,0,0,0,1,0,0,0,39.8,1592.0,1
2422,0,0,0,0,61,1,1,1,1,1,1,0,1,1,1,0,0,42.16,2571.76,1
2423,1,0,1,1,32,0,1,0,0,0,0,1,0,1,1,0,2,59.34,1898.88,1
2424,1,0,0,0,7,0,1,2,1,1,0,0,0,0,2,1,3,86.52,605.64,1
2425,0,0,0,0,21,1,0,0,1,1,1,1,0,1,0,0,1,29.23,613.83,1
2426,0,0,0,1,27,1,0,1,0,1,0,1,0,1,0,0,2,59.11,1595.97,1
2427,0,0,0,0,38,0,1,2,1,0,0,1,0,0,2,1,0,40.6,1542.8,1
2428,0,0,1,1,49,0,0,1,1,1,1,0,0,1,1,1,3,100.44,4921.56,0
2429,1,0,1,0,11,1,1,2,0,1,0,1,1,1,1,1,0,45.08,495.88,0
2430,0,0,1,1,57,0,1,2,1,0,1,1,1,1,1,0,3,117.84,6716.88,0
2431,1,0,1,1,67,1,1,1,1,1,0,1,1,1,1,0,0,78.84,5282.28,0
2432,1,1,1,1,10,0,1,1,1,1,1,0,0,1,1,0,2,56.69,566.9,0
2433,0,0,0,0,22,1,0,0,1,0,0,0,0,0,1,1,2,96.38,2120.36,0
2434,1,0,1,1,58,0,0,2,0,0,0,0,0,0,2,1,0,69.7,4042.6,0
2435,1,1,0,0,23,0,1,1,1,0,0,0,1,0,0,0,0,46.88,1078.24,1
2436,0,1,0,0,43,1,1,1,0,1,1,1,0,0,2,0,0,30.18,1297.74,0
2437,1,1,1,0,39,0,1,0,0,1,0,0,0,0,1,1,0,95.08,3708.12,1
2438,0,0,0,0,50,0,0,2,0,0,0,1,1,0,1,0,2,108.89,5444.5,0
2439,0,0,1,0,14,1,0,1,0,0,1,0,0,0,0,1,0,61.64,862.96,1
2440,0,0,0,0,52,1,1,1,0,0,0,0,0,0,1,1,0,96.82,5034.64,0
2441,1,0,1,1,8,1,0,0,1,0,1,1,0,0,1,0,0,115.67,925.36,1
2442,0,0,0,1,16,1,1,0,1,0,0,0,0,0,2,1,2,64.07,1025.12,0
2443,0,0,0,1,29,1,1,2,1,1,0,1,1,0,0,0,3,66.75,1935.75,0
2444,1,0,1,1,62,1,1,2,1,0,0,1,0,1,2,1,1,22.58,1399.96,0
2445,1,0,1,1,14,1,0,0,0,0,0,1,1,0,2,1,0,108.87,1524.18,0
2446,1,0,0,0,20,0,1,0,1,0,0,1,0,1,2,0,0,36.5,730.0,0
2447,1,0,0,1,50,0,1,2,1,0,0,1,0,1,0,0,0,70.77,3538.5,0
2448,1,0,1,0,72,1,0,1,1,0,1,0,1,0,2,0,1,59.01,4248.72,0
2449,0,0,0,1,53,0,0,0,0,1,1,0,1,1,1,0,3,54.22,2873.66,0
2450,1,1,1,1,46,1,1,0,0,1,0,0,1,1,2,0,2,92.44,4252.24,0
2451,0,0,1,0,41,1,0,1,1,0,1,1,1,1,0,1,3,107.06,4389.46,0
2452,1,0,1,1,20,1,0,0,0,1,0,1,1,0,1,1,1,116.85,2337.0,0
2453,1,0,1,1,25,0,0,1,1,0,1,1,1,0,1,1,2,101.53,2538.25,1
2454,0,0,1,1,23,0,0,0,1,1,1,0,0,0,2,0,3,47.88,1101.24,0
2455,1,0,0,1,9,0,0,1,0,1,1,1,0,1,1,0,0,40.94,368.46,0
2456,1,0,0,0,42,0,0,1,1,1,0,1,1,0,0,0,2,98.76,4147.92,0
2457,1,0,0,1,19,0,1,1,1,0,0,1,0,1,0,1,0,47.43,901.17,0
2458,1,0,0,0,1,1,1,2,1,1,1,0,1,1,2,1,3,26.27,26.27,0
2459,0,0,1,0,9,1,0,0,0,0,1,1,0,0,0,0,1,40.67,366.03,1
2460,1,0,0,0,29,0,0,0,1,1,0,1,0,1,0,0,2,84.25,2443.25,1
2461,1,0,1,1,15,0,0,0,0,1,0,1,0,1,1,1,1,42.43,636.45,0
2462,1,0,0,0,68,1,0,2,0,0,1,0,0,0,0,0,2,109.16,7422.88,1
2463,1,0,0,0,47,1,1,0,0,0,1,1,1,0,2,1,2,95.25,4476.75,0
2464,1,0,1,1,25,1,0,1,1,1,0,1,1,1,0,1,0,44.7,1117.5,1
2465,1,1,0,1,59,0,0,2,1,0,1,1,1,0,1,1,1,103.99,6135.41,0
2466,0,0,0,1,55,1,1,1,1,1,0,0,1,1,1,0,0,90.79,4993.45,0
2467,0,0,1,1,57,1,1,2,0,0,0,0,1,0,0,0,2,38.69,2205.33,0
2468,0,0,1,0,13,0,0,1,0,1,0,0,1,0,0,1,3,61.98,805.74,0
2469,0,0,0,1,55,0,1,0,1,1,0,0,0,0,0,0,0,116.48,6406.4,1
2470,1,0,1,0,27,0,0,1,0,1,0,0,0,1,1,1,3,77.47,2091.69,0
2471,1,0,1,1,50,1,1,1,0,0,0,0,1,0,1,0,2,103.56,5178.0,0
2472,0,1,0,1,17,1,1,2,1,0,0,0,0,1,2,1,2,31.47,534.99,1
2473,0,0,0,0,56,1,1,0,1,1,1,1,1,0,0,1,0,114.15,6392.4,0
2474,0,1,1,0,43,0,1,0,0,0,0,1,1,0,1,0,1,91.93,3952.99,0
2475,0,0,0,0,57,1,1,1,0,1,0,0,0,1,1,0,2,116.9,6663.3,0
2476,1,0,0,1,63,1,1,2,0,0,1,1,0,0,0,1,3,43.73,2754.99,0
2477,0,0,1,1,15,0,0,1,1,0,0,0,1,0,0,1,1,61.08,916.2,1
2478,0,0,1,0,65,0,1,1,0,0,1,1,0,0,1,1,1,44.59,2898.35,0
2479,0,1,1,0,14,1,0,1,0,0,1,0,1,0,0,1,0,61.75,864.5,1
2480,0,0,1,0,41,1,0,1,0,1,1,1,1,0,2,1,3,44.56,1826.96,0
2481,1,0,1,0,13,0,1,2,0,1,1,0,1,1,1,1,1,54.06,702.78,0
2482,1,1,1,0,55,1,1,2,1,0,0,0,1,0,1,0,3,100.56,5530.8,1
2483,1,0,0,0,18,1,1,2,0,1,1,0,1,0,1,1,0,116.9,2104.2,0
2484,0,1,0,0,50,1,0,1,1,1,1,1,1,1,2,1,0,32.39,1619.5,0
2485,0,0,0,0,71,0,0,1,0,1,1,0,1,0,2,1,3,69.38,4925.98,0
2486,1,0,1,1,2,0,1,0,1,1,1,0,0,1,1,0,0,28.54,57.08,1
2487,0,0,1,0,27,1,1,1,1,0,0,0,0,0,0,1,2,101.54,2741.58,1
2488,1,0,1,1,60,1,1,1,1,1,1,0,1,1,1,1,2,34.85,2091.0,0
2489,1,0,1,1,23,0,0,2,1,1,0,0,1,0,2,1,2,114.47,2632.81,1
2490,1,1,1,1,19,1,1,2,1,0,1,1,1,1,0,1,0,41.39,786.41,1
2491,1,0,1,1,22,0,0,1,1,0,1,1,1,0,2,0,3,49.52,1089.44,1
2492,0,0,0,1,27,1,1,1,1,1,1,1,1,1,2,1,3,88.0,2376.0,0
2493,0,0,0,1,21,1,0,0,1,0,0,1,1,1,1,0,3,108.39,2276.19,0
2494,0,0,1,0,32,1,0,1,1,1,1,1,1,1,0,1,2,112.36,3595.52,0
2495,0,0,0,0,25,0,0,2,1,1,1,0,0,0,1,1,3,46.79,1169.75,0
2496,0,0,1,0,46,0,0,1,0,0,1,0,0,0,0,0,1,105.49,4852.54,1
2497,1,0,0,0,55,0,1,0,1,1,1,0,0,1,2,1,0,35.1,1930.5,0
2498,0,0,0,1,13,1,1,0,1,0,1,1,0,1,0,0,0,97.8,1271.4,1
2499,0,0,1,1,51,1,0,0,1,0,0,0,1,0,1,0,2,36.65,1869.15,0
2500,0,0,0,0,12,0,0,1,0,1,0,0,0,1,0,0,2,112.64,1351.68,0
2501,1,0,0,1,45,1,1,2,1,1,0,0,1,0,1,0,3,52.2,2349.0,1
2502,0,0,1,1,60,0,0,2,1,0,1,0,1,1,1,0,2,50.06,3003.6,0
2503,0,0,0,0,16,0,1,1,0,0,0,1,1,1,2,0,2,59.0,944.0,0
2504,0,0,0,0,13,1,0,1,0,1,0,1,1,1,2,1,3,68.14,885.82,0
2505,0,0,0,0,66,1,1,2,0,1,1,0,1,0,1,1,1,95.44,6299.04,0
2506,1,0,0,1,46,1,1,1,0,1,0,0,1,1,1,1,3,90.5,4163.0,0
2507,0,0,1,0,16,1,0,2,1,0,1,0,1,0,2,0,2,99.53,1592.48,0
2508,1,0,1,1,3,1,0,2,1,1,0,0,0,0,2,0,1,73.11,219.33,0
2509,0,0,0,0,54,0,0,0,1,0,0,1,0,0,2,0,0,73.01,3942.54,0
2510,1,1,0,1,12,1,0,0,0,0,1,1,0,0,1,0,1,45.17,542.04,0
2511,1,1,1,0,15,1,0,1,0,0,1,1,1,0,2,0,1,52.06,780.9,0
2512,0,0,1,1,71,0,1,0,1,1,0,0,1,0,0,0,0,53.97,3831.87,0
2513,0,0,0,1,43,1,0,2,1,0,1,0,0,1,2,1,2,90.99,3912.57,0
2514,0,0,1,0,42,0,1,1,1,0,1,1,0,0,0,1,3,114.4,4804.8,1
2515,1,0,1,0,39,1,1,0,0,1,1,0,0,0,1,0,2,85.21,3323.19,0
2516,0,0,0,0,52,0,0,1,0,0,0,1,0,1,2,1,2,116.68,6067.36,0
2517,0,0,1,1,57,0,1,1,1,0,0,0,1,0,1,0,2,111.38,6348.66,1
2518,1,0,0,0,50,1,1,1,1,1,1,1,1,0,0,1,3,90.33,4516.5,0
2519,0,0,1,1,65,1,0,0,1,1,0,0,1,0,2,1,0,20.72,1346.8,0
2520,0,0,1,1,68,1,1,0,1,0,0,1,1,0,2,1,2,22.66,1540.88,0
2521,1,0,1,0,10,0,0,1,1,0,0,1,1,0,2,0,0,86.66,866.6,0
2522,1,0,0,1,16,0,1,1,0,0,0,0,1,1,2,0,0,112.7,1803.2,0
2523,0,0,1,1,37,0,1,0,0,0,0,1,0,1,2,0,0,100.42,3715.54,0
2524,0,0,0,1,42,1,1,0,0,1,0,0,1,1,2,1,1,107.78,4526.76,0
2525,1,0,0,0,18,0,1,0,0,0,0,1,1,1,0,0,3,25.82,464.76,0
2526,0,0,0,0,35,1,1,1,0,0,1,1,0,0,2,1,0,112.03,3921.05,0
2527,1,1,0,1,59,1,1,1,1,0,1,0,0,1,0,0,0,48.71,2873.89,0
2528,1,1,1,1,39,0,1,1,0,0,0,0,0,1,2,0,2,118.31,4614.09,1
2529,1,0,0,0,57,0,1,0,1,0,0,0,1,0,1,0,2,44.43,2532.51,0
2530,0,0,0,1,25,1,0,1,1,0,0,1,0,1,0,0,2,50.73,1268.25,0
2531,1,0,1,1,28,1,1,2,0,1,1,0,0,1,1,0,2,98.86,2768.08,0
2532,0,1,0,1,40,1,1,0,1,0,0,0,1,1,0,0,0,21.18,847.2,0
2533,0,0,0,0,47,1,0,1,0,1,0,1,1,1,1,0,0,60.42,2839.74,0
2534,1,0,0,0,22,0,0,1,1,0,0,0,0,0,2,0,3,33.17,729.74,0
2535,0,0,0,0,67,1,0,2,1,0,1,0,0,1,1,0,2,75.45,5055.15,0
2536,0,1,0,1,36,1,1,1,1,0,0,1,1,1,2,1,0,95.12,3424.32,0
2537,0,0,1,0,72,0,1,0,0,1,0,0,0,0,1,1,2,95.82,6899.04,0
2538,0,0,0,0,8,0,0,1,0,1,1,0,0,0,1,0,0,36.35,290.8,0
2539,0,0,0,1,30,0,0,0,0,1,0,0,1,1,1,0,1,110.07,3302.1,1
2540,0,0,0,1,3,1,1,2,1,0,1,1,0,0,2,0,3,114.32,342.96,0
2541,1,1,1,0,17,0,0,0,1,1,1,0,0,1,2,1,3,40.1,681.7,0
2542,0,0,0,0,62,1,1,2,0,1,1,1,1,0,2,1,2,21.79,1350.98,0
2543,1,0,0,1,63,1,0,1,0,0,0,0,0,1,0,0,2,103.29,6507.27,1
2544,1,0,0,1,35,1,1,1,1,0,0,0,0,1,1,1,2,74.01,2590.35,0
2545,0,0,1,0,21,0,1,2,1,0,1,0,0,1,1,0,0,24.42,512.82,1
2546,1,0,1,0,5,0,0,1,0,1,1,0,1,1,1,0,1,99.2,496.0,0
2547,1,0,0,1,48,1,0,1,0,1,1,1,0,0,0,1,2,53.23,2555.04,0
2548,0,0,0,1,5,1,0,1,0,1,0,0,0,0,2,1,0,76.99,384.95,0
2549,0,0,1,1,23,1,0,1,0,1,0,1,0,0,1,1,1,42.47,976.81,0
2550,1,0,0,1,15,1,1,0,1,1,1,0,1,0,2,1,0,53.05,795.75,0
2551,0,0,1,1,4,1,0,2,0,1,0,1,1,0,0,0,2,98.97,395.88,0
2552,0,1,0,1,63,0,0,1,0,0,0,0,0,0,2,1,0,34.96,2202.48,0
2553,1,0,0,0,57,1,1,1,0,1,1,0,1,1,2,1,0,90.03,5131.71,0
2554,1,0,1,1,60,0,1,2,1,0,0,1,0,1,2,0,2,101.26,6075.6,0
2555,1,0,1,1,70,1,0,0,1,1,1,0,1,1,0,1,1,37.1,2597.0,1
2556,0,0,1,1,17,1,1,1,1,1,0,0,0,0,2,0,0,96.51,1640.67,0
2557,0,0,1,0,61,1,1,1,0,1,1,0,1,0,2,0,3,118.83,7248.63,0
2558,1,0,1,1,63,0,1,1,0,0,0,1,1,0,2,1,0,86.69,5461.47,0
2559,1,0,1,0,56,0,0,1,1,1,1,1,1,1,1,1,1,93.39,5229.84,1
2560,1,0,0,1,28,0,1,0,0,0,0,1,0,0,1,1,1,57.37,1606.36,0
2561,0,0,0,0,23,0,1,0,1,1,0,1,1,1,0,1,0,72.46,1666.58,0
2562,1,0,1,0,50,0,0,1,1,1,0,0,0,1,1,1,3,23.45,1172.5,1
2563,0,0,1,1,69,1,0,1,1,0,1,1,1,0,0,0,3,43.83,3024.27,0
2564,0,0,1,0,32,1,0,1,0,0,1,1,1,0,0,1,1,75.47,2415.04,1
2565,1,0,1,1,14,0,1,0,1,1,0,1,0,1,2,0,1,67.25,941.5,0
2566,0,0,1,0,3,0,1,0,0,0,1,1,0,1,1,1,0,40.69,122.07,0
2567,1,0,1,1,33,0,1,2,0,0,0,0,1,0,0,1,3,56.52,1865.16,1
2568,0,1,1,0,6,1,1,1,1,0,1,0,1,0,2,0,0,64.42,386.52,0
2569,1,0,0,0,19,1,0,1,0,0,1,0,1,1,2,0,1,48.22,916.18,0
2570,1,0,0,1,47,1,1,0,0,1,0,0,1,1,0,1,2,43.53,2045.91,0
2571,0,0,0,0,34,1,1,2,1,0,1,0,0,1,0,0,2,25.53,868.02,1
2572,1,0,1,1,70,0,1,0,0,1,1,1,0,0,2,0,2,27.79,1945.3,0
2573,0,1,1,1,55,1,0,1,0,1,0,0,1,0,2,0,1,39.77,2187.35,0
2574,1,0,1,0,44,0,1,0,1,1,0,1,0,1,2,0,3,55.17,2427.48,0
2575,1,0,1,1,54,1,0,1,1,1,1,0,0,0,1,0,2,59.12,3192.48,0
2576,1,0,0,0,49,0,0,1,0,0,1,0,1,1,2,1,0,59.77,2928.73,0
2577,1,0,0,1,52,0,0,1,0,1,1,1,1,0,2,0,3,74.57,3877.64,0
2578,1,0,1,1,48,0,1,2,0,0,1,1,0,1,2,0,3,101.41,4867.68,0
2579,1,0,0,0,47,1,0,2,1,0,1,0,1,0,2,1,0,114.69,5390.43,0
2580,0,0,0,0,48,1,0,0,1,1,0,0,0,1,1,0,1,87.08,4179.84,0
2581,0,0,1,0,66,0,1,0,1,0,1,1,1,0,1,1,1,86.02,5677.32,0
2582,0,1,0,1,65,0,1,1,0,1,0,1,0,0,2,1,2,27.21,1768.65,0
2583,1,0,0,1,65,1,0,2,1,0,1,0,1,0,0,0,1,90.56,5886.4,0
2584,0,0,1,1,49,0,1,0,1,1,0,1,1,0,1,1,2,109.07,5344.43,0
2585,1,0,1,1,23,0,0,1,0,0,0,0,0,1,0,0,1,84.94,1953.62,0
2586,1,0,1,0,25,1,1,2,0,0,1,0,1,0,1,1,3,27.39,684.75,1
2587,0,0,0,0,35,1,1,1,1,0,0,0,1,1,1,0,1,59.49,2082.15,0
2588,0,0,0,0,34,0,1,2,1,1,0,1,1,0,2,0,1,109.15,3711.1,0
2589,0,1,1,1,65,1,0,2,1,1,0,0,1,0,0,0,0,88.97,5783.05,1
2590,1,0,1,1,24,1,1,0,1,1,0,0,0,1,1,0,0,48.21,1157.04,0
2591,1,0,0,0,38,1,0,2,1,1,1,0,1,1,0,0,0,75.27,2860.26,1
2592,0,0,1,0,14,0,1,2,0,0,0,1,1,1,0,0,0,93.43,1308.02,1
2593,1,1,1,1,10,1,1,1,0,1,0,0,1,1,1,1,3,60.8,608.0,0
2594,0,0,0,1,22,0,1,1,0,0,0,1,1,0,1,1,3,40.92,900.24,0
2595,1,1,1,0,18,0,0,1,0,0,1,1,1,1,1,0,0,84.77,1525.86,0
2596,1,0,0,1,63,1,1,0,1,1,0,1,1,0,0,0,1,79.28,4994.64,0
2597,1,1,1,1,64,1,0,1,0,1,1,1,0,0,1,0,0,68.09,4357.76,0
2598,1,0,0,0,6,1,1,1,0,1,0,1,1,0,2,0,2,70.48,422.88,0
2599,1,1,0,1,31,1,1,2,0,1,1,0,1,1,0,1,0,105.81,3280.11,0
2600,0,0,1,1,33,0,1,1,1,1,0,1,1,0,1,0,3,57.2,1887.6,0
2601,0,0,1,1,41,0,1,1,1,0,1,1,1,0,1,1,1,37.36,1531.76,1
2602,1,1,1,0,43,1,1,2,0,0,0,1,1,0,0,1,2,31.24,1343.32,1
2603,0,0,1,1,9,0,1,1,0,1,0,0,1,1,1,0,2,92.24,830.16,0
2604,0,0,0,0,56,1,0,1,0,1,0,1,0,0,2,0,0,61.47,3442.32,0
2605,1,1,0,0,44,0,0,0,0,1,0,1,1,0,2,0,3,95.19,4188.36,0
2606,1,0,1,1,1,0,0,1,1,0,1,0,0,1,0,0,0,81.98,81.98,0
2607,0,1,1,0,40,0,1,2,1,1,1,1,0,1,0,0,3,108.38,4335.2,0
2608,0,1,0,0,19,0,0,0,0,0,0,0,0,0,2,0,3,106.66,2026.54,0
2609,1,0,1,0,26,0,1,0,0,0,1,0,0,0,1,1,3,74.79,1944.54,0
2610,1,1,1,0,59,1,0,2,1,1,1,0,1,1,2,0,0,77.24,4557.16,0
2611,0,0,0,1,55,0,0,1,0,0,1,1,1,0,0,1,1,111.22,6117.1,0
2612,0,0,0,0,52,1,0,1,0,1,1,1,0,1,1,1,1,77.49,4029.48,0
2613,1,0,1,0,44,0,0,1,1,0,1,0,0,1,1,1,3,68.14,2998.16,0
2614,0,0,1,0,27,1,1,2,1,0,1,1,1,1,0,1,1,69.08,1865.16,0
2615,1,0,0,1,20,1,1,2,1,1,0,0,1,1,1,1,1,113.05,2261.0,0
2616,0,0,0,1,43,1,0,0,1,0,1,0,0,0,0,1,0,35.52,1527.36,1
2617,0,1,1,0,45,0,0,2,0,0,1,0,1,1,0,0,1,103.02,4635.9,1
2618,0,0,0,0,50,0,0,0,0,1,1,0,1,0,1,0,2,84.13,4206.5,0
2619,0,0,0,0,28,0,0,1,0,0,0,0,1,0,1,1,3,51.8,1450.4,0
2620,1,0,1,0,48,1,0,0,0,0,1,0,0,1,1,1,3,77.51,3720.48,0
2621,1,0,1,0,17,1,1,1,0,1,0,1,1,1,1,0,3,69.23,1176.91,0
2622,0,0,0,1,37,1,0,1,0,0,0,1,1,0,1,1,1,116.72,4318.64,0
2623,0,1,1,0,4,1,0,2,0,1,0,1,1,1,1,1,1,30.69,122.76,0
2624,1,0,0,0,56,1,0,1,1,0,1,0,1,0,1,1,1,74.14,4151.84,1
2625,1,0,1,0,65,0,1,0,0,1,1,1,1,0,2,1,0,46.25,3006.25,0
2626,1,0,1,0,3,0,0,2,0,0,1,0,1,0,0,0,2,95.29,285.87,0
2627,0,0,1,1,57,1,0,0,0,0,0,0,1,1,2,0,2,81.69,4656.33,0
2628,0,0,0,1,25,1,0,2,0,1,0,1,0,0,0,0,3,113.18,2829.5,0
2629,1,1,0,1,13,1,0,0,0,1,0,1,0,0,0,1,0,113.07,1469.91,1
2630,1,0,1,0,62,0,1,0,1,0,1,1,0,1,1,1,1,93.59,5802.58,1
2631,0,0,0,1,22,0,1,1,0,0,1,1,1,0,2,0,1,88.99,1957.78,0
2632,0,0,0,0,32,0,1,2,1,1,0,0,1,0,0,1,3,25.51,816.32,0
2633,0,0,0,0,58,0,0,2,0,0,1,1,1,1,2,0,2,110.44,6405.52,0
2634,0,0,0,1,30,0,0,2,0,0,0,0,1,1,0,1,1,82.99,2489.7,1
2635,0,0,1,0,19,0,1,2,0,1,0,0,1,1,1,1,3,24.69,469.11,0
2636,1,1,0,1,26,1,0,2,1,0,0,1,1,1,2,1,3,107.87,2804.62,0
2637,1,0,1,1,52,1,0,2,1,0,0,1,0,0,1,1,0,66.02,3433.04,0
2638,1,1,0,0,65,1,1,0,1,0,0,0,0,0,1,1,1,96.35,6262.75,0
2639,1,0,1,0,5,0,1,0,1,0,1,0,1,1,2,1,1,58.95,294.75,0
2640,0,0,0,0,38,1,0,2,0,0,1,0,1,0,0,0,2,66.41,2523.58,0
2641,0,1,0,0,46,0,1,2,0,0,1,1,0,1,1,0,3,73.08,3361.68,0
2642,1,0,1,0,16,1,1,0,0,1,0,1,0,1,2,0,1,27.03,432.48,0
2643,0,0,0,1,55,0,1,1,0,1,0,1,1,0,1,0,0,101.47,5580.85,1
2644,0,0,1,1,36,0,1,0,0,1,0,0,0,1,1,0,0,55.87,2011.32,0
2645,1,0,0,1,1,1,1,0,0,0,1,1,1,0,2,0,2,72.18,72.18,1
2646,0,0,0,1,19,1,1,0,0,1,0,0,0,0,0,1,0,109.91,2088.29,0
2647,0,0,1,1,9,0,0,2,0,1,0,0,1,0,1,0,0,109.23,983.07,0
2648,1,0,1,1,10,1,0,0,0,1,0,1,0,0,0,1,0,91.67,916.7,0
2649,0,0,1,0,57,0,0,0,1,1,0,0,1,1,2,0,1,96.75,5514.75,0
2650,1,0,1,0,9,0,1,2,1,0,0,0,0,0,0,0,2,117.08,1053.72,1
2651,1,1,1,0,67,0,1,2,1,0,0,1,0,1,0,0,0,51.85,3473.95,1
2652,1,0,0,0,24,1,1,1,0,1,0,0,1,0,2,0,0,85.18,2044.32,1
2653,1,0,0,0,67,1,1,2,0,1,1,1,0,1,1,0,0,21.62,1448.54,0
2654,1,0,1,0,48,1,0,2,0,0,0,0,0,1,2,1,3,26.23,1259.04,0
2655,0,0,1,0,45,0,1,0,0,0,0,0,1,0,0,1,1,25.97,1168.65,0
2656,1,0,1,0,37,0,1,2,0,0,1,1,1,1,0,1,1,113.45,4197.65,1
2657,0,0,1,1,16,0,1,1,0,0,1,1,0,1,1,1,3,103.75,1660.0,0
2658,0,1,0,0,57,1,1,0,0,0,0,0,0,1,0,0,0,84.51,4817.07,0
2659,1,0,1,0,42,0,0,0,0,1,0,1,1,0,1,1,0,62.72,2634.24,0
2660,0,0,1,1,38,1,1,2,1,0,0,1,1,1,1,0,1,100.25,3809.5,0
2661,0,1,1,0,26,1,1,2,0,0,1,0,1,0,0,1,2,51.62,1342.12,1
2662,1,1,0,0,12,0,1,1,1,0,1,1,1,1,0,1,3,51.2,614.4,0
2663,1,1,0,1,54,0,0,1,1,0,1,1,0,0,0,1,3,91.54,4943.16,1
2664,0,0,0,1,53,0,0,2,1,1,1,1,1,0,1,0,0,23.31,1235.43,1
2665,0,0,0,0,1,0,1,1,0,0,1,1,0,1,0,1,2,30.1,30.1,0
2666,1,1,1,1,56,1,1,2,1,1,0,1,0,1,0,1,3,56.44,3160.64,0
2667,0,0,0,1,27,1,0,0,1,1,1,1,0,1,0,0,3,49.29,1330.83,0
2668,0,0,0,0,5,1,1,0,0,1,1,0,1,0,0,1,3,95.16,475.8,0
2669,0,0,1,1,33,0,1,2,1,0,1,0,0,1,1,1,2,45.68,1507.44,0
2670,0,0,1,1,35,0,1,2,1,1,0,1,1,1,1,1,0,30.84,1079.4,0
2671,0,1,1,1,6,0,1,0,0,1,1,1,0,1,1,1,3,107.76,646.56,1
2672,0,0,0,0,28,0,1,2,1,1,1,1,1,0,1,1,3,48.0,1344.0,0
2673,0,1,1,1,58,1,1,0,0,0,0,0,1,0,2,1,0,92.71,5377.18,0
2674,0,0,0,0,62,0,1,1,0,0,1,1,1,1,2,0,1,85.73,5315.26,0
2675,0,1,1,0,49,1,1,1,0,1,1,0,1,1,1,0,2,88.79,4350.71,0
2676,1,1,1,0,46,0,0,0,0,1,0,0,0,1,0,1,3,49.14,2260.44,0
2677,0,0,0,0,40,0,1,1,0,1,0,0,1,0,2,0,0,115.67,4626.8,0
2678,1,1,0,0,13,0,1,2,1,1,0,1,0,1,2,1,3,57.68,749.84,1
2679,0,0,1,0,28,0,1,0,1,0,1,1,0,0,2,0,0,119.13,3335.64,0
2680,1,0,1,1,23,0,1,0,0,1,0,0,0,0,1,0,0,118.75,2731.25,0
2681,1,0,1,0,14,0,0,2,1,0,1,0,1,0,2,1,2,24.78,346.92,0
2682,1,1,0,0,16,1,1,1,1,1,1,0,1,0,0,1,1,50.82,813.12,1
2683,0,0,0,1,19,0,1,1,1,0,1,1,0,1,1,1,1,38.6,733.4,0
2684,0,0,0,1,50,0,1,0,1,1,1,1,1,1,2,0,0,92.83,4641.5,0
2685,0,1,1,0,42,0,0,2,0,1,0,0,0,1,2,1,2,61.28,2573.76,1
2686,1,0,0,0,56,1,0,1,0,0,0,1,0,1,2,1,1,69.17,3873.52,1
2687,0,1,0,0,48,0,0,2,1,1,1,0,1,0,0,0,1,25.37,1217.76,1
2688,1,0,0,0,52,0,0,1,1,0,1,1,0,1,1,0,3,95.83,4983.16,0
2689,1,0,1,1,47,1,1,0,0,0,1,1,0,0,2,0,3,32.47,1526.09,0
2690,1,0,1,0,9,1,0,1,1,1,1,0,0,0,0,0,3,105.22,946.98,0
2691,1,0,0,1,40,1,1,1,0,0,1,1,1,1,1,1,1,21.64,865.6,0
2692,0,0,0,1,16,1,1,1,1,1,1,0,0,0,1,0,1,118.92,1902.72,0
2693,1,0,0,0,57,1,1,1,0,0,1,0,1,1,1,0,0,25.89,1475.73,0
2694,0,0,1,0,50,1,1,0,0,1,1,1,1,1,1,1,2,55.07,2753.5,1
2695,0,0,1,1,64,0,0,2,0,1,0,0,1,1,2,0,2,86.31,5523.84,0
2696,0,0,0,0,71,0,0,2,1,1,1,0,1,1,1,1,2,37.36,2652.56,0
2697,0,0,1,0,33,1,0,2,0,1,0,0,1,1,0,0,2,22.1,729.3,1
2698,0,0,1,0,32,1,1,1,0,1,0,0,1,0,1,0,0,56.71,1814.72,0
2699,1,0,1,0,27,1,0,1,1,0,1,0,0,1,0,1,2,111.35,3006.45,0
2700,0,0,0,0,48,1,0,2,0,1,1,0,0,0,0,1,3,117.37,5633.76,0
2701,0,0,1,0,46,1,1,0,0,1,1,1,1,0,1,0,1,110.44,5080.24,0
2702,1,0,1,1,40,0,1,0,0,1,1,0,1,0,0,1,2,61.28,2451.2,0
2703,0,0,0,0,55,0,0,2,1,0,1,1,0,1,1,1,3,57.08,3139.4,0
2704,1,0,0,0,71,0,0,2,0,1,1,1,1,1,0,1,3,27.24,1934.04,0
2705,1,0,1,0,61,0,1,0,1,1,0,1,1,0,0,0,3,113.13,6900.93,0
2706,0,1,1,0,48,1,1,1,1,1,1,1,0,1,1,0,3,118.15,5671.2,0
2707,1,0,0,1,56,1,1,1,1,0,1,0,0,1,1,0,2,52.24,2925.44,0
2708,0,0,1,1,3,1,0,2,0,0,0,0,0,0,2,0,1,38.35,115.05,0
2709,1,0,1,0,31,1,1,1,0,1,1,0,0,1,2,1,3,27.17,842.27,0
2710,0,1,1,0,35,0,0,1,0,1,0,1,1,1,0,0,1,20.91,731.85,0
2711,0,0,0,0,11,0,1,1,0,0,1,0,0,1,2,0,2,69.96,769.56,0
2712,1,0,1,0,34,0,1,0,1,0,0,1,0,0,0,1,2,41.85,1422.9,1
2713,1,0,0,1,54,0,0,0,1,1,1,1,1,1,2,1,1,36.54,1973.16,0
2714,0,0,1,1,16,0,0,0,0,0,0,1,1,0,1,0,1,119.9,1918.4,0
2715,0,0,0,0,22,1,0,2,1,1,0,1,1,1,2,0,1,33.83,744.26,1
2716,1,0,1,0,47,1,0,2,1,1,1,0,0,1,1,1,0,61.81,2905.07,0
2717,1,1,0,1,44,1,0,2,0,0,1,1,1,0,2,1,1,63.93,2812.92,0
2718,1,0,1,0,60,1,1,0,0,0,1,1,0,1,1,1,0,35.82,2149.2,0
2719,0,0,0,0,2,0,1,1,0,0,1,1,0,0,1,0,0,42.67,85.34,0
2720,0,1,1,1,26,0,0,2,1,1,0,0,0,0,1,0,1,94.44,2455.44,0
2721,1,0,0,1,13,0,0,2,1,1,0,0,0,1,0,1,2,77.06,1001.78,0
2722,0,1,0,1,34,1,1,0,0,0,0,1,0,1,2,1,0,57.26,1946.84,0
2723,1,0,0,0,11,1,1,1,1,1,0,0,1,0,2,0,0,81.84,900.24,0
2724,1,0,1,0,8,1,1,2,1,0,0,0,1,0,2,0,0,43.7,349.6,0
2725,1,1,1,0,38,1,0,2,0,0,0,0,0,1,0,1,0,62.05,2357.9,0
2726,1,0,1,1,67,1,1,1,0,0,1,1,0,0,0,1,0,20.01,1340.67,0
2727,0,0,0,1,37,0,0,1,0,0,0,1,1,0,0,0,1,92.21,3411.77,0
2728,1,1,0,0,30,0,0,0,0,0,0,0,0,0,0,0,0,57.06,1711.8,0
2729,0,0,0,1,19,1,1,2,1,0,1,0,1,0,2,0,0,36.96,702.24,0
2730,0,0,1,0,25,0,0,1,0,1,1,1,1,1,0,0,2,38.12,953.0,0
2731,0,0,0,0,46,0,1,1,0,1,1,1,1,0,1,1,3,107.98,4967.08,0
2732,1,0,1,1,24,1,0,0,1,0,0,1,0,0,1,1,0,46.25,1110.0,0
2733,1,0,1,1,66,0,0,2,0,1,1,1,0,0,0,0,0,51.5,3399.0,1
2734,1,1,0,0,48,1,0,0,1,1,0,0,1,0,1,1,1,93.42,4484.16,0
2735,0,0,1,1,25,0,1,1,1,1,0,1,0,1,0,1,1,74.14,1853.5,0
2736,1,0,0,0,17,1,0,1,0,1,1,1,0,1,0,0,2,41.25,701.25,0
2737,1,0,0,0,56,1,0,0,1,1,1,1,1,1,1,1,2,35.81,2005.36,0
2738,1,0,0,0,25,0,1,0,1,0,1,1,0,1,0,0,2,61.0,1525.0,0
2739,0,0,1,1,27,0,1,0,1,0,0,1,0,0,0,1,1,93.32,2519.64,0
2740,0,0,0,0,61,1,1,1,0,0,1,1,1,0,2,0,2,81.46,4969.06,0
2741,0,0,0,1,10,0,1,2,0,1,1,1,1,1,2,1,2,100.9,1009.0,0
2742,1,0,1,1,36,0,0,1,0,1,0,1,1,0,1,0,3,62.27,2241.72,0
2743,0,0,0,0,9,1,0,1,1,1,0,0,1,0,2,0,1,36.06,324.54,0
2744,1,0,0,1,28,0,1,2,0,1,0,0,1,0,1,0,0,39.34,1101.52,0
2745,1,0,0,1,55,0,0,0,0,1,0,1,1,0,1,0,2,53.29,2930.95,0
2746,0,0,0,1,5,1,0,0,1,1,1,0,1,1,2,1,2,100.07,500.35,0
2747,1,0,0,1,58,0,0,1,1,0,0,1,1,1,2,0,0,24.43,1416.94,0
2748,1,1,1,0,66,0,0,1,1,0,0,1,1,0,2,0,1,108.68,7172.88,0
2749,1,0,0,0,20,1,1,0,1,0,0,0,1,0,2,0,1,81.45,1629.0,0
2750,1,0,1,1,50,0,1,0,0,1,1,0,0,0,1,1,2,45.71,2285.5,0
2751,1,0,0,1,18,1,1,2,1,1,1,1,1,1,0,0,3,110.65,1991.7,0
2752,0,0,0,1,5,0,1,2,0,0,0,1,1,0,1,1,0,82.98,414.9,0
2753,1,0,0,1,33,0,0,2,1,0,1,0,1,1,2,0,1,47.55,1569.15,0
2754,1,1,0,0,49,1,0,0,0,1,0,0,0,0,2,1,1,27.5,1347.5,0
2755,0,0,0,0,21,0,1,1,0,0,1,0,1,0,2,0,3,50.41,1058.61,0
2756,0,0,0,0,51,0,0,2,1,0,0,0,0,1,2,0,3,46.37,2364.87,0
2757,0,0,0,0,9,1,0,1,1,1,1,0,0,0,0,1,0,81.95,737.55,0
2758,1,0,1,1,20,0,0,1,1,0,1,0,0,1,2,0,0,55.9,1118.0,0
2759,0,0,0,0,64,0,0,1,0,1,1,1,1,1,2,1,1,69.63,4456.32,0
2760,1,0,1,0,26,1,0,0,1,0,0,0,0,0,1,0,3,74.2,1929.2,0
2761,0,0,1,0,61,1,1,0,0,0,1,1,0,1,0,0,0,24.35,1485.35,0
2762,1,0,0,0,59,0,0,1,0,0,1,1,1,0,1,1,3,50.67,2989.53,0
2763,1,0,0,1,40,1,1,1,0,1,0,0,0,0,2,0,3,63.77,2550.8,0
2764,0,1,0,0,13,1,1,0,1,1,1,1,0,0,2,1,0,33.94,441.22,0
2765,1,1,1,0,57,1,1,1,0,1,1,1,1,0,1,1,2,118.57,6758.49,0
2766,0,0,0,1,29,0,1,0,0,1,0,1,1,0,0,0,3,60.54,1755.66,1
2767,1,0,0,1,60,1,1,2,1,1,1,1,0,0,2,1,3,108.21,6492.6,0
2768,0,0,0,1,44,1,1,1,0,1,0,0,1,1,2,1,2,57.82,2544.08,1
2769,0,0,1,0,33,1,1,0,1,0,0,1,0,1,1,1,3,27.68,913.44,0
2770,1,0,1,1,60,1,1,0,1,0,1,1,1,0,0,0,2,56.68,3400.8,1
2771,0,0,0,1,63,0,1,1,0,1,0,0,0,1,1,0,3,64.15,4041.45,0
2772,1,0,1,0,15,1,1,1,0,0,1,0,1,1,1,0,2,73.3,1099.5,0
2773,1,0,0,0,49,1,0,2,0,0,1,1,1,1,0,1,3,34.39,1685.11,1
2774,1,0,0,0,20,1,1,0,0,0,1,0,1,0,1,0,0,63.69,1273.8,0
2775,1,0,0,1,54,1,1,2,1,0,1,0,1,1,2,1,0,88.93,4802.22,1
2776,1,0,0,1,44,0,0,0,0,0,0,1,0,0,1,1,1,25.59,1125.96,0
2777,0,0,1,0,33,0,0,1,1,0,1,1,0,0,0,0,0,97.49,3217.17,1
2778,1,1,0,0,58,0,0,2,0,1,1,0,1,0,1,1,0,97.78,5671.24,1
2779,1,0,0,0,38,1,0,1,1,0,0,0,1,0,2,1,3,75.38,2864.44,0
2780,0,0,1,0,20,1,1,0,0,1,1,0,1,0,0,0,0,56.11,1122.2,0
2781,0,0,1,0,9,0,0,2,1,1,0,0,0,1,0,0,1,108.59,977.31,0
2782,0,0,1,1,23,1,0,0,0,1,0,0,1,1,0,1,1,111.41,2562.43,0
2783,0,0,0,0,34,0,0,2,0,0,0,1,0,1,1,1,0,110.38,3752.92,0
2784,0,0,0,1,47,0,0,2,1,1,1,1,0,1,1,1,2,35.82,1683.54,1
2785,0,0,1,0,55,1,0,2,0,0,1,0,1,1,2,1,2,77.39,4256.45,0
2786,0,0,1,0,63,0,1,2,1,1,1,1,1,0,0,1,1,78.07,4918.41,0
2787,0,0,0,0,39,1,0,0,1,1,1,0,1,0,1,1,1,87.81,3424.59,0
2788,1,0,0,1,16,0,0,0,0,0,0,0,1,1,0,0,1,113.33,1813.28,1
2789,0,0,0,1,3,1,0,2,0,0,1,1,1,1,2,0,1,47.73,143.19,0
2790,0,0,1,1,38,1,0,2,0,1,1,0,0,0,2,1,2,21.39,812.82,0
2791,1,0,0,1,21,0,0,2,0,0,1,0,0,0,1,1,0,71.73,1506.33,0
2792,1,0,0,0,19,1,1,0,1,1,0,0,0,0,0,0,1,48.3,917.7,0
2793,1,1,0,0,67,0,1,0,0,0,1,0,1,0,0,0,1,43.08,2886.36,0
2794,0,1,0,0,29,1,0,2,0,1,0,0,1,1,1,0,1,46.61,1351.69,0
2795,1,0,0,0,31,1,0,1,0,0,0,1,1,0,2,0,2,56.79,1760.49,0
2796,0,0,0,1,31,0,0,1,0,1,0,0,1,0,2,1,1,62.41,1934.71,0
2797,1,0,1,1,28,0,1,0,1,0,1,1,1,0,1,0,3,33.02,924.56,0
2798,0,0,1,1,63,1,1,0,1,1,0,0,1,0,0,1,1,75.51,4757.13,0
2799,0,0,0,0,51,0,0,1,1,1,0,1,0,1,1,1,0,62.44,3184.44,0
2800,1,0,0,0,33,0,0,1,0,1,1,0,0,0,0,1,2,20.66,681.78,1
2801,0,0,1,1,62,0,1,1,1,0,0,0,1,1,2,0,1,33.57,2081.34,0
2802,0,0,1,0,4,0,0,0,1,1,1,1,0,0,2,1,1,112.12,448.48,0
2803,0,0,0,1,33,1,1,1,1,1,1,1,1,1,1,1,2,99.13,3271.29,0
2804,0,0,1,1,66,1,1,0,0,0,1,0,0,0,2,1,2,94.24,6219.84,0
2805,1,0,0,0,11,1,1,0,1,0,0,1,0,0,1,0,0,38.63,424.93,0
2806,0,0,1,1,68,0,1,1,1,0,1,0,1,1,0,0,1,115.07,7824.76,1
2807,1,1,1,1,20,0,0,1,1,0,0,0,0,0,2,0,0,118.87,2377.4,0
2808,1,0,0,1,25,1,0,0,1,0,1,1,0,1,0,1,2,62.7,1567.5,1
2809,1,0,1,0,33,0,1,2,1,0,1,0,1,1,2,1,2,32.96,1087.68,0
2810,0,0,0,1,22,0,0,2,0,0,1,0,1,0,0,0,2,50.95,1120.9,0
2811,0,1,1,1,29,1,0,1,0,0,0,0,1,0,0,1,2,103.11,2990.19,0
2812,1,0,1,1,13,1,1,1,1,0,1,1,1,1,0,0,2,42.69,554.97,1
2813,0,1,0,0,20,1,1,2,1,0,0,1,1,1,1,0,3,52.0,1040.0,1
2814,0,1,1,0,43,0,0,1,0,1,1,1,1,0,1,1,3,69.37,2982.91,0
2815,0,0,1,1,17,1,0,1,1,1,0,1,1,1,0,0,2,30.31,515.27,1
2816,1,0,0,1,4,1,0,2,0,0,1,1,1,1,1,1,3,33.37,133.48,0
2817,1,1,1,1,70,1,1,0,1,0,1,1,1,1,0,1,1,107.47,7522.9,1
2818,1,0,1,0,18,0,1,1,0,0,0,0,1,1,2,0,1,48.95,881.1,0
2819,0,0,1,1,4,1,1,2,1,1,1,1,0,0,0,1,3,101.83,407.32,0
2820,0,1,1,1,63,0,1,0,0,1,0,0,0,0,2,1,1,83.81,5280.03,0
2821,1,0,1,1,20,1,0,1,0,0,1,0,0,1,1,1,1,56.87,1137.4,0
2822,1,1,0,1,71,1,0,1,0,0,0,1,1,1,0,1,1,78.17,5550.07,1
2823,0,0,1,1,15,1,0,2,1,1,1,1,1,0,2,1,2,27.86,417.9,0
2824,0,0,0,0,6,0,1,1,0,0,0,1,0,1,1,1,0,78.67,472.02,0
2825,1,0,0,1,53,1,0,2,0,0,0,1,0,0,1,1,2,24.03,1273.59,0
2826,1,0,0,0,12,0,1,0,0,0,0,1,1,1,0,1,2,109.23,1310.76,1
2827,1,1,0,0,8,1,1,0,0,0,0,0,0,1,0,0,1,22.12,176.96,1
2828,0,1,0,0,35,0,1,1,1,0,1,0,1,1,1,1,1,49.21,1722.35,1
2829,1,0,0,1,45,0,0,1,1,0,0,1,0,1,0,0,1,41.98,1889.1,0
2830,1,0,1,0,53,1,1,1,1,1,1,1,1,1,1,1,0,88.58,4694.74,0
2831,0,0,0,1,68,0,1,2,1,1,0,1,0,1,0,0,3,116.03,7890.04,0
2832,1,0,0,0,54,1,0,1,0,1,1,0,0,0,2,1,3,99.17,5355.18,0
2833,0,0,1,0,62,0,1,2,0,0,1,1,1,1,2,1,2,22.81,1414.22,0
2834,0,0,0,1,67,0,0,2,0,1,1,1,1,1,1,1,1,87.78,5881.26,0
2835,1,0,0,0,11,1,0,1,0,0,0,0,1,0,1,0,0,113.23,1245.53,0
2836,1,0,1,0,22,1,0,0,0,0,0,0,0,1,0,0,2,104.14,2291.08,1
2837,1,0,1,0,35,0,1,0,1,0,1,1,0,0,2,1,1,34.24,1198.4,0
2838,0,1,1,1,43,0,0,2,0,1,0,0,1,1,1,1,2,21.29,915.47,0
2839,1,0,0,0,19,0,1,1,1,1,1,1,0,0,0,1,0,77.2,1466.8,0
2840,1,0,1,1,13,0,0,0,1,1,1,1,0,0,1,1,1,112.68,1464.84,0
2841,0,0,0,1,26,1,0,1,1,0,0,0,0,1,1,1,0,25.37,659.62,0
2842,0,0,0,0,18,1,0,1,1,1,1,0,1,1,0,0,3,74.9,1348.2,1
2843,1,0,0,0,1,0,1,0,1,1,0,0,1,0,1,1,3,70.74,70.74,1
2844,0,0,1,0,31,0,1,1,1,1,1,0,0,0,2,1,1,25.86,801.66,0
2845,1,0,1,1,32,0,1,1,0,1,0,1,1,1,0,1,2,38.81,1241.92,0
2846,0,0,1,0,66,1,0,1,1,0,1,1,1,0,1,1,0,84.5,5577.0,0
2847,0,0,0,0,47,0,1,1,0,0,0,0,1,0,2,1,0,74.72,3511.84,0
2848,0,0,1,1,59,1,1,2,0,0,1,0,0,1,1,0,0,43.41,2561.19,0
2849,0,0,1,0,47,1,1,0,0,0,1,1,0,0,2,0,2,23.39,1099.33,0
2850,0,0,0,0,10,0,0,0,1,1,0,1,0,1,1,1,2,63.36,633.6,1
2851,0,0,1,0,4,0,1,2,0,1,0,0,1,1,2,0,2,65.59,262.36,0
2852,0,0,0,1,47,0,0,2,1,0,0,1,0,0,0,0,1,81.51,3830.97,0
2853,0,0,0,1,50,1,0,2,0,1,1,0,0,0,0,0,2,22.49,1124.5,0
2854,1,0,0,1,57,0,0,1,1,1,0,1,1,0,0,0,3,116.95,6666.15,0
2855,0,0,0,1,48,1,0,0,0,1,0,0,0,1,0,0,1,76.69,3681.12,0
2856,0,1,0,1,34,1,1,2,1,0,1,1,0,0,1,1,3,61.34,2085.56,1
2857,0,1,0,0,8,1,0,0,1,1,1,0,1,1,2,0,0,71.59,572.72,0
2858,1,0,1,0,19,0,0,2,1,0,0,0,0,0,2,0,0,111.56,2119.64,0
2859,1,0,0,0,63,0,0,2,1,0,0,0,0,1,2,0,3,102.73,6471.99,0
2860,0,0,1,1,65,1,1,1,1,1,1,1,0,1,1,0,0,119.14,7744.1,0
2861,0,1,0,1,11,0,0,2,1,0,1,1,0,1,2,1,2,99.64,1096.04,0
2862,1,0,1,1,8,1,1,2,0,0,0,1,0,1,1,1,2,104.32,834.56,1
2863,1,0,0,0,70,0,0,0,1,1,0,0,0,0,1,0,2,99.51,6965.7,1
2864,1,0,1,0,35,1,1,1,0,0,0,0,0,0,2,1,0,26.16,915.6,0
2865,0,0,0,0,16,0,1,1,1,1,1,1,0,1,2,0,0,109.87,1757.92,0
2866,0,1,0,1,20,1,0,2,1,1,0,1,1,1,1,0,1,95.34,1906.8,0
2867,1,0,1,1,4,1,0,1,0,1,0,0,0,1,1,1,3,73.51,294.04,0
2868,0,0,0,0,22,1,1,2,1,0,0,1,1,1,0,1,0,101.09,2223.98,0
2869,0,0,1,1,5,0,1,0,1,1,1,1,1,1,2,0,2,71.68,358.4,0
2870,0,1,0,0,17,0,1,0,0,1,0,0,1,1,0,1,2,81.76,1389.92,0
2871,0,0,0,1,40,0,0,1,1,0,0,0,0,0,0,0,3,37.56,1502.4,0
2872,1,1,0,0,36,0,1,0,1,0,1,1,0,1,1,1,0,113.64,4091.04,1
2873,0,1,1,1,51,0,1,2,1,0,0,1,0,1,1,0,3,107.43,5478.93,0
2874,0,1,1,0,71,1,1,2,0,0,0,0,1,1,2,1,1,77.23,5483.33,0
2875,0,0,1,0,70,0,0,1,0,1,1,0,1,1,0,0,2,25.32,1772.4,0
2876,1,0,1,1,46,1,1,1,1,0,1,0,1,1,0,1,2,50.62,2328.52,1
2877,1,0,1,0,34,0,1,2,0,0,1,0,1,1,2,1,3,78.67,2674.78,0
2878,1,0,1,0,68,0,1,0,0,0,1,1,0,0,0,0,1,82.38,5601.84,0
2879,0,0,0,1,59,0,1,2,1,0,0,0,0,1,2,1,3,25.69,1515.71,0
2880,1,0,1,0,53,0,0,1,0,0,1,1,1,0,1,0,1,37.87,2007.11,0
2881,1,0,1,0,13,1,0,2,0,0,1,1,1,1,2,0,3,71.9,934.7,0
2882,1,0,0,0,70,0,1,1,1,0,0,1,0,1,0,1,0,50.1,3507.0,0
2883,1,0,1,0,1,1,1,0,1,0,0,0,0,0,1,1,2,81.82,81.82,1
2884,1,0,0,0,70,1,1,1,1,1,1,0,1,0,0,1,3,31.05,2173.5,0
2885,1,1,0,1,36,1,1,2,1,0,1,1,1,0,2,0,3,29.27,1053.72,0
2886,0,0,0,0,51,0,1,0,1,0,1,1,1,0,1,1,3,65.98,3364.98,0
2887,1,1,1,0,19,0,1,1,0,1,1,0,1,1,2,0,3,108.88,2068.72,0
2888,1,0,1,0,59,1,1,0,0,0,0,1,0,1,0,0,0,64.06,3779.54,1
2889,0,0,0,1,14,1,1,0,0,0,1,0,0,1,1,1,1,77.1,1079.4,0
2890,1,1,1,1,25,0,0,0,1,1,0,1,0,1,2,1,2,67.2,1680.0,0
2891,1,0,0,1,29,0,0,0,0,1,0,0,1,1,1,0,2,60.79,1762.91,0
2892,0,0,1,0,14,1,1,0,1,0,1,0,0,0,0,1,0,56.72,794.08,1
2893,1,0,0,0,68,1,1,0,0,1,0,1,1,1,1,0,0,98.11,6671.48,1
2894,0,0,1,1,62,0,0,0,0,1,1,0,0,0,2,0,0,70.53,4372.86,0
2895,0,0,0,1,65,1,0,1,1,1,0,1,0,0,2,0,2,106.49,6921.85,0
2896,0,0,1,1,3,1,0,2,0,0,0,0,1,0,0,0,2,28.98,86.94,0
2897,0,0,0,0,45,0,0,1,0,0,1,0,1,0,1,0,3,114.05,5132.25,0
2898,0,0,1,1,21,0,1,2,1,0,0,0,0,0,2,0,3,78.63,1651.23,0
2899,0,0,0,1,32,0,1,1,0,0,1,0,0,1,2,0,2,94.27,3016.64,0
2900,0,0,1,0,59,1,0,1,1,1,1,0,1,1,2,1,2,52.79,3114.61,0
2901,1,0,0,1,23,1,1,0,0,1,1,1,0,1,0,1,0,107.59,2474.57,0
2902,0,1,0,1,65,0,1,2,1,1,0,0,0,1,2,0,3,115.93,7535.45,0
2903,0,0,1,0,4,0,1,1,1,0,0,0,1,0,2,1,3,89.08,356.32,0
2904,1,1,1,1,62,1,1,2,1,0,1,0,0,0,1,0,2,38.63,2395.06,1
2905,0,0,1,0,29,1,0,0,0,0,1,0,0,0,1,0,3,110.09,3192.61,1
2906,1,1,1,0,23,0,0,0,1,0,0,0,0,0,2,0,1,104.79,2410.17,0
2907,1,0,0,0,47,1,1,0,0,1,1,1,0,1,1,0,3,94.84,4457.48,0
2908,0,0,1,0,71,1,1,1,1,0,0,0,1,0,2,1,0,118.73,8429.83,0
2909,1,0,1,1,38,0,0,0,0,0,1,1,1,1,0,0,1,93.1,3537.8,0
2910,0,0,1,1,38,0,0,1,1,0,1,0,0,0,0,0,3,108.71,4130.98,0
2911,1,0,0,1,42,1,0,1,1,0,0,0,1,1,1,0,3,41.36,1737.12,0
2912,1,1,1,1,65,0,1,1,1,1,1,0,0,1,2,1,2,43.96,2857.4,0
2913,1,0,1,0,43,0,1,0,1,0,0,1,0,1,1,0,3,68.34,2938.62,0
2914,1,0,1,1,12,1,0,0,1,1,1,0,0,1,2,0,0,63.95,767.4,0
2915,1,0,1,0,12,0,0,2,0,1,0,1,0,1,0,0,3,83.49,1001.88,0
2916,0,0,0,0,42,1,1,1,0,1,0,0,0,0,1,0,0,117.98,4955.16,0
2917,1,0,1,0,19,1,1,2,1,1,1,0,1,1,2,0,3,80.97,1538.43,0
2918,1,0,0,0,44,1,1,1,0,1,0,0,1,1,0,1,1,40.58,1785.52,1
2919,0,0,0,0,52,0,0,2,1,0,1,0,1,0,2,1,1,90.14,4687.28,0
2920,1,0,1,1,47,1,1,0,0,1,0,1,1,1,2,0,0,40.73,1914.31,0
2921,1,0,0,0,4,0,1,2,0,0,0,1,1,0,1,0,1,46.58,186.32,0
2922,0,0,1,0,5,0,1,2,1,0,1,0,1,1,1,0,2,59.7,298.5,0
2923,0,0,0,0,55,1,0,2,0,0,0,0,0,0,2,1,3,50.81,2794.55,0
2924,1,0,1,1,17,1,0,1,0,0,0,1,1,0,2,1,0,52.86,898.62,0
2925,0,0,0,0,51,1,0,0,0,1,1,0,1,1,0,1,0,84.4,4304.4,0
2926,0,1,1,1,9,0,1,1,0,0,0,1,0,1,0,0,2,58.44,525.96,0
2927,1,0,1,0,37,0,0,0,1,1,0,0,1,0,0,0,0,86.45,3198.65,0
2928,0,0,1,1,25,1,1,1,1,0,1,1,1,0,1,0,3,90.46,2261.5,0
2929,0,0,1,0,45,1,0,2,1,0,0,1,0,1,2,1,0,51.08,2298.6,0
2930,1,0,0,1,46,0,1,2,0,1,1,0,0,1,2,1,0,61.69,2837.74,0
2931,1,1,1,1,35,1,1,1,1,0,0,0,1,0,1,1,3,108.35,3792.25,0
2932,0,0,1,1,56,0,0,1,0,0,1,0,0,1,0,0,3,53.17,2977.52,0
2933,0,0,1,1,32,0,0,1,1,1,0,1,0,1,0,1,2,66.93,2141.76,0
2934,1,0,0,0,12,1,1,0,1,1,0,0,1,0,0,0,0,102.72,1232.64,0
2935,1,0,1,1,49,0,1,1,0,0,0,1,0,0,2,0,0,23.83,1167.67,0
2936,1,0,0,1,59,0,0,1,0,1,1,0,1,1,0,1,1,95.36,5626.24,0
2937,1,0,1,1,23,0,1,1,1,0,1,0,1,0,2,1,3,50.19,1154.37,0
2938,0,0,1,0,10,0,0,2,1,0,0,0,0,1,0,1,2,86.51,865.1,0
2939,0,0,1,1,59,1,0,0,0,1,1,0,1,0,2,0,1,20.71,1221.89,0
2940,1,0,1,0,37,0,1,1,0,1,0,0,1,1,2,0,0,100.76,3728.12,0
2941,0,0,0,0,41,0,0,2,1,1,0,0,1,0,0,0,1,33.61,1378.01,0
2942,1,0,0,1,14,1,0,1,1,1,0,0,1,1,1,1,2,69.79,977.06,0
2943,1,0,0,1,35,0,1,2,0,0,0,0,0,0,1,1,3,50.46,1766.1,0
2944,0,0,0,0,48,0,0,0,1,0,0,1,1,1,0,0,2,90.45,4341.6,0
2945,1,1,1,1,27,0,0,1,1,1,0,1,1,0,2,0,2,40.1,1082.7,0
2946,1,0,0,0,33,0,0,1,0,0,0,1,0,1,0,1,3,44.7,1475.1,0
2947,0,0,0,0,27,1,1,1,1,0,1,1,0,1,1,1,2,102.43,2765.61,0
2948,1,0,0,1,54,1,0,2,0,0,0,1,0,0,0,1,3,52.33,2825.82,0
2949,0,0,0,1,5,1,1,2,1,0,0,0,1,1,0,0,1,44.16,220.8,1
2950,1,0,0,1,39,1,1,0,1,1,1,1,0,1,1,0,0,55.29,2156.31,0
2951,0,0,1,1,31,0,0,0,0,0,0,1,1,1,2,0,1,34.37,1065.47,0
2952,1,0,1,1,59,1,1,2,1,1,1,1,1,1,1,1,2,90.04,5312.36,0
2953,0,0,1,0,17,0,1,1,0,1,0,1,1,1,2,0,1,44.89,763.13,0
2954,0,0,1,1,45,0,1,1,1,1,0,0,0,0,0,1,3,55.38,2492.1,1
2955,0,1,0,1,10,0,1,2,0,0,0,0,0,1,0,1,0,57.98,579.8,0
2956,0,1,1,1,15,1,0,1,0,0,0,1,0,1,0,0,1,54.16,812.4,0
2957,0,0,0,0,46,1,0,0,0,1,1,0,0,1,2,1,0,76.93,3538.78,0
2958,1,1,1,0,41,0,1,0,1,0,0,1,1,0,0,0,0,34.32,1407.12,1
2959,0,0,1,1,55,1,1,0,1,1,0,1,0,0,2,1,2,80.73,4440.15,0
2960,1,0,1,1,31,0,1,2,0,0,1,1,0,1,1,1,2,101.17,3136.27,0
2961,0,0,1,0,38,0,1,1,0,1,0,0,1,0,2,0,1,109.71,4168.98,0
2962,0,0,0,1,39,0,0,1,0,0,1,1,1,1,1,0,1,54.53,2126.67,0
2963,0,0,0,0,29,1,0,2,1,1,1,0,0,1,0,0,1,49.35,1431.15,1
2964,1,1,0,0,39,1,1,1,0,1,0,1,1,1,0,0,2,72.7,2835.3,1
2965,1,0,1,0,70,1,0,0,0,0,0,0,1,1,1,0,2,45.33,3173.1,0
2966,0,0,0,0,52,0,1,2,1,1,1,0,0,0,1,0,1,82.77,4304.04,1
2967,1,0,0,0,42,0,1,0,1,1,0,0,0,0,2,1,0,118.68,4984.56,0
2968,0,0,1,1,57,1,1,1,0,0,1,1,1,1,1,0,3,29.06,1656.42,0
2969,1,0,0,1,11,1,1,2,1,0,0,1,1,1,1,1,3,55.35,608.85,0
2970,0,0,1,0,59,0,1,1,1,1,1,1,1,1,2,1,1,38.93,2296.87,0
2971,0,0,0,1,38,1,1,2,1,1,1,0,1,1,0,1,0,105.74,4018.12,0
2972,1,0,0,1,58,0,1,2,0,0,1,1,1,0,0,1,3,45.86,2659.88,1
2973,0,0,0,0,34,1,1,2,1,1,1,1,1,0,1,1,3,63.51,2159.34,0
2974,1,0,0,1,42,1,1,2,0,0,1,0,0,0,0,1,2,24.56,1031.52,0
2975,1,0,1,1,46,1,0,2,1,1,1,1,0,0,0,0,1,36.34,1671.64,0
2976,0,1,1,0,43,1,0,2,1,0,0,0,0,1,0,1,0,97.0,4171.0,1
2977,1,0,0,1,26,0,1,1,1,0,1,1,0,0,2,0,2,73.43,1909.18,0
2978,1,0,1,1,11,0,1,2,0,0,1,1,0,0,0,0,2,62.12,683.32,0
2979,1,0,0,0,32,1,1,1,0,1,1,0,0,1,1,0,3,48.92,1565.44,0
2980,0,1,1,0,5,0,0,1,1,1,0,1,0,1,0,0,2,109.43,547.15,0
2981,1,1,1,1,15,0,0,1,1,1,0,0,0,0,2,0,1,106.16,1592.4,0
2982,1,0,0,1,63,0,1,1,0,1,1,0,1,1,1,0,2,61.1,3849.3,0
2983,1,0,0,1,53,0,1,2,0,0,0,0,0,0,1,1,2,102.55,5435.15,0
2984,0,0,1,0,41,1,0,0,1,0,1,1,0,1,1,1,1,110.07,4512.87,0
2985,1,1,0,0,48,1,1,2,0,0,1,0,0,0,1,0,1,45.61,2189.28,1
2986,0,0,0,0,49,1,0,0,0,1,0,0,1,0,1,0,1,24.39,1195.11,1
2987,1,0,0,1,13,0,1,1,1,1,1,1,0,0,0,0,2,109.48,1423.24,1
2988,1,0,1,0,26,1,0,1,0,1,0,0,0,1,1,1,0,107.59,2797.34,0
2989,0,0,1,0,51,0,0,0,1,0,0,0,1,0,1,1,1,102.98,5251.98,0
2990,1,0,1,0,49,1,0,2,1,1,0,0,1,1,0,1,2,115.47,5658.03,0
2991,1,0,1,1,44,1,1,1,1,1,1,1,0,1,0,1,2,37.31,1641.64,0
2992,1,1,0,0,30,1,0,1,1,0,0,0,1,1,0,0,3,58.53,1755.9,0
2993,1,0,1,1,37,1,1,0,1,0,0,0,1,0,2,1,3,97.61,3611.57,0
2994,1,1,0,0,69,0,0,1,1,0,0,0,1,0,1,0,0,43.38,2993.22,0
2995,0,0,0,0,70,1,1,2,1,1,0,0,0,1,2,0,0,87.61,6132.7,0
2996,0,0,0,1,16,1,0,0,0,0,1,1,1,1,0,1,2,114.37,1829.92,0
2997,1,0,1,1,42,1,0,1,1,1,0,0,0,0,1,1,1,103.49,4346.58,0
2998,1,1,0,0,66,0,0,1,0,0,1,1,1,1,1,0,1,56.72,3743.52,0
2999,0,0,1,1,46,0,0,1,0,0,1,1,0,1,2,1,3,69.53,3198.38,0
3000,1,0,1,0,47,1,0,0,0,1,0,0,1,0,1,0,3,109.37,5140.39,0
3001,1,0,0,0,14,0,0,1,0,0,0,0,0,0,1,0,0,93.29,1306.06,0
3002,1,0,1,0,30,1,1,2,1,1,1,0,1,0,2,1,1,109.56,3286.8,0
3003,1,0,1,0,67,1,1,0,0,1,1,0,1,1,2,1,1,57.52,3853.84,0
3004,0,1,0,0,5,1,0,1,1,1,1,1,1,1,2,0,3,61.35,306.75,0
3005,0,0,0,1,69,0,1,0,1,1,0,1,0,0,0,0,0,70.29,4850.01,1
3006,1,0,0,1,21,0,1,0,0,0,0,0,1,0,0,0,0,38.46,807.66,0
3007,0,0,0,0,51,0,1,0,0,1,0,1,1,0,1,1,3,34.6,1764.6,1
3008,1,0,0,0,45,0,0,0,0,0,1,1,0,1,1,1,1,97.11,4369.95,0
3009,0,0,1,0,64,1,0,1,0,1,1,0,0,1,2,0,1,86.55,5539.2,1
3010,1,1,1,0,38,0,1,0,1,0,1,1,0,0,1,0,0,76.96,2924.48,0
3011,1,0,1,0,13,0,0,2,0,1,1,0,0,1,0,1,1,111.51,1449.63,0
3012,0,0,0,1,12,1,1,1,1,0,1,0,1,0,1,0,2,63.46,761.52,0
3013,1,0,1,0,50,0,0,2,0,1,1,1,0,1,1,1,0,67.31,3365.5,1
3014,0,0,1,0,27,0,0,2,1,1,1,0,1,1,1,0,0,74.02,1998.54,0
3015,1,1,0,0,53,1,1,2,0,1,0,1,0,1,2,1,3,48.83,2587.99,0
3016,0,0,0,1,56,1,0,1,1,0,1,0,0,1,0,1,3,109.74,6145.44,1
3017,0,0,1,1,14,0,0,2,0,0,1,1,1,0,2,0,2,109.42,1531.88,0
3018,1,1,1,1,6,1,1,1,1,0,1,0,0,1,1,0,3,119.97,719.82,0
3019,0,0,1,1,48,1,0,2,1,0,1,1,0,0,1,1,3,65.63,3150.24,0
3020,1,0,0,1,15,0,1,0,0,1,0,1,0,0,2,0,1,76.15,1142.25,0
3021,0,0,0,0,9,1,1,2,1,0,0,1,1,1,2,0,1,56.48,508.32,0
3022,1,1,1,0,64,0,0,1,0,1,0,1,1,0,1,1,1,101.94,6524.16,0
3023,1,0,0,0,48,0,1,1,0,1,0,0,1,1,0,1,3,104.81,5030.88,1
3024,1,1,0,1,68,1,1,2,0,1,0,1,0,0,1,0,0,34.99,2379.32,0
3025,0,0,0,0,50,0,0,1,0,0,0,1,0,1,2,0,3,94.99,4749.5,0
3026,0,0,1,0,63,1,1,1,1,1,0,1,1,1,2,0,2,56.79,3577.77,0
3027,1,0,0,0,27,1,0,1,1,0,1,1,0,1,2,1,2,43.49,1174.23,0
3028,1,0,0,1,10,1,0,0,0,1,1,1,0,1,0,1,0,83.38,833.8,0
3029,0,0,0,0,30,1,1,2,1,1,0,1,1,1,0,1,0,102.42,3072.6,0
3030,1,1,0,0,64,0,1,0,1,1,1,1,0,1,0,1,2,77.72,4974.08,0
3031,0,0,0,1,72,0,0,1,1,1,0,1,0,1,0,0,2,64.6,4651.2,0
3032,1,0,0,1,7,0,0,0,1,0,1,1,0,0,1,1,0,88.41,618.87,0
3033,1,0,1,1,39,0,1,0,1,1,0,1,0,1,2,1,2,70.87,2763.93,0
3034,1,0,0,0,6,0,1,0,1,1,0,0,1,0,1,0,2,47.6,285.6,0
3035,0,0,0,0,59,0,0,0,0,0,1,1,1,0,1,1,0,63.02,3718.18,1
3036,1,1,1,0,15,1,1,1,0,0,1,1,0,0,1,0,3,117.47,1762.05,0
3037,0,0,1,0,50,0,1,1,1,1,0,1,1,1,0,1,0,101.08,5054.0,0
3038,1,1,1,0,53,1,0,1,1,1,0,0,0,0,1,0,1,73.62,3901.86,0
3039,1,0,1,0,68,1,0,2,1,0,0,0,1,0,1,1,2,80.04,5442.72,0
3040,1,0,0,1,25,1,1,0,1,1,0,0,1,0,0,1,1,102.03,2550.75,1
3041,0,0,0,1,49,1,1,0,0,1,1,1,1,1,2,1,1,78.78,3860.22,0
3042,0,0,0,1,43,1,0,2,1,1,1,0,0,0,2,0,2,94.73,4073.39,0
3043,1,1,1,1,52,0,0,2,0,0,0,0,1,0,1,0,0,96.25,5005.0,1
3044,0,0,1,0,57,0,1,0,1,1,1,1,1,1,2,0,3,74.46,4244.22,0
3045,0,0,0,1,13,0,1,2,0,0,0,0,1,1,0,1,2,115.03,1495.39,1
3046,0,0,0,1,8,1,0,2,0,0,1,0,0,1,1,0,2,28.06,224.48,0
3047,1,1,1,0,68,1,1,2,1,1,0,0,1,1,0,0,0,37.05,2519.4,1
3048,0,0,0,0,62,1,0,2,1,0,1,1,1,1,1,0,2,21.83,1353.46,0
3049,1,0,0,1,59,1,1,2,0,1,0,1,0,1,2,0,1,24.2,1427.8,0
3050,1,0,1,1,38,1,0,1,1,0,1,1,0,1,1,1,1,67.89,2579.82,1
3051,1,0,1,1,51,1,0,2,1,0,0,1,0,1,1,1,3,106.44,5428.44,0
3052,0,1,1,0,45,1,0,2,0,1,1,1,0,0,1,0,2,68.67,3090.15,0
3053,1,0,1,0,3,1,0,2,1,1,1,1,1,1,1,0,2,23.62,70.86,0
3054,1,0,0,1,66,1,1,2,0,0,0,1,0,1,0,1,1,46.86,3092.76,0
3055,1,0,0,0,30,1,0,2,1,1,1,1,0,1,0,1,1,20.63,618.9,0
3056,0,0,0,1,10,0,0,0,1,1,0,1,0,0,1,1,2,105.6,1056.0,1
3057,1,0,0,0,67,0,1,1,0,0,0,1,1,1,1,0,3,113.81,7625.27,0
3058,1,0,1,1,40,0,0,1,0,0,1,1,1,1,2,0,2,55.65,2226.0,1
3059,0,0,0,0,31,0,1,1,1,1,1,0,0,1,2,0,3,73.2,2269.2,0
3060,0,0,1,1,21,1,0,2,0,0,1,1,0,1,0,1,0,100.7,2114.7,1
3061,0,0,0,1,67,0,0,2,1,1,0,1,0,1,0,0,1,117.43,7867.81,0
3062,0,0,0,1,59,0,0,0,1,0,1,1,0,1,1,1,0,40.73,2403.07,0
3063,1,0,0,0,38,0,1,0,0,0,0,1,0,0,1,1,0,26.54,1008.52,1
3064,0,0,0,0,22,0,1,2,0,1,1,0,0,1,1,0,2,79.38,1746.36,0
3065,1,0,1,0,50,0,0,2,0,0,0,1,0,0,2,0,0,102.51,5125.5,0
3066,0,0,1,0,3,0,0,2,1,1,1,0,0,0,0,0,0,72.97,218.91,0
3067,0,0,1,1,19,1,0,2,0,1,1,0,0,0,1,0,0,113.86,2163.34,0
3068,1,0,1,0,53,1,0,1,1,0,0,1,0,0,0,1,0,83.23,4411.19,0
3069,1,0,1,1,42,0,1,2,1,0,1,1,0,0,1,1,1,115.0,4830.0,0
3070,0,0,1,0,43,0,0,2,1,0,1,1,0,0,2,1,2,89.26,3838.18,0
3071,0,0,1,0,51,0,0,2,1,1,0,0,1,1,0,1,2,63.3,3228.3,0
3072,1,0,0,1,11,0,1,0,0,1,1,0,1,1,2,1,3,50.76,558.36,0
3073,1,0,1,0,41,0,1,1,0,0,1,0,0,1,1,1,1,56.65,2322.65,1
3074,1,0,1,0,40,1,1,1,1,1,1,1,0,1,2,0,1,94.69,3787.6,0
3075,1,1,1,1,48,0,0,0,1,0,1,0,0,1,0,0,0,22.73,1091.04,1
3076,1,0,1,0,38,1,0,0,1,0,0,0,0,1,0,1,3,102.99,3913.62,0
3077,1,0,1,1,27,0,1,0,0,0,1,0,1,1,2,1,0,79.47,2145.69,0
3078,1,1,0,1,37,0,0,0,1,0,1,1,1,0,1,0,0,98.22,3634.14,0
3079,1,0,0,1,70,1,1,2,0,1,1,0,1,0,0,1,3,56.98,3988.6,1
3080,1,0,1,0,41,1,0,1,0,1,0,1,1,1,2,0,1,104.13,4269.33,0
3081,0,0,1,0,61,1,0,0,0,0,0,1,0,0,2,0,3,55.72,3398.92,0
3082,0,0,1,0,13,0,0,0,1,0,0,0,0,0,1,0,3,81.69,1061.97,0
3083,0,0,0,0,70,0,1,1,1,1,0,1,0,0,2,1,1,35.66,2496.2,0
3084,0,0,1,1,20,1,1,0,1,0,0,1,1,0,2,0,2,46.02,920.4,0
3085,0,1,1,1,11,1,1,0,0,0,0,0,0,0,1,0,1,95.56,1051.16,0
3086,1,0,0,0,17,1,0,1,0,0,0,0,0,0,0,1,0,24.62,418.54,1
3087,1,0,1,0,25,1,0,2,0,0,0,1,0,1,0,0,0,117.85,2946.25,1
3088,0,0,1,1,51,1,0,0,1,0,1,0,0,1,2,0,0,95.93,4892.43,0
3089,0,0,1,1,1,1,0,1,0,1,1,0,0,1,1,0,2,67.68,67.68,0
3090,1,0,0,0,67,0,0,0,1,1,0,0,0,0,1,1,0,80.91,5420.97,0
3091,1,0,0,0,52,1,1,1,0,0,1,0,0,0,0,1,3,78.22,4067.44,1
3092,1,0,0,0,52,1,0,1,1,1,1,1,1,1,0,0,2,46.15,2399.8,0
3093,0,0,1,1,65,1,0,1,0,0,1,0,1,1,1,0,3,91.94,5976.1,0
3094,0,0,0,0,54,0,1,1,1,0,0,1,1,0,2,0,3,48.65,2627.1,0
3095,0,0,0,0,7,1,1,2,0,0,1,0,1,1,2,1,3,29.42,205.94,0
3096,0,1,0,0,26,0,1,1,1,1,0,1,1,1,1,0,0,74.88,1946.88,0
3097,0,0,0,0,29,0,0,1,1,1,0,1,1,1,0,1,2,105.08,3047.32,0
3098,1,0,1,0,22,1,1,1,0,0,0,1,1,1,2,0,3,80.52,1771.44,0
3099,1,0,1,0,11,1,1,0,1,0,1,0,1,0,2,1,1,21.85,240.35,0
3100,0,0,0,1,71,0,0,2,0,1,1,1,1,1,0,1,3,103.05,7316.55,1
3101,1,0,0,1,32,0,1,1,0,0,0,0,1,1,0,0,2,57.23,1831.36,0
3102,1,0,1,1,63,1,1,2,1,0,1,0,0,1,1,1,1,91.84,5785.92,1
3103,1,0,1,1,7,1,0,2,0,0,1,1,1,1,2,0,2,60.71,424.97,0
3104,1,1,1,1,49,1,1,2,1,1,0,1,1,0,2,1,1,50.41,2470.09,0
3105,0,0,0,1,58,1,1,0,1,1,1,0,0,0,2,0,1,27.25,1580.5,1
3106,1,1,1,0,52,1,1,1,0,1,1,0,0,1,0,0,1,39.84,2071.68,0
3107,0,0,1,1,15,1,0,0,0,1,0,1,1,0,1,0,0,28.7,430.5,1
3108,0,1,1,1,45,1,0,1,0,1,1,1,1,0,2,0,3,51.72,2327.4,1
3109,0,0,1,0,3,1,1,2,1,1,0,1,1,0,1,0,2,45.25,135.75,0
3110,0,0,1,1,34,1,1,2,1,1,0,0,1,0,2,0,0,43.61,1482.74,0
3111,1,1,0,1,40,0,0,2,0,0,0,0,1,1,0,0,3,101.62,4064.8,0
3112,0,0,0,0,15,0,0,2,0,1,0,1,0,1,1,1,3,39.31,589.65,0
3113,1,0,1,1,52,0,1,2,0,1,0,0,1,0,1,1,2,116.67,6066.84,0
3114,1,0,0,0,55,1,0,1,0,0,1,1,0,0,0,1,0,66.8,3674.0,0
3115,1,1,1,1,61,0,1,1,1,0,0,1,0,1,2,1,2,34.65,2113.65,0
3116,1,0,0,0,38,1,0,1,1,0,0,1,0,1,0,1,2,68.82,2615.16,0
3117,1,0,1,0,11,0,1,2,0,0,0,0,1,0,0,1,2,55.52,610.72,0
3118,1,0,1,0,55,0,1,2,0,0,1,0,1,0,2,1,0,99.74,5485.7,0
3119,0,0,1,1,48,0,1,2,0,0,1,0,0,0,2,0,2,107.54,5161.92,0
3120,0,0,0,0,24,0,1,2,0,0,1,1,0,1,2,0,0,50.11,1202.64,0
3121,0,0,0,0,72,1,0,2,0,1,0,1,1,0,1,1,2,35.93,2586.96,0
3122,0,1,1,1,3,1,0,0,1,0,1,0,0,0,1,1,0,94.54,283.62,0
3123,0,0,1,0,67,1,1,1,0,1,1,1,0,0,0,1,1,24.7,1654.9,1
3124,1,1,1,0,30,0,1,0,1,1,0,0,1,0,0,0,1,106.61,3198.3,1
3125,0,0,0,0,41,1,0,1,0,0,0,0,0,1,2,0,0,107.36,4401.76,0
3126,1,0,0,1,39,1,1,2,0,0,0,1,0,1,2,0,0,85.7,3342.3,0
3127,0,0,0,1,70,1,0,2,0,1,0,0,1,1,1,1,0,106.29,7440.3,0
3128,1,0,1,0,2,0,1,0,1,0,0,1,1,1,2,0,3,98.41,196.82,0
3129,0,0,0,1,54,1,1,0,1,1,1,1,0,0,2,1,1,29.57,1596.78,0
3130,1,1,1,0,46,0,0,0,0,1,1,0,1,0,2,1,3,47.41,2180.86,0
3131,0,0,1,1,41,0,1,1,1,0,1,0,0,0,1,1,0,100.12,4104.92,0
3132,0,0,0,0,8,1,1,2,0,0,1,1,0,1,2,1,3,79.01,632.08,0
3133,1,0,0,1,4,0,1,1,0,1,0,1,0,1,1,0,3,76.39,305.56,0
3134,1,0,0,0,3,1,0,0,1,1,0,0,1,0,2,0,3,51.8,155.4,0
3135,1,0,0,1,32,0,0,1,0,1,1,1,1,1,0,1,2,99.19,3174.08,0
3136,1,0,0,1,56,1,0,1,1,0,1,0,1,1,2,0,3,113.16,6336.96,0
3137,0,0,0,1,67,0,0,1,0,1,1,0,0,1,1,0,3,62.85,4210.95,0
3138,0,0,1,1,42,1,1,2,0,0,0,0,1,0,0,1,0,53.01,2226.42,0
3139,0,0,1,0,70,0,0,1,1,0,1,0,1,0,0,1,1,116.83,8178.1,1
3140,0,0,0,1,31,1,1,0,0,1,1,0,0,1,2,0,3,109.67,3399.77,0
3141,0,0,0,0,71,0,0,0,0,0,0,1,1,1,2,0,1,58.6,4160.6,0
3142,1,0,0,1,46,1,0,1,1,1,0,0,1,1,2,0,3,106.15,4882.9,0
3143,1,0,1,0,20,0,0,0,1,1,1,0,1,1,1,1,1,41.22,824.4,0
3144,0,0,0,1,59,0,0,1,0,1,0,0,0,1,2,1,2,108.04,6374.36,0
3145,0,0,0,0,25,1,1,0,0,0,1,1,1,1,1,0,2,27.17,679.25,0
3146,0,0,0,1,18,1,1,0,0,1,0,0,1,1,0,1,2,46.9,844.2,0
3147,1,0,0,1,32,1,1,2,1,0,1,1,0,0,1,1,3,52.24,1671.68,0
3148,1,0,0,1,40,0,1,0,1,1,1,0,1,1,0,1,3,22.28,891.2,0
3149,0,1,1,0,20,1,0,1,0,1,0,0,1,0,2,1,3,103.37,2067.4,0
3150,1,0,1,1,58,0,1,2,1,1,1,1,0,0,2,1,3,73.51,4263.58,0
3151,0,0,1,0,32,1,0,1,0,1,0,1,1,1,2,0,3,67.03,2144.96,0
3152,1,1,0,1,55,0,1,2,0,0,0,1,0,0,1,0,0,26.65,1465.75,0
3153,1,0,1,0,20,0,1,0,0,1,1,1,0,0,0,1,2,35.17,703.4,0
3154,0,0,1,1,45,0,0,1,1,0,1,0,1,1,1,1,2,44.23,1990.35,0
3155,1,0,0,1,24,0,0,2,1,1,0,1,1,0,0,1,1,82.81,1987.44,0
3156,1,0,0,0,2,1,0,2,0,0,0,0,1,0,2,0,0,76.52,153.04,0
3157,1,0,1,0,22,1,0,0,1,0,0,1,1,1,1,0,2,118.1,2598.2,1
3158,0,1,1,1,25,0,0,2,0,1,0,1,0,0,0,1,2,89.71,2242.75,1
3159,1,0,0,1,16,0,0,1,0,0,0,0,0,0,2,1,1,86.86,1389.76,0
3160,1,0,0,1,18,0,0,0,1,1,1,1,1,0,0,1,2,93.34,1680.12,0
3161,0,0,0,1,41,1,0,1,1,1,0,0,1,1,0,0,2,20.48,839.68,0
3162,0,1,1,0,5,1,1,1,0,0,0,1,1,1,2,0,0,64.98,324.9,0
3163,1,0,0,0,25,1,1,1,0,0,0,0,0,0,2,0,2,71.61,1790.25,0
3164,1,0,1,1,23,1,0,1,0,1,0,1,1,1,0,0,1,24.94,573.62,1
3165,1,0,1,1,43,0,1,1,1,1,0,0,0,1,1,0,3,88.7,3814.1,0
3166,1,0,0,0,58,0,0,2,0,0,0,0,0,0,0,0,0,78.85,4573.3,0
3167,0,0,0,1,15,1,1,2,1,0,1,0,1,1,2,0,2,27.82,417.3,0
3168,1,0,1,0,53,0,1,0,1,1,1,0,1,1,1,1,1,72.3,3831.9,1
3169,1,0,1,0,9,0,0,0,1,0,1,1,1,1,1,0,0,42.87,385.83,1
3170,1,0,0,1,1,0,1,2,1,1,0,1,1,1,0,0,3,28.49,28.49,1
3171,0,0,0,0,11,1,1,1,0,0,1,1,1,0,0,0,2,110.59,1216.49,0
3172,0,0,0,0,59,1,1,2,0,0,0,0,1,0,1,0,1,71.9,4242.1,1
3173,0,0,0,0,38,1,1,1,0,1,1,1,1,0,1,0,1,42.17,1602.46,0
3174,0,0,1,0,53,1,0,0,1,1,1,1,1,1,0,1,0,39.16,2075.48,0
3175,1,1,1,0,4,1,0,1,1,0,0,0,0,1,2,1,1,105.6,422.4,0
3176,1,0,0,1,34,0,0,2,1,1,1,1,0,1,1,0,1,68.62,2333.08,0
3177,0,0,0,1,58,1,1,2,0,1,0,1,1,0,1,1,3,74.74,4334.92,0
3178,0,0,1,1,61,0,0,0,1,0,1,1,1,0,1,1,2,105.05,6408.05,0
3179,0,0,0,1,71,1,1,1,1,1,1,0,0,0,1,0,3,74.75,5307.25,0
3180,0,1,0,0,12,0,0,0,0,0,0,0,0,1,1,1,0,88.1,1057.2,1
3181,0,0,0,1,27,1,1,0,1,0,0,0,1,1,0,1,1,73.43,1982.61,0
3182,0,0,1,0,26,1,1,2,1,1,1,1,1,0,0,1,3,76.35,1985.1,1
3183,0,0,1,1,65,0,0,0,0,0,0,0,1,0,1,0,3,31.15,2024.75,0
3184,0,0,0,0,32,1,0,1,0,1,1,0,1,0,2,1,1,71.85,2299.2,0
3185,1,0,0,0,65,0,1,1,0,1,1,1,0,1,0,1,2,44.95,2921.75,0
3186,1,0,0,1,32,0,0,2,0,1,0,1,1,1,0,1,3,36.08,1154.56,0
3187,0,0,1,1,37,0,1,1,1,1,0,1,0,0,0,1,0,103.42,3826.54,0
3188,0,0,1,1,30,0,1,0,0,1,0,1,1,0,2,0,1,22.84,685.2,0
3189,0,1,1,0,41,1,1,1,0,0,0,0,0,1,1,0,1,67.6,2771.6,0
3190,1,0,0,0,56,1,0,1,1,0,0,0,1,0,2,1,2,25.93,1452.08,0
3191,1,1,0,0,55,0,0,0,1,1,1,1,1,1,0,1,1,58.56,3220.8,0
3192,1,0,1,1,54,1,0,0,0,0,0,0,0,0,1,0,1,62.49,3374.46,0
3193,0,0,1,1,29,0,1,0,0,1,1,1,0,0,0,0,2,76.67,2223.43,1
3194,0,0,1,0,44,1,0,0,1,1,0,1,1,1,0,1,3,35.57,1565.08,0
3195,1,0,1,0,55,0,0,1,0,0,0,1,0,1,2,0,3,118.38,6510.9,0
3196,0,0,0,0,30,1,0,0,1,1,1,0,0,1,2,1,1,96.14,2884.2,0
3197,1,0,1,1,31,1,1,1,1,1,1,1,1,0,2,0,0,118.38,3669.78,0
3198,0,0,1,0,19,1,1,2,1,1,1,0,1,0,0,1,3,84.96,1614.24,0
3199,0,0,1,1,58,1,0,1,1,1,0,0,1,0,2,0,1,59.68,3461.44,0
3200,0,0,0,0,15,0,1,1,0,1,1,1,0,1,0,1,3,71.27,1069.05,0
3201,1,0,1,0,17,1,0,2,1,1,1,0,1,0,2,0,2,48.7,827.9,0
3202,1,0,1,1,64,0,0,0,0,1,1,1,1,1,0,1,0,30.39,1944.96,0
3203,0,0,1,1,51,1,0,1,1,0,1,0,1,1,1,1,1,85.31,4350.81,0
3204,0,0,0,0,49,1,0,1,1,1,0,0,0,0,0,1,3,72.28,3541.72,1
3205,0,0,1,0,33,0,1,2,0,0,1,1,1,1,1,1,0,52.27,1724.91,0
3206,0,0,0,0,10,0,1,0,0,0,0,0,1,1,1,0,1,53.9,539.0,1
3207,0,0,1,0,24,0,1,0,0,1,1,1,0,1,1,0,2,61.14,1467.36,1
3208,1,0,1,0,62,1,0,2,0,1,0,0,1,1,0,1,0,48.15,2985.3,0
3209,1,0,1,1,65,0,1,0,0,0,0,0,0,0,2,1,1,74.44,4838.6,0
3210,1,0,0,1,10,1,0,0,1,0,1,1,1,1,1,0,0,69.87,698.7,0
3211,1,1,1,1,23,1,1,1,0,1,0,1,1,1,2,0,1,20.61,474.03,0
3212,0,0,0,1,33,0,0,1,0,1,1,0,0,1,1,0,1,75.26,2483.58,0
3213,0,0,0,0,3,0,1,2,0,0,0,1,0,0,2,1,3,32.49,97.47,0
3214,0,0,1,0,59,0,1,0,1,1,1,1,1,0,0,1,1,98.07,5786.13,0
3215,1,0,0,1,58,1,0,0,0,1,0,0,0,0,2,1,3,46.32,2686.56,0
3216,0,0,1,1,45,0,0,0,0,0,0,1,1,1,2,0,3,51.52,2318.4,0
3217,0,1,0,1,19,1,0,2,1,0,1,0,0,1,1,1,2,85.21,1618.99,0
3218,1,0,1,1,11,1,1,2,0,1,1,0,0,1,2,1,0,74.85,823.35,0
3219,1,0,1,0,56,1,1,2,0,1,1,0,1,1,0,1,0,29.04,1626.24,1
3220,0,0,1,1,46,1,0,1,0,1,0,1,1,1,2,1,2,74.94,3447.24,0
3221,1,0,1,1,63,1,0,2,0,1,0,1,1,1,2,1,1,99.94,6296.22,0
3222,1,0,0,0,41,0,0,2,0,0,1,1,0,1,1,1,0,68.3,2800.3,1
3223,0,0,0,0,46,0,0,0,1,0,0,1,0,0,1,0,3,45.31,2084.26,0
3224,1,0,0,0,8,0,0,1,0,1,1,1,0,1,1,0,2,66.91,535.28,0
3225,0,0,1,1,4,1,1,2,0,0,1,0,1,0,2,0,1,42.0,168.0,0
3226,1,0,0,1,7,0,0,2,0,0,0,1,0,1,2,0,0,25.33,177.31,0
3227,1,1,0,0,5,1,1,0,0,0,0,0,0,1,0,1,3,64.25,321.25,0
3228,0,0,1,0,51,0,0,2,1,1,0,1,1,1,2,1,2,76.89,3921.39,0
3229,0,0,0,0,2,1,1,1,1,1,0,1,1,0,2,0,3,61.06,122.12,0
3230,0,0,1,0,62,1,1,0,1,1,1,1,1,0,2,0,3,85.41,5295.42,0
3231,0,0,1,1,44,1,0,2,0,0,1,0,0,0,2,1,3,76.26,3355.44,0
3232,1,0,0,1,20,1,1,0,1,1,1,0,1,1,1,0,2,53.07,1061.4,0
3233,0,0,0,0,12,1,1,2,0,0,1,1,1,0,1,1,0,25.82,309.84,0
3234,1,0,0,1,17,0,0,1,0,0,0,1,1,0,1,1,0,110.03,1870.51,0
3235,0,1,1,1,62,1,0,0,0,0,0,0,1,1,0,1,0,32.74,2029.88,0
3236,1,0,1,1,18,1,1,2,0,1,0,0,1,1,1,0,1,84.54,1521.72,0
3237,1,0,1,1,7,0,0,2,1,0,0,1,0,1,0,1,1,103.12,721.84,0
3238,1,0,1,0,34,1,0,1,0,0,1,1,0,0,2,0,1,82.47,2803.98,0
3239,1,0,1,0,56,1,1,0,1,1,0,1,0,0,0,1,3,98.17,5497.52,1
3240,0,0,0,0,69,1,0,0,0,1,0,1,0,1,2,0,2,48.58,3352.02,0
3241,0,0,0,0,51,1,0,2,0,0,0,0,0,1,2,1,0,63.15,3220.65,0
3242,0,0,0,0,63,1,0,1,0,0,1,0,0,1,0,0,1,111.37,7016.31,0
3243,1,0,1,1,52,1,0,1,1,1,0,0,1,0,2,1,1,66.59,3462.68,1
3244,1,0,1,0,2,1,0,1,0,1,1,0,1,1,1,1,3,43.16,86.32,0
3245,1,0,1,1,50,0,1,0,0,1,1,0,1,1,1,0,2,98.31,4915.5,0
3246,1,0,0,0,14,0,0,2,1,1,0,0,1,0,2,0,3,108.3,1516.2,0
3247,0,0,0,0,18,0,1,1,0,1,1,1,1,0,0,1,3,55.72,1002.96,0
3248,0,1,0,1,68,1,0,0,1,0,1,0,0,1,2,0,3,48.93,3327.24,0
3249,0,0,0,1,22,0,1,1,1,0,1,0,0,0,1,1,0,80.55,1772.1,0
3250,1,0,1,1,5,1,0,0,1,0,0,1,1,0,1,1,2,116.99,584.95,1
3251,0,0,0,1,26,1,0,1,1,1,0,0,0,1,2,0,1,42.19,1096.94,0
3252,1,0,0,0,42,0,1,0,0,1,1,1,0,1,0,1,1,83.11,3490.62,0
3253,1,0,0,1,24,0,1,0,0,0,1,0,0,0,2,0,0,101.13,2427.12,0
3254,1,0,1,1,38,0,1,0,0,1,0,0,0,0,1,0,1,71.77,2727.26,0
3255,0,0,1,0,22,0,0,2,0,0,1,1,0,0,2,0,3,92.48,2034.56,0
3256,1,0,1,0,34,0,0,2,0,0,1,0,1,1,1,0,2,50.21,1707.14,1
3257,1,0,1,0,17,1,1,1,1,1,0,0,1,0,2,0,1,92.89,1579.13,0
3258,0,1,0,1,44,0,1,2,1,0,1,1,1,0,2,1,2,117.57,5173.08,0
3259,0,1,1,1,71,1,1,2,1,1,1,0,1,1,1,1,1,44.5,3159.5,0
3260,1,0,0,1,48,0,0,2,0,0,1,0,0,0,2,0,2,100.43,4820.64,0
3261,1,0,0,0,25,1,0,1,0,0,0,1,1,0,1,0,3,109.35,2733.75,0
3262,0,1,1,0,42,1,0,2,0,0,0,1,1,1,2,1,2,114.67,4816.14,0
3263,1,0,1,1,39,0,0,1,1,1,0,1,1,1,1,1,2,69.52,2711.28,0
3264,0,0,1,0,38,0,0,1,1,1,1,1,0,1,0,1,0,93.21,3541.98,0
3265,1,0,0,1,36,1,0,0,1,1,0,1,0,1,1,1,0,61.66,2219.76,0
3266,1,0,0,1,69,0,0,1,1,0,1,1,1,0,0,0,2,74.87,5166.03,1
3267,0,0,1,1,21,0,1,0,1,1,1,1,0,0,0,1,2,94.58,1986.18,1
3268,1,1,1,0,54,1,1,1,1,1,1,1,1,1,1,0,1,35.53,1918.62,0
3269,1,1,0,0,59,1,0,1,0,0,1,0,1,1,2,0,3,118.0,6962.0,0
3270,0,0,1,1,21,0,1,0,1,0,0,1,0,1,0,0,0,23.9,501.9,1
3271,1,0,0,0,71,1,1,2,0,1,1,1,0,0,0,1,0,103.73,7364.83,1
3272,0,0,0,1,22,0,0,0,0,0,1,0,0,1,1,1,1,77.58,1706.76,0
3273,0,0,1,0,44,1,0,1,0,0,1,1,1,0,0,0,3,95.48,4201.12,0
3274,1,1,0,0,38,0,1,0,0,0,1,1,1,1,1,0,0,59.72,2269.36,0
3275,1,0,0,0,6,0,1,1,1,1,1,1,1,0,1,1,3,81.98,491.88,0
3276,0,0,0,0,44,0,0,0,1,1,1,0,1,0,0,0,2,89.79,3950.76,0
3277,0,0,0,1,64,1,0,0,1,0,1,1,0,0,0,0,1,93.99,6015.36,0
3278,0,0,1,0,35,1,0,2,1,1,0,0,1,1,1,1,2,73.94,2587.9,0
3279,0,0,0,0,13,0,0,0,0,1,1,0,1,0,2,0,1,81.43,1058.59,0
3280,0,0,0,1,34,0,1,2,1,0,1,0,1,0,2,0,0,78.93,2683.62,0
3281,0,0,0,0,26,1,1,1,0,0,0,1,1,1,0,1,1,39.16,1018.16,1
3282,1,0,1,0,67,0,1,1,1,1,0,1,1,1,2,0,2,116.89,7831.63,0
3283,0,0,1,0,15,0,0,0,1,1,0,0,1,0,1,1,3,86.96,1304.4,1
3284,0,0,1,1,7,1,1,2,0,0,0,0,1,1,2,1,3,115.26,806.82,0
3285,0,0,1,0,16,1,0,1,1,1,1,1,0,1,2,1,2,54.61,873.76,0
3286,1,1,0,1,27,1,1,0,0,0,0,1,1,0,0,0,0,39.69,1071.63,1
3287,0,0,1,0,3,1,0,2,0,1,0,1,0,0,0,0,1,86.69,260.07,1
3288,0,1,0,0,12,1,0,1,0,1,1,1,1,1,2,0,0,108.5,1302.0,0
3289,1,1,1,1,33,1,0,2,0,1,0,1,0,1,0,1,3,41.36,1364.88,0
3290,0,0,1,0,24,0,1,1,1,1,1,1,0,1,2,0,1,93.9,2253.6,0
3291,0,0,1,0,30,0,0,0,1,0,0,1,0,1,2,1,2,98.07,2942.1,0
3292,1,0,1,1,57,1,1,1,1,0,1,0,0,0,2,1,2,101.14,5764.98,0
3293,1,0,1,1,23,0,1,1,1,0,0,0,1,0,2,1,0,48.18,1108.14,0
3294,1,0,1,1,32,1,1,0,1,0,0,0,0,1,2,1,1,80.84,2586.88,0
3295,0,0,1,0,32,1,0,0,0,0,0,0,1,1,2,1,3,46.83,1498.56,0
3296,0,0,1,1,11,0,0,0,1,0,0,0,0,1,0,0,2,90.75,998.25,0
3297,1,0,1,1,62,1,0,0,0,1,0,1,0,0,2,0,1,31.82,1972.84,0
3298,0,0,0,1,46,1,1,0,0,1,1,1,0,1,0,1,3,112.56,5177.76,0
3299,1,0,1,0,46,0,0,1,1,0,1,1,0,1,2,0,0,61.89,2846.94,0
3300,1,0,0,0,27,1,0,2,1,1,0,1,1,0,2,1,1,59.83,1615.41,0
3301,0,0,1,0,71,0,1,1,1,1,1,0,1,0,0,1,3,47.24,3354.04,1
3302,0,1,0,0,6,1,1,2,0,1,1,0,0,0,1,0,3,55.48,332.88,1
3303,0,0,1,1,46,1,0,2,0,0,1,0,1,0,2,1,3,51.99,2391.54,0
3304,1,0,1,0,15,0,1,1,1,0,0,0,1,0,0,1,0,28.35,425.25,0
3305,0,0,1,1,22,1,1,1,1,0,1,0,1,0,1,1,2,97.7,2149.4,1
3306,1,0,1,1,14,0,1,0,0,0,1,0,1,1,1,0,3,74.88,1048.32,0
3307,1,1,0,1,8,1,1,0,0,0,0,0,0,1,0,0,1,27.08,216.64,0
3308,0,1,0,1,44,1,0,2,0,0,1,1,0,1,1,1,1,50.29,2212.76,0
3309,1,0,0,0,33,0,0,0,0,0,1,0,0,1,0,0,3,22.46,741.18,1
3310,0,0,1,1,8,0,0,1,0,1,0,0,0,1,1,1,1,106.95,855.6,0
3311,0,0,1,0,37,0,1,2,1,0,1,0,1,1,0,0,3,76.18,2818.66,0
3312,0,0,1,0,42,0,0,1,1,0,0,0,1,1,0,1,2,35.2,1478.4,0
3313,0,0,0,0,57,1,1,1,1,1,0,0,1,0,2,1,3,32.85,1872.45,0
3314,0,0,1,0,37,0,1,1,0,1,0,0,1,1,2,0,1,37.16,1374.92,0
3315,0,1,0,1,43,0,1,0,0,0,1,0,1,1,2,1,2,91.36,3928.48,0
3316,0,0,0,1,6,1,0,2,0,0,0,1,1,0,0,1,1,35.51,213.06,0
3317,1,0,0,1,61,0,1,1,1,0,1,1,0,1,2,0,3,72.3,4410.3,0
3318,1,0,1,0,35,1,1,0,1,1,0,1,0,1,2,1,1,82.85,2899.75,0
3319,1,0,0,1,3,0,0,2,1,1,1,0,1,1,2,0,3,76.74,230.22,0
3320,0,1,1,0,66,0,1,2,0,1,0,1,0,1,2,1,3,56.85,3752.1,0
3321,0,0,1,0,17,0,1,2,1,1,0,0,0,1,2,0,1,25.82,438.94,0
3322,0,0,0,1,27,0,1,1,0,0,1,1,0,0,1,0,2,87.86,2372.22,0
3323,1,0,1,1,41,1,1,1,1,0,0,1,1,0,1,0,0,59.19,2426.79,0
3324,0,0,0,1,11,1,0,0,0,1,0,1,1,0,2,0,1,98.45,1082.95,0
3325,1,0,0,1,7,1,0,2,1,1,0,1,1,0,1,0,2,41.39,289.73,1
3326,1,1,0,1,69,0,0,2,1,1,1,1,0,1,2,0,0,94.44,6516.36,0
3327,1,0,0,1,59,0,1,0,1,1,0,0,0,1,1,1,3,37.71,2224.89,1
3328,1,0,1,0,59,1,1,1,0,1,1,0,1,0,1,0,2,102.99,6076.41,0
3329,1,0,1,0,15,0,0,0,0,1,0,0,1,1,2,1,2,62.64,939.6,0
3330,1,1,0,0,31,0,1,2,0,1,1,1,1,0,0,0,0,93.08,2885.48,1
3331,0,1,1,0,56,0,1,1,1,0,0,1,0,0,1,0,0,41.44,2320.64,0
3332,0,0,1,0,23,0,1,2,0,0,0,1,1,0,2,1,0,85.11,1957.53,0
3333,1,0,0,1,8,0,0,1,0,0,1,0,1,0,1,1,3,59.04,472.32,0
3334,0,0,0,1,66,1,0,2,0,0,0,0,0,1,2,0,0,109.72,7241.52,0
3335,1,1,1,1,36,0,1,2,1,0,0,1,1,0,1,0,1,81.24,2924.64,0
3336,0,0,1,1,68,1,1,2,0,1,1,1,1,0,2,1,0,28.68,1950.24,0
3337,1,0,1,1,10,1,0,0,1,1,1,0,0,1,2,1,1,56.07,560.7,0
3338,1,1,1,1,48,1,1,1,0,0,1,1,0,1,1,1,0,37.17,1784.16,0
3339,0,0,0,1,40,1,0,2,0,0,0,1,0,1,0,1,2,83.14,3325.6,0
3340,1,1,1,0,5,1,0,0,0,1,1,0,1,0,0,1,2,108.16,540.8,0
3341,1,0,0,0,22,1,0,0,0,1,1,1,1,1,1,1,3,47.83,1052.26,0
3342,1,0,1,1,9,1,1,2,0,1,1,0,1,0,2,0,1,84.31,758.79,0
3343,0,0,1,1,31,0,1,2,0,1,0,0,0,0,1,0,1,66.82,2071.42,0
3344,1,0,0,1,14,0,1,1,0,0,0,0,1,1,2,0,2,87.09,1219.26,0
3345,0,0,0,0,45,1,1,0,1,0,0,1,1,0,2,0,1,79.97,3598.65,0
3346,0,0,1,0,66,0,1,0,1,1,1,1,0,0,2,1,3,23.6,1557.6,0
3347,1,0,1,1,61,1,1,0,0,0,1,1,1,1,1,1,2,56.68,3457.48,0
3348,1,0,1,0,14,1,1,0,1,0,0,0,0,0,0,0,2,103.49,1448.86,1
3349,1,0,1,1,35,0,1,0,1,1,1,0,0,1,1,1,1,119.87,4195.45,0
3350,0,1,1,1,66,1,1,0,1,0,1,1,1,1,2,0,2,63.87,4215.42,0
3351,1,0,1,0,12,0,0,0,1,1,0,1,0,0,0,1,1,107.38,1288.56,0
3352,1,0,0,1,15,0,0,0,0,0,1,1,1,0,0,0,0,117.64,1764.6,1
3353,0,0,0,1,10,0,1,0,0,1,1,0,1,0,0,0,0,91.49,914.9,1
3354,0,0,0,0,68,0,0,2,1,0,1,0,0,0,2,1,1,47.54,3232.72,0
3355,0,0,1,0,42,0,1,1,1,1,1,1,0,0,1,0,1,54.03,2269.26,1
3356,0,0,0,0,24,0,1,1,1,0,0,0,1,1,0,0,1,32.07,769.68,1
3357,0,0,0,1,11,1,0,1,1,1,0,1,1,1,1,1,3,84.62,930.82,0
3358,0,0,0,1,49,1,0,1,1,0,0,0,0,1,1,0,2,62.08,3041.92,0
3359,1,0,0,1,65,0,1,1,0,1,1,0,1,0,1,1,3,24.39,1585.35,0
3360,0,0,0,1,31,0,0,0,0,1,0,0,0,1,2,0,2,50.04,1551.24,0
3361,1,1,1,0,38,0,1,2,1,1,0,1,0,0,1,1,1,21.29,809.02,1
3362,0,0,0,1,24,0,0,1,1,1,0,0,1,0,0,0,0,119.68,2872.32,0
3363,0,0,0,1,41,1,0,2,1,0,0,0,0,0,0,1,0,89.63,3674.83,0
3364,1,1,0,0,41,1,0,0,0,0,1,0,0,0,1,1,1,20.4,836.4,0
3365,1,0,1,0,43,0,1,1,0,0,1,1,1,1,0,1,0,25.62,1101.66,0
3366,1,0,1,1,34,0,1,1,1,0,0,1,1,1,1,0,2,57.62,1959.08,0
3367,0,0,0,0,39,1,1,1,1,1,0,1,1,1,1,1,0,48.12,1876.68,0
3368,1,0,1,0,46,1,0,0,0,1,0,0,1,1,2,0,0,37.33,1717.18,0
3369,0,1,0,1,43,1,1,1,1,1,0,0,0,0,2,1,0,84.65,3639.95,0
3370,0,0,1,0,46,0,0,1,1,1,1,0,0,1,0,1,3,93.12,4283.52,0
3371,1,1,0,1,11,1,0,1,1,1,1,1,0,1,2,0,0,95.24,1047.64,0
3372,0,0,1,0,34,1,1,0,1,1,0,0,1,1,1,1,2,83.43,2836.62,0
3373,0,0,1,0,9,0,1,2,0,1,1,0,1,0,2,0,3,90.78,817.02,0
3374,0,0,0,1,35,1,1,0,1,1,0,1,0,0,0,1,3,36.02,1260.7,1
3375,0,0,0,0,68,1,1,2,0,0,0,1,0,0,0,0,1,105.53,7176.04,0
3376,0,0,1,0,41,0,1,2,1,0,0,0,1,1,2,0,1,44.71,1833.11,0
3377,0,1,1,0,7,1,0,1,0,0,1,1,0,0,2,0,3,101.36,709.52,0
3378,0,0,1,1,49,0,1,0,1,1,1,1,0,0,0,0,2,118.75,5818.75,1
3379,1,1,0,1,42,0,0,0,1,1,0,1,0,1,2,1,0,91.01,3822.42,0
3380,0,0,0,1,33,1,0,1,1,1,1,1,0,0,0,1,3,24.26,800.58,0
3381,1,0,1,1,21,0,1,0,0,0,0,1,1,1,2,1,0,90.24,1895.04,0
3382,1,0,1,0,42,1,0,0,1,0,1,1,1,1,2,0,3,59.25,2488.5,0
3383,0,0,1,0,64,1,0,1,0,0,0,1,0,0,0,0,2,23.42,1498.88,0
3384,1,1,0,1,66,1,0,1,1,1,1,1,0,1,0,1,2,113.46,7488.36,0
3385,1,0,0,1,62,1,1,0,0,0,1,1,1,1,0,1,2,50.96,3159.52,0
3386,1,0,0,0,20,0,1,2,0,1,0,1,0,0,2,1,0,56.97,1139.4,0
3387,1,0,1,1,4,1,1,2,1,1,1,0,0,0,1,0,3,50.59,202.36,0
3388,0,0,1,1,46,1,0,0,1,1,1,0,1,1,0,1,1,119.63,5502.98,1
3389,1,0,0,0,21,1,0,0,0,1,0,0,0,0,0,1,3,67.96,1427.16,0
3390,0,0,0,1,34,1,1,1,1,1,1,0,1,1,0,1,1,85.55,2908.7,1
3391,1,0,1,1,41,1,1,1,1,0,0,1,1,0,1,0,2,95.39,3910.99,1
3392,1,1,1,1,31,0,1,1,0,1,1,1,1,0,1,1,0,21.87,677.97,0
3393,0,0,1,1,44,0,1,0,1,1,1,0,0,1,2,1,3,98.07,4315.08,0
3394,1,0,1,0,5,1,1,1,1,0,0,0,1,1,2,0,3,38.44,192.2,0
3395,1,0,1,1,13,0,1,0,0,0,0,0,0,0,1,1,3,119.74,1556.62,0
3396,0,1,0,1,14,0,1,1,1,0,0,0,1,1,0,0,0,60.31,844.34,1
3397,1,0,0,1,18,0,0,0,0,1,1,1,1,1,2,1,0,90.31,1625.58,0
3398,1,0,0,1,5,0,1,2,1,1,1,1,0,0,1,0,1,71.41,357.05,1
3399,1,0,0,0,72,1,1,1,0,1,1,1,1,1,1,1,2,67.22,4839.84,0
3400,0,1,0,0,67,1,0,1,1,1,0,1,0,1,0,0,3,115.19,7717.73,0
3401,1,0,1,0,51,0,0,0,1,0,1,0,1,1,2,1,2,78.37,3996.87,0
3402,1,1,0,0,56,0,1,0,0,0,0,1,0,1,2,1,2,78.6,4401.6,0
3403,0,0,0,0,23,1,1,2,0,1,0,0,0,1,0,0,2,90.82,2088.86,0
3404,1,0,1,1,68,0,1,2,1,0,0,1,1,1,1,1,0,48.98,3330.64,0
3405,0,0,1,0,70,0,1,2,1,1,1,0,0,0,2,0,2,83.9,5873.0,0
3406,0,0,1,1,33,0,0,2,1,1,0,1,1,0,1,0,2,88.3,2913.9,0
3407,1,1,1,1,41,1,0,0,1,1,0,1,0,1,0,0,3,108.61,4453.01,0
3408,0,0,1,1,12,1,0,2,1,1,0,0,0,1,1,1,0,51.6,619.2,1
3409,1,1,0,0,68,1,0,1,0,1,0,1,1,0,2,0,2,81.72,5556.96,0
3410,0,0,0,1,45,1,1,2,1,0,1,0,1,0,0,0,1,20.21,909.45,0
3411,0,0,0,0,57,1,0,0,0,0,0,0,1,0,2,1,0,79.48,4530.36,1
3412,0,0,1,0,8,0,1,2,0,1,1,0,1,1,1,1,2,54.43,435.44,0
3413,1,0,0,0,9,0,1,0,0,0,0,1,1,1,1,0,1,55.61,500.49,0
3414,1,0,1,0,57,0,1,2,0,0,1,1,0,1,1,1,0,37.55,2140.35,0
3415,1,0,1,0,43,1,0,2,0,1,1,0,1,1,2,0,0,92.76,3988.68,0
3416,1,0,1,1,1,1,0,1,0,0,0,0,1,0,2,0,0,38.91,38.91,0
3417,1,1,0,0,11,1,1,1,0,1,0,0,0,1,1,1,2,77.85,856.35,0
3418,1,0,1,0,18,1,1,0,1,1,0,0,1,0,0,1,1,71.5,1287.0,1
3419,0,0,0,1,18,1,1,2,0,0,0,0,1,0,0,0,1,22.6,406.8,0
3420,1,0,1,1,47,0,0,1,1,0,0,0,1,0,2,1,0,48.35,2272.45,0
3421,1,1,1,0,4,1,0,1,0,0,1,1,1,1,1,0,3,101.81,407.24,0
3422,0,0,1,1,34,1,0,1,0,1,0,0,1,1,1,0,2,106.26,3612.84,0
3423,0,0,0,0,46,1,1,2,0,0,0,0,1,0,1,0,0,115.99,5335.54,0
3424,1,0,1,0,23,1,1,2,1,1,0,0,1,1,1,1,0,74.56,1714.88,0
3425,1,0,1,1,24,1,0,1,1,1,0,0,0,1,0,0,3,22.87,548.88,0
3426,0,0,1,1,53,1,0,2,0,0,0,0,0,0,2,0,0,118.84,6298.52,0
3427,1,0,1,1,8,0,0,1,1,0,1,0,1,0,1,1,1,108.69,869.52,1
3428,1,0,0,1,45,0,0,1,1,0,1,1,1,0,2,0,2,59.95,2697.75,0
3429,0,0,1,0,64,0,0,1,0,0,1,1,1,1,1,1,2,74.62,4775.68,0
3430,0,0,0,1,43,1,1,2,1,1,0,0,1,1,2,0,2,106.21,4567.03,0
3431,0,0,0,1,6,0,1,2,1,0,1,1,0,1,1,0,1,93.09,558.54,0
3432,0,1,1,0,4,0,1,2,0,0,0,0,1,0,1,0,2,45.47,181.88,0
3433,0,0,1,1,55,1,0,0,1,0,0,0,0,1,1,1,3,92.23,5072.65,0
3434,0,0,0,0,42,0,0,0,1,1,1,0,1,1,0,0,2,82.41,3461.22,1
3435,0,0,0,0,66,0,0,0,1,0,0,1,0,0,0,0,2,87.29,5761.14,1
3436,0,0,0,0,47,1,1,0,1,1,0,0,0,0,0,0,1,40.64,1910.08,1
3437,0,0,0,0,52,0,1,2,0,0,1,1,1,1,1,0,1,101.89,5298.28,0
3438,0,1,0,0,68,1,0,2,0,1,1,1,0,0,1,1,3,111.73,7597.64,0
3439,1,0,1,1,33,1,1,2,1,0,1,1,0,1,0,0,3,119.55,3945.15,0
3440,1,0,1,1,54,1,0,0,0,0,0,0,0,0,0,1,3,65.12,3516.48,0
3441,0,0,0,0,12,1,1,2,0,1,1,0,0,0,0,1,0,84.69,1016.28,0
3442,0,1,1,0,69,0,1,1,0,1,0,0,1,0,0,1,2,115.93,7999.17,0
3443,1,0,0,0,66,1,0,2,1,0,1,0,0,0,1,1,3,80.26,5297.16,0
3444,1,0,0,0,23,1,1,2,1,0,0,1,1,0,1,1,0,33.92,780.16,1
3445,0,0,1,0,22,0,0,0,1,0,1,0,0,0,1,1,2,36.0,792.0,0
3446,0,0,0,1,70,0,0,2,1,0,1,1,0,0,0,1,1,106.46,7452.2,0
3447,1,1,1,0,38,1,0,1,1,1,1,1,1,0,1,0,3,23.04,875.52,1
3448,0,1,1,1,10,1,1,2,1,0,1,1,0,0,0,1,1,62.37,623.7,1
3449,0,0,0,1,30,0,0,1,0,0,1,0,0,1,2,0,2,29.58,887.4,0
3450,1,0,1,0,67,0,1,0,1,1,0,0,1,1,0,1,0,117.81,7893.27,1
3451,1,0,0,0,2,1,1,1,0,0,1,1,0,0,2,1,2,63.91,127.82,0
3452,0,0,1,1,30,1,1,2,0,0,1,1,0,0,2,0,2,48.96,1468.8,0
3453,0,0,0,0,14,0,0,0,0,0,0,1,1,1,0,0,2,117.42,1643.88,1
3454,0,0,0,0,12,1,0,2,1,1,1,1,1,0,2,1,3,73.44,881.28,0
3455,0,1,0,0,55,1,1,2,1,0,0,1,0,0,0,0,0,44.02,2421.1,1
3456,0,0,0,0,11,1,1,0,1,0,0,0,0,1,1,1,2,94.77,1042.47,1
3457,0,0,1,1,46,1,0,1,0,0,0,1,0,0,1,0,0,58.04,2669.84,0
3458,1,1,1,0,72,0,1,1,0,0,0,0,0,0,0,1,2,21.96,1581.12,0
3459,0,0,1,0,53,1,0,1,1,1,0,0,0,1,1,0,3,24.38,1292.14,0
3460,0,0,1,0,22,0,0,2,0,0,0,0,1,1,1,0,0,43.27,951.94,1
3461,0,1,0,0,18,1,1,0,1,0,1,0,1,0,1,1,0,119.51,2151.18,0
3462,1,0,1,0,33,1,0,1,1,1,1,0,1,1,0,1,0,39.01,1287.33,1
3463,0,1,0,0,49,0,1,2,1,1,1,1,1,1,0,0,1,23.98,1175.02,0
3464,1,0,0,1,62,0,1,0,1,1,1,1,1,0,2,1,3,44.89,2783.18,0
3465,0,0,0,0,3,1,0,1,1,0,0,1,0,0,1,1,1,49.56,148.68,1
3466,1,1,1,0,43,1,1,2,1,1,1,0,0,1,2,0,0,61.55,2646.65,0
3467,0,0,1,1,6,1,1,0,1,1,1,1,0,0,1,1,1,76.62,459.72,0
3468,0,0,0,0,23,0,1,2,1,1,1,1,1,0,0,1,1,75.64,1739.72,1
3469,0,1,1,1,43,0,0,2,0,0,0,1,0,0,0,0,1,88.34,3798.62,0
3470,0,0,0,1,54,1,1,1,1,1,0,1,0,0,0,0,1,59.34,3204.36,0
3471,0,0,1,0,46,1,1,0,1,1,0,1,0,1,0,0,1,60.61,2788.06,1
3472,1,0,1,0,50,1,1,1,1,1,0,1,1,0,0,0,3,34.26,1713.0,0
3473,0,1,1,0,55,0,0,1,0,0,1,0,0,1,1,1,1,68.28,3755.4,0
3474,1,0,0,0,24,1,0,2,0,0,0,0,1,1,0,0,1,34.96,839.04,0
3475,0,0,0,1,37,0,1,1,0,0,1,1,0,1,1,0,2,33.75,1248.75,0
3476,1,0,0,1,43,0,0,1,1,1,0,1,1,1,1,0,0,76.78,3301.54,1
3477,1,0,0,1,43,1,1,0,0,1,0,0,0,0,1,1,0,28.13,1209.59,1
3478,1,0,1,1,67,1,0,0,0,0,0,0,1,0,1,1,2,77.94,5221.98,0
3479,0,1,1,0,47,0,0,1,0,1,0,0,0,0,2,1,2,103.19,4849.93,0
3480,1,1,1,1,20,0,1,0,0,1,0,1,1,1,1,0,1,43.72,874.4,0
3481,0,0,0,0,26,1,0,0,1,0,1,1,1,1,1,0,3,65.49,1702.74,1
3482,0,0,0,1,47,1,0,0,1,1,1,1,0,1,1,0,3,66.71,3135.37,0
3483,1,1,1,1,4,0,0,0,0,1,0,0,1,1,1,0,1,74.5,298.0,0
3484,0,0,0,0,10,0,0,2,0,0,1,0,0,1,2,1,1,32.38,323.8,0
3485,0,0,1,0,60,1,0,0,0,0,0,1,1,0,0,1,3,115.75,6945.0,0
3486,0,0,0,1,3,0,0,0,1,0,1,1,1,0,1,1,0,37.94,113.82,0
3487,1,0,0,1,37,0,0,2,1,0,1,0,0,1,2,1,3,34.32,1269.84,0
3488,1,0,1,0,46,0,0,1,1,1,1,1,1,1,2,0,0,37.69,1733.74,0
3489,1,1,1,1,3,0,0,0,0,1,0,0,1,0,2,1,2,52.16,156.48,0
3490,1,1,1,0,60,0,1,0,1,0,0,1,1,1,0,0,1,41.85,2511.0,0
3491,0,0,1,1,5,1,0,2,0,1,1,0,0,1,1,1,0,113.49,567.45,0
3492,1,0,1,0,36,1,1,2,1,1,1,0,1,1,1,0,1,113.98,4103.28,0
3493,0,1,0,1,56,0,0,2,1,1,1,1,0,1,1,0,0,41.74,2337.44,1
3494,1,0,1,1,14,0,1,2,1,0,0,0,1,0,1,1,0,48.23,675.22,0
3495,1,0,1,1,46,1,0,2,0,1,0,1,1,1,0,1,2,109.32,5028.72,0
3496,1,0,1,0,59,0,0,2,1,0,0,1,0,1,0,0,2,66.47,3921.73,0
3497,0,1,1,1,21,1,0,0,0,1,0,1,0,0,2,0,0,109.73,2304.33,0
3498,0,0,1,1,24,1,1,1,0,0,1,0,1,1,2,1,1,85.93,2062.32,0
3499,0,1,1,1,24,1,0,1,1,0,0,1,0,0,0,0,2,60.55,1453.2,0
3500,0,0,1,1,14,1,1,1,1,0,1,1,1,1,0,1,2,119.97,1679.58,1
3501,0,0,0,1,55,0,0,2,0,1,1,1,0,1,1,1,3,24.22,1332.1,0
3502,0,0,1,1,40,1,0,0,0,1,1,1,1,0,0,0,3,48.44,1937.6,0
3503,1,0,0,0,15,1,0,0,0,0,0,0,1,0,0,1,1,75.16,1127.4,0
3504,1,1,1,0,65,1,1,1,0,1,1,1,1,0,2,1,3,97.66,6347.9,0
3505,0,0,0,1,12,0,1,0,1,0,1,1,1,0,1,1,0,23.18,278.16,1
3506,1,0,1,0,61,0,1,1,1,0,1,1,0,1,0,0,3,116.51,7107.11,0
3507,1,0,0,0,43,0,0,1,1,0,0,1,1,1,2,1,1,109.84,4723.12,0
3508,0,0,1,1,3,1,0,0,1,0,0,0,1,1,0,1,2,65.49,196.47,1
3509,1,1,1,1,20,1,0,0,1,1,1,0,0,1,1,1,0,74.39,1487.8,1
3510,1,0,1,0,57,0,1,0,0,0,0,0,1,0,1,1,2,84.92,4840.44,0
3511,1,0,1,0,25,0,1,0,1,0,1,0,0,1,0,1,0,69.35,1733.75,0
3512,1,1,1,1,10,1,0,0,0,1,0,0,1,0,0,1,2,40.26,402.6,0
3513,1,0,1,1,22,1,1,0,1,1,0,0,0,0,2,0,1,37.18,817.96,0
3514,0,0,0,0,19,0,1,2,1,1,0,1,0,1,1,1,2,64.83,1231.77,0
3515,1,0,1,1,43,0,0,1,1,1,0,1,1,1,0,1,1,89.01,3827.43,1
3516,1,0,0,1,41,0,0,2,1,0,1,1,0,0,0,0,2,82.55,3384.55,0
3517,0,0,0,1,28,0,0,0,0,1,0,0,0,0,2,0,0,74.24,2078.72,0
3518,0,0,1,1,64,0,1,0,0,0,0,1,1,1,2,0,3,28.78,1841.92,0
3519,1,0,0,1,28,0,1,2,1,0,1,0,1,1,0,1,3,43.28,1211.84,0
3520,0,0,0,0,45,0,1,2,0,1,1,1,1,0,1,1,2,67.71,3046.95,0
3521,0,1,0,0,45,1,1,0,0,0,0,1,0,1,1,0,0,28.73,1292.85,0
3522,1,0,0,0,70,0,1,0,0,1,0,1,1,1,0,0,0,100.13,7009.1,0
3523,1,0,1,0,46,1,1,1,1,1,1,0,1,0,2,0,0,50.09,2304.14,0
3524,0,1,0,1,36,1,0,0,0,0,0,0,0,0,0,0,1,67.27,2421.72,1
3525,1,0,0,1,27,0,1,2,0,1,1,0,0,0,2,1,3,48.67,1314.09,1
3526,0,0,1,1,7,1,0,1,0,1,1,0,0,0,0,1,0,91.73,642.11,1
3527,0,0,0,0,36,0,0,0,0,1,0,0,1,0,2,1,2,75.75,2727.0,0
3528,0,0,1,0,2,1,0,1,0,1,1,1,0,1,0,0,3,96.28,192.56,0
3529,1,0,1,0,12,1,1,1,0,1,1,0,0,0,1,1,2,94.07,1128.84,0
3530,0,0,1,0,46,1,0,0,1,0,1,1,1,0,1,0,3,99.18,4562.28,0
3531,1,1,0,0,7,1,0,2,0,1,1,1,1,1,2,0,0,118.86,832.02,0
3532,1,0,1,0,65,1,0,2,1,0,0,1,1,1,2,1,3,26.73,1737.45,0
3533,0,0,1,0,71,1,0,0,1,1,1,1,1,1,1,1,1,92.14,6541.94,1
3534,1,0,1,1,5,0,0,1,1,0,1,1,1,1,2,1,3,117.06,585.3,0
3535,0,0,1,1,9,0,0,1,0,1,1,1,0,0,0,1,3,78.62,707.58,1
3536,0,0,1,1,58,1,1,0,1,0,0,0,1,0,1,0,3,73.31,4251.98,0
3537,1,0,0,0,25,1,0,1,1,0,1,0,0,1,1,0,2,50.77,1269.25,0
3538,1,0,1,0,47,0,1,0,1,0,1,0,0,0,2,1,3,64.85,3047.95,0
3539,0,0,1,1,23,0,1,1,0,1,1,0,0,1,1,0,3,106.85,2457.55,0
3540,0,0,0,1,51,0,0,1,0,0,0,1,0,0,2,0,1,82.66,4215.66,0
3541,1,0,0,1,52,1,0,1,0,1,0,1,1,1,0,0,1,31.9,1658.8,0
3542,0,0,1,1,67,1,0,1,0,0,1,0,1,0,1,1,1,75.67,5069.89,0
3543,0,1,0,1,28,1,1,0,0,1,0,0,1,0,2,0,0,118.59,3320.52,0
3544,0,0,0,0,70,1,1,0,1,0,1,1,0,1,0,1,3,46.79,3275.3,0
3545,0,0,0,1,48,1,1,0,0,1,1,1,1,0,2,0,3,67.56,3242.88,0
3546,1,0,0,1,43,1,0,1,1,0,0,1,1,0,2,0,2,103.97,4470.71,0
3547,1,0,1,0,7,1,1,0,1,1,1,0,0,1,2,1,1,67.78,474.46,0
3548,0,0,1,0,3,0,1,2,1,0,0,0,1,0,2,0,3,74.33,222.99,0
3549,1,1,1,1,41,0,0,1,0,0,0,0,1,1,0,0,0,28.41,1164.81,1
3550,0,1,1,1,49,0,0,2,1,1,1,0,1,0,1,0,1,55.57,2722.93,1
3551,1,0,1,1,41,1,0,0,0,1,0,0,0,1,2,1,1,82.99,3402.59,0
3552,1,0,0,0,5,0,0,2,1,1,1,0,0,1,0,0,3,71.91,359.55,1
3553,1,0,0,0,55,1,1,0,1,1,0,0,1,0,0,0,3,54.88,3018.4,0
3554,0,0,0,1,28,0,1,1,0,1,0,1,0,1,0,1,1,62.57,1751.96,0
3555,1,0,1,0,41,1,1,1,0,0,0,0,1,1,2,1,0,74.16,3040.56,0
3556,0,0,1,0,34,1,1,0,0,0,1,0,1,0,2,0,0,49.55,1684.7,0
3557,1,0,1,1,49,1,1,0,0,1,0,1,0,1,0,1,1,59.82,2931.18,1
3558,1,0,0,0,19,0,0,0,1,0,0,1,0,1,2,0,2,57.34,1089.46,0
3559,0,1,0,0,3,1,1,1,0,1,1,0,0,0,2,1,0,55.4,166.2,0
3560,1,0,0,0,14,1,0,2,0,1,0,1,0,1,1,1,0,29.2,408.8,0
3561,0,0,0,1,9,1,0,0,1,1,1,1,0,1,1,1,3,52.91,476.19,0
3562,1,0,0,0,22,1,0,1,1,0,1,1,1,0,0,0,1,50.21,1104.62,0
3563,1,0,0,1,32,0,1,2,1,1,0,0,1,0,1,0,1,98.6,3155.2,0
3564,1,1,0,1,11,1,0,1,1,0,0,0,0,1,1,0,2,66.49,731.39,0
3565,0,0,1,1,64,0,1,0,1,0,0,1,0,0,0,0,0,52.03,3329.92,0
3566,1,0,1,1,66,1,0,0,0,1,1,1,1,0,2,1,1,36.16,2386.56,0
3567,0,0,0,0,7,1,1,1,0,0,0,1,1,0,1,1,3,92.79,649.53,1
3568,0,0,1,1,1,0,0,1,0,0,1,0,0,1,1,1,1,30.29,30.29,0
3569,1,0,1,0,28,1,0,2,1,1,1,0,0,1,2,1,1,88.08,2466.24,0
3570,1,0,0,1,33,1,1,0,1,0,1,0,1,0,0,0,2,91.89,3032.37,0
3571,1,0,1,1,56,1,1,2,0,0,1,1,0,0,0,1,2,85.33,4778.48,0
3572,1,0,1,1,36,0,0,0,1,1,0,0,1,0,0,0,2,44.44,1599.84,0
3573,0,1,1,0,56,1,1,1,1,1,0,0,0,0,2,0,3,59.86,3352.16,0
3574,0,0,1,0,21,0,1,1,0,1,0,0,0,1,2,0,0,55.98,1175.58,0
3575,1,0,0,0,68,0,0,0,0,0,0,0,0,0,0,1,1,23.18,1576.24,0
3576,0,0,0,0,48,0,1,1,0,1,0,0,0,1,2,1,0,48.12,2309.76,0
3577,1,0,1,0,69,0,1,2,0,1,1,0,1,0,2,0,0,65.91,4547.79,0
3578,1,0,0,1,21,0,1,1,0,1,1,1,0,1,0,0,3,79.32,1665.72,0
3579,1,0,1,0,71,0,1,0,1,1,0,0,0,0,0,0,3,33.18,2355.78,0
3580,1,1,0,1,47,0,1,2,0,1,0,0,1,1,1,1,3,42.76,2009.72,0
3581,1,0,0,1,18,0,1,0,1,1,1,0,0,1,1,1,1,48.13,866.34,0
3582,1,0,1,1,54,1,0,1,0,1,0,0,0,0,1,0,3,113.44,6125.76,0
3583,0,0,0,0,21,0,1,0,1,1,0,1,1,0,0,0,2,79.77,1675.17,0
3584,0,1,0,0,8,0,1,0,1,1,1,0,1,1,2,1,3,85.68,685.44,0
3585,0,0,1,0,15,0,1,1,0,0,1,1,0,1,2,1,0,49.18,737.7,1
3586,1,0,1,1,43,0,1,0,1,1,0,0,1,0,2,0,3,55.72,2395.96,0
3587,0,0,0,0,52,0,0,1,0,0,1,1,1,1,1,1,3,87.57,4553.64,0
3588,1,1,0,0,29,0,0,2,0,1,1,1,1,0,1,1,2,105.97,3073.13,0
3589,1,0,1,0,35,0,1,1,0,0,1,0,1,1,1,1,2,46.05,1611.75,0
3590,0,0,1,1,72,1,0,1,0,1,0,0,1,0,0,0,3,23.64,1702.08,1
3591,1,0,0,0,27,0,1,0,1,0,0,1,0,1,1,1,0,47.69,1287.63,1
3592,1,0,1,0,5,1,1,0,1,0,0,1,0,1,1,1,2,113.8,569.0,1
3593,1,0,0,1,32,1,1,2,0,1,0,0,1,1,1,1,1,32.21,1030.72,0
3594,1,0,0,1,68,0,1,2,0,0,0,0,1,1,0,0,3,69.74,4742.32,1
3595,0,0,0,1,63,1,1,1,0,1,0,0,0,1,2,0,0,37.18,2342.34,0
3596,1,0,1,0,23,0,1,0,1,0,0,1,0,1,0,1,3,80.3,1846.9,1
3597,1,1,1,1,26,0,0,1,1,1,1,1,0,1,1,1,0,53.19,1382.94,0
3598,1,0,0,1,7,1,1,1,1,0,1,0,1,0,2,1,2,72.14,504.98,0
3599,1,0,1,0,33,1,1,1,1,0,0,0,0,0,1,1,2,86.29,2847.57,0
3600,1,0,1,1,30,1,1,0,1,1,0,0,0,0,2,1,0,51.68,1550.4,0
3601,1,0,0,0,5,1,1,1,1,0,1,0,1,1,2,1,1,27.13,135.65,0
3602,1,1,0,0,61,1,0,2,1,0,1,0,1,1,0,1,2,74.57,4548.77,0
3603,1,1,0,0,23,0,1,1,1,0,0,0,1,1,1,1,1,90.78,2087.94,0
3604,0,1,0,1,47,0,0,0,0,1,0,0,1,1,0,1,2,92.31,4338.57,0
3605,0,1,1,1,9,1,0,0,1,0,1,1,1,0,1,1,0,112.36,1011.24,0
3606,0,0,0,1,30,0,0,2,0,0,1,0,0,1,2,0,1,99.65,2989.5,0
3607,0,0,0,1,17,0,0,0,0,0,0,1,0,0,0,1,1,28.89,491.13,1
3608,0,0,1,0,45,1,1,1,0,1,1,1,1,0,0,1,3,65.48,2946.6,0
3609,1,1,1,1,56,1,0,1,0,1,1,1,1,1,1,0,1,83.39,4669.84,1
3610,1,0,0,0,21,1,0,0,1,1,1,0,1,1,1,0,0,64.12,1346.52,0
3611,0,0,0,1,62,1,1,2,0,0,0,0,0,1,1,0,0,72.67,4505.54,0
3612,0,1,1,1,17,0,0,0,1,0,0,0,0,0,2,0,2,49.76,845.92,0
3613,0,0,0,0,24,0,1,0,0,1,0,1,0,1,2,0,2,73.28,1758.72,0
3614,0,1,1,1,2,1,1,2,0,1,1,0,0,1,1,0,2,107.72,215.44,0
3615,0,1,0,1,50,1,1,2,1,1,0,1,0,0,1,1,3,45.45,2272.5,0
3616,0,0,0,0,29,1,1,0,0,0,1,1,0,0,1,0,0,115.04,3336.16,0
3617,1,0,0,0,11,1,1,0,0,0,0,0,0,0,2,0,0,56.51,621.61,0
3618,0,0,1,1,56,1,0,0,0,0,0,0,0,1,0,0,3,66.2,3707.2,0
3619,1,0,0,0,40,1,1,2,1,1,1,1,0,1,2,0,1,94.94,3797.6,0
3620,0,1,1,0,65,0,1,0,1,0,1,1,1,1,1,1,3,58.84,3824.6,0
3621,1,0,0,0,25,1,1,2,0,1,1,1,0,1,2,1,2,88.72,2218.0,0
3622,0,0,1,0,54,1,1,1,0,1,0,0,1,1,0,1,1,73.94,3992.76,0
3623,1,0,0,0,30,1,0,1,0,0,0,1,1,0,0,1,2,49.61,1488.3,1
3624,1,1,1,1,17,1,1,2,0,0,0,0,1,0,0,0,2,56.34,957.78,0
3625,0,1,0,1,45,0,0,2,1,1,0,1,0,1,2,0,1,76.16,3427.2,0
3626,0,0,0,1,45,1,1,1,1,1,1,1,1,0,0,1,0,20.96,943.2,1
3627,1,0,1,1,1,0,0,2,0,1,1,1,1,1,1,1,2,93.52,93.52,0
3628,0,0,1,1,26,0,0,0,1,1,0,0,1,0,0,1,2,87.52,2275.52,0
3629,1,0,0,1,7,1,1,2,0,0,0,1,0,0,2,1,1,77.29,541.03,0
3630,1,1,0,0,33,0,1,2,1,1,0,0,1,0,1,0,2,39.88,1316.04,0
3631,1,0,0,1,57,0,0,2,0,0,1,1,0,0,1,1,0,82.31,4691.67,1
3632,1,1,1,0,20,1,0,2,0,0,0,0,1,0,1,0,3,85.06,1701.2,1
3633,0,0,1,1,25,0,1,1,0,1,0,1,0,0,0,1,1,113.18,2829.5,1
3634,0,0,0,0,37,1,1,0,0,0,0,0,0,1,1,1,0,114.11,4222.07,0
3635,0,0,1,1,43,1,0,2,0,1,1,0,0,0,0,1,3,91.0,3913.0,0
3636,0,0,0,1,49,0,1,0,1,1,0,1,1,1,2,1,2,27.1,1327.9,0
3637,1,0,0,0,14,1,0,2,0,0,1,1,0,0,0,1,1,22.4,313.6,1
3638,0,0,1,0,72,0,1,1,1,0,0,0,0,1,0,1,0,59.53,4286.16,0
3639,0,1,1,0,23,0,0,0,1,1,1,0,1,0,1,1,1,76.15,1751.45,0
3640,1,0,0,1,14,0,1,0,1,0,1,1,0,0,0,1,1,108.99,1525.86,1
3641,0,0,0,0,38,0,1,1,1,1,0,0,0,1,0,0,1,107.72,4093.36,0
3642,0,0,1,1,4,1,1,0,0,0,1,1,1,1,2,1,3,95.51,382.04,0
3643,0,0,0,1,63,0,1,1,1,1,1,0,1,0,0,1,3,25.49,1605.87,1
3644,1,0,0,1,58,0,0,0,0,1,1,0,1,0,1,0,1,98.75,5727.5,1
3645,0,0,0,1,42,0,0,2,0,0,1,1,0,0,1,0,0,45.93,1929.06,0
3646,1,0,1,0,64,1,0,1,1,1,0,1,0,0,2,1,2,70.04,4482.56,0
3647,0,1,1,0,47,1,1,1,1,0,0,1,1,1,0,1,1,93.36,4387.92,0
3648,0,0,0,1,17,0,1,2,0,0,0,0,0,0,2,1,0,40.43,687.31,0
3649,0,0,1,1,67,0,1,2,0,1,1,1,1,0,1,1,2,116.12,7780.04,0
3650,0,0,0,1,53,1,0,1,0,0,1,0,1,1,0,0,0,55.44,2938.32,1
3651,1,0,0,1,35,1,0,2,1,0,1,1,1,0,2,0,1,62.87,2200.45,0
3652,1,0,0,1,57,1,1,0,0,1,0,0,0,0,0,0,3,91.15,5195.55,0
3653,0,0,0,1,69,1,1,0,1,0,1,1,1,1,2,1,2,24.85,1714.65,0
3654,0,0,0,1,41,0,1,1,0,0,1,0,0,1,2,1,3,56.38,2311.58,0
3655,1,0,1,1,45,0,1,2,0,1,0,1,1,1,2,0,3,94.2,4239.0,0
3656,0,0,0,1,19,0,1,2,1,1,0,0,1,0,0,1,3,49.24,935.56,0
3657,0,1,1,1,57,0,1,2,0,0,1,0,0,0,1,0,3,118.65,6763.05,0
3658,0,0,0,1,68,1,1,1,1,1,1,0,1,1,2,1,0,60.52,4115.36,0
3659,1,0,0,0,46,0,1,2,1,0,0,0,0,0,1,0,3,109.44,5034.24,0
3660,0,0,1,1,17,1,1,1,1,1,0,0,0,1,0,0,2,91.66,1558.22,1
3661,0,0,0,0,57,1,0,0,1,1,0,0,1,1,0,0,3,34.97,1993.29,0
3662,1,0,0,1,65,0,0,1,0,0,1,0,0,1,0,0,2,49.51,3218.15,0
3663,1,0,1,0,58,0,0,0,1,1,0,0,0,1,2,1,1,41.42,2402.36,0
3664,0,0,1,0,53,0,0,2,1,0,1,0,1,1,2,0,0,46.4,2459.2,0
3665,0,0,0,0,56,0,0,2,0,1,0,0,0,0,2,0,1,43.16,2416.96,0
3666,1,0,1,0,66,1,0,1,1,1,0,1,0,0,1,0,0,47.11,3109.26,0
3667,0,0,0,0,30,0,1,0,1,1,1,1,1,0,0,0,1,91.11,2733.3,1
3668,0,0,0,1,45,0,0,0,0,1,1,0,1,1,1,1,3,35.85,1613.25,0
3669,0,0,0,1,49,1,1,1,1,0,1,0,0,1,2,0,3,26.09,1278.41,0
3670,1,0,1,0,65,1,1,2,1,0,0,1,1,1,0,0,1,49.47,3215.55,1
3671,0,0,1,1,71,0,0,1,1,0,1,0,0,0,2,1,1,25.47,1808.37,0
3672,0,1,0,0,8,0,0,0,0,0,0,0,0,0,0,0,3,80.55,644.4,1
3673,1,0,1,0,45,1,1,0,0,0,1,1,1,0,0,0,3,22.4,1008.0,1
3674,1,0,0,1,16,0,0,1,1,0,0,1,0,1,1,0,1,56.98,911.68,0
3675,1,0,1,1,29,0,0,0,1,0,0,1,1,0,1,1,0,86.02,2494.58,0
3676,0,0,1,0,48,1,0,2,1,0,1,1,0,0,2,0,0,74.54,3577.92,0
3677,1,0,0,0,71,0,0,2,1,0,0,1,1,1,1,0,1,60.98,4329.58,0
3678,0,0,0,1,28,0,0,0,1,1,0,0,1,0,0,1,0,61.9,1733.2,0
3679,1,1,0,0,32,1,0,0,1,0,0,0,1,1,1,1,1,27.96,894.72,1
3680,1,0,1,0,7,0,0,2,1,0,1,0,0,1,0,0,0,85.01,595.07,1
3681,1,0,0,0,55,0,0,1,1,1,1,1,1,0,1,0,2,119.59,6577.45,0
3682,1,0,1,1,12,0,0,2,0,1,0,0,0,1,2,1,3,67.58,810.96,0
3683,1,1,0,1,29,0,1,0,0,0,0,0,0,1,1,1,0,23.96,694.84,1
3684,0,1,0,1,16,0,0,2,0,1,0,0,1,0,1,0,3,51.3,820.8,0
3685,1,1,0,0,65,1,1,1,1,1,0,1,1,1,0,1,2,117.33,7626.45,1
3686,0,0,1,1,37,0,0,0,0,1,0,1,1,0,1,0,2,28.3,1047.1,1
3687,0,0,1,1,8,0,1,2,0,1,1,1,1,1,0,1,1,102.06,816.48,0
3688,1,1,0,1,23,0,0,2,0,0,1,0,1,1,1,1,2,80.63,1854.49,1
3689,1,1,1,1,56,1,0,1,1,1,1,1,1,0,2,1,3,43.68,2446.08,0
3690,1,0,0,0,40,0,1,1,1,1,1,0,0,0,2,0,1,38.66,1546.4,0
3691,0,0,1,0,39,0,1,0,1,1,0,1,1,1,2,0,3,64.91,2531.49,0
3692,0,0,1,1,18,1,0,1,1,0,1,1,0,0,2,0,1,48.94,880.92,0
3693,0,0,1,0,27,0,1,2,1,0,0,1,0,1,1,1,3,90.77,2450.79,0
3694,1,0,1,0,64,0,1,0,0,1,0,1,1,0,0,0,3,20.67,1322.88,1
3695,0,0,0,0,4,0,1,1,1,1,0,1,0,0,0,1,0,48.56,194.24,1
3696,1,1,1,0,39,1,0,1,0,1,1,0,1,1,0,1,1,67.67,2639.13,0
3697,1,0,1,0,15,1,1,2,1,0,1,0,1,1,0,1,2,21.22,318.3,0
3698,1,0,0,0,51,0,0,1,0,0,0,0,0,0,0,0,2,92.79,4732.29,0
3699,0,0,0,1,22,1,0,2,0,0,1,0,1,0,0,0,1,55.39,1218.58,1
3700,0,0,0,0,56,0,0,0,1,1,0,0,1,1,1,0,3,63.48,3554.88,0
3701,1,0,0,1,39,1,0,0,1,0,0,0,1,0,1,0,1,68.04,2653.56,0
3702,1,0,0,1,23,0,0,1,0,1,0,1,0,1,2,1,0,45.53,1047.19,1
3703,1,0,1,0,19,0,0,0,1,0,0,1,0,1,2,1,3,114.78,2180.82,0
3704,0,0,1,1,6,0,0,0,0,0,0,1,1,0,0,0,2,103.99,623.94,0
3705,0,0,0,0,11,1,1,1,1,1,0,1,1,1,0,1,3,57.65,634.15,0
3706,1,0,0,0,47,0,0,0,1,0,1,0,1,1,2,1,2,71.1,3341.7,0
3707,0,0,0,0,63,0,0,1,0,0,0,0,0,1,1,0,1,41.98,2644.74,1
3708,0,0,1,1,68,0,0,1,0,1,1,1,1,1,2,0,2,53.66,3648.88,0
3709,1,0,1,1,32,0,1,2,1,0,1,0,0,0,0,1,1,24.3,777.6,1
3710,0,0,1,1,39,0,0,1,1,0,1,0,1,1,2,1,2,95.96,3742.44,0
3711,0,0,0,1,62,1,1,0,1,0,1,1,1,1,2,1,0,96.32,5971.84,0
3712,0,0,0,0,10,0,0,0,1,1,0,1,0,1,2,1,1,99.0,990.0,0
3713,0,1,0,0,24,0,1,0,0,0,1,0,1,1,0,0,1,26.74,641.76,1
3714,0,0,1,0,35,0,0,2,0,0,1,0,0,0,1,0,0,106.56,3729.6,0
3715,1,0,1,0,62,0,1,1,0,1,1,1,0,0,0,1,3,59.49,3688.38,1
3716,1,1,1,0,60,1,0,1,1,1,1,0,0,1,2,0,2,76.71,4602.6,0
3717,0,0,1,1,63,0,1,2,1,1,1,0,0,0,1,1,0,32.68,2058.84,0
3718,1,1,1,0,71,1,0,0,1,0,1,1,1,1,0,0,3,90.17,6402.07,0
3719,1,0,1,0,8,0,1,0,0,1,1,1,1,0,0,1,2,40.4,323.2,0
3720,0,0,1,1,66,0,1,2,1,1,0,0,1,0,1,1,1,70.93,4681.38,0
3721,0,0,1,1,7,1,1,0,0,0,1,1,0,0,2,0,3,105.57,738.99,0
3722,0,0,0,1,4,1,1,0,1,1,0,1,0,0,1,1,1,101.31,405.24,0
3723,1,1,0,0,41,1,0,2,1,0,0,0,0,0,2,0,1,102.69,4210.29,0
3724,0,0,1,1,69,1,1,1,0,1,0,1,1,0,0,1,3,67.24,4639.56,0
3725,0,1,1,0,24,0,0,0,0,0,1,0,1,0,1,1,2,50.88,1221.12,0
3726,0,0,0,1,65,0,0,0,1,0,1,1,0,0,2,0,3,69.27,4502.55,0
3727,1,0,1,1,57,1,1,0,0,0,1,1,1,1,1,1,1,51.0,2907.0,0
3728,0,0,1,0,61,1,1,2,1,0,0,0,1,1,1,0,1,62.09,3787.49,0
3729,0,1,1,0,44,1,1,0,1,0,1,1,0,1,2,0,3,83.87,3690.28,0
3730,1,0,1,1,38,1,1,2,0,1,1,0,1,0,1,0,0,70.71,2686.98,0
3731,1,0,0,1,59,1,1,2,0,0,1,1,1,0,0,0,3,77.6,4578.4,0
3732,0,0,1,1,12,1,1,1,0,1,0,0,1,1,2,0,2,92.51,1110.12,1
3733,1,1,0,1,26,0,1,1,1,1,1,0,1,1,2,1,3,49.97,1299.22,0
3734,1,0,0,1,40,1,0,2,1,1,1,1,1,1,0,0,0,24.67,986.8,0
3735,1,0,0,1,49,1,0,0,0,0,1,0,0,1,0,1,3,43.57,2134.93,1
3736,1,1,0,0,35,1,0,1,0,0,1,1,1,1,1,0,2,100.72,3525.2,0
3737,0,0,0,0,66,0,1,0,1,0,0,1,0,1,1,1,3,101.45,6695.7,0
3738,1,0,0,1,31,1,1,0,0,0,1,0,1,1,1,0,2,79.89,2476.59,0
3739,1,0,1,0,45,0,0,0,1,0,0,1,1,0,0,1,1,60.61,2727.45,0
3740,1,0,0,0,57,1,0,1,1,1,0,0,1,0,0,1,3,24.19,1378.83,0
3741,1,1,1,1,60,1,0,2,0,0,1,0,0,1,2,0,1,86.92,5215.2,0
3742,1,0,0,0,45,1,0,2,0,0,1,1,0,0,1,1,2,86.09,3874.05,0
3743,1,0,0,1,7,0,1,2,0,0,0,0,0,1,0,0,0,75.43,528.01,0
3744,0,0,0,1,53,1,1,0,1,1,1,0,1,0,0,1,3,83.49,4424.97,0
3745,1,0,0,0,59,1,1,2,1,1,1,0,0,1,0,0,1,109.37,6452.83,0
3746,1,0,0,1,67,0,1,2,0,1,0,0,1,1,0,1,0,107.58,7207.86,1
3747,0,0,0,1,63,0,1,0,0,1,1,0,1,0,1,0,0,64.73,4077.99,1
3748,0,0,0,0,55,1,0,0,1,1,0,1,0,0,2,1,0,113.18,6224.9,0
3749,0,0,0,1,42,1,0,1,1,0,1,1,1,0,2,0,3,60.15,2526.3,0
3750,0,0,0,1,68,1,1,1,0,1,1,0,0,1,0,1,3,66.97,4553.96,0
3751,0,0,1,0,62,1,0,1,0,0,0,1,1,1,0,1,3,77.1,4780.2,1
3752,1,0,0,1,69,0,0,2,0,0,1,0,0,1,0,0,1,54.49,3759.81,0
3753,1,0,0,1,56,1,0,1,1,0,1,0,1,1,0,0,3,32.53,1821.68,0
3754,0,0,0,1,63,0,1,0,1,0,0,0,0,1,2,1,0,43.67,2751.21,0
3755,1,0,1,1,39,0,0,1,0,1,1,1,0,0,2,1,3,28.23,1100.97,0
3756,1,0,1,1,32,0,0,2,0,1,0,0,0,0,0,0,1,64.38,2060.16,1
3757,1,0,1,0,17,0,0,0,1,1,0,1,1,1,2,1,3,93.12,1583.04,1
3758,0,0,1,1,25,0,0,0,1,0,0,1,0,1,1,1,2,114.01,2850.25,0
3759,1,1,0,0,29,1,1,0,1,1,0,1,1,1,1,1,0,33.72,977.88,0
3760,0,0,1,1,8,1,1,0,0,0,0,1,1,1,2,0,3,47.98,383.84,0
3761,0,1,1,0,26,1,0,0,0,1,0,1,1,1,2,0,1,101.83,2647.58,0
3762,1,1,0,0,49,1,1,0,1,1,1,1,0,0,0,0,1,74.32,3641.68,0
3763,0,0,0,0,66,1,0,2,0,0,1,1,1,0,2,0,3,74.97,4948.02,0
3764,1,0,0,0,12,1,0,2,1,0,1,1,0,1,1,1,1,20.32,243.84,0
3765,0,1,0,1,5,0,0,2,1,1,1,0,1,1,1,0,1,32.36,161.8,0
3766,1,0,0,1,62,0,1,0,0,1,1,1,1,0,2,0,2,101.97,6322.14,0
3767,0,0,1,1,42,1,0,1,1,0,0,0,0,1,1,0,1,108.13,4541.46,0
3768,0,0,0,1,16,1,1,1,1,1,1,0,1,1,0,1,2,91.78,1468.48,0
3769,1,1,0,1,33,1,0,2,1,1,0,1,0,0,0,0,2,39.08,1289.64,0
3770,1,0,0,1,62,1,0,1,1,1,0,0,0,1,0,1,1,105.44,6537.28,0
3771,0,0,0,1,35,0,0,1,0,0,0,1,1,0,1,0,2,67.16,2350.6,0
3772,1,0,1,1,66,1,0,1,1,1,0,1,0,1,1,1,2,102.33,6753.78,0
3773,0,0,1,0,7,1,1,1,1,0,1,1,1,0,1,0,0,57.67,403.69,0
3774,0,0,0,0,17,1,0,2,1,0,1,0,0,1,1,0,0,105.9,1800.3,0
3775,0,0,1,1,65,0,1,0,1,1,0,0,0,1,1,0,3,82.04,5332.6,0
3776,1,0,0,1,19,1,0,1,1,0,1,0,0,0,2,0,2,54.78,1040.82,0
3777,0,0,0,0,41,1,0,0,1,1,1,1,0,0,0,0,2,67.58,2770.78,1
3778,0,0,1,1,60,0,0,2,0,0,1,0,0,1,0,1,0,108.64,6518.4,0
3779,1,0,1,0,1,0,1,0,1,0,1,1,1,1,1,0,3,37.64,37.64,0
3780,1,0,0,1,27,1,1,1,0,1,1,0,1,1,1,1,2,88.42,2387.34,0
3781,0,1,1,0,62,0,0,1,0,0,1,0,1,0,1,1,0,33.94,2104.28,1
3782,0,0,1,0,21,1,1,2,0,0,1,1,0,0,1,1,0,96.69,2030.49,0
3783,0,0,1,1,18,1,1,1,1,1,1,1,1,1,1,0,1,97.06,1747.08,0
3784,0,0,0,1,20,0,0,1,0,1,1,0,0,0,1,1,1,62.35,1247.0,0
3785,1,1,0,1,6,1,0,1,1,0,1,1,1,1,0,0,0,59.52,357.12,0
3786,0,0,0,1,4,0,0,1,1,0,0,1,1,0,0,1,2,99.44,397.76,0
3787,0,0,0,1,61,0,1,0,0,1,0,0,0,1,2,1,1,62.25,3797.25,0
3788,0,0,0,0,51,1,0,1,1,1,0,1,1,0,1,1,0,111.79,5701.29,0
3789,0,0,0,1,72,0,0,0,1,0,0,1,0,0,2,1,0,49.96,3597.12,0
3790,0,0,1,1,31,0,1,0,1,0,0,1,1,1,0,1,1,71.55,2218.05,0
3791,1,0,1,1,44,0,1,2,0,0,1,1,0,1,0,1,0,78.33,3446.52,0
3792,1,1,0,0,8,1,1,1,0,0,1,0,1,1,0,1,0,99.93,799.44,0
3793,0,0,1,1,42,0,1,0,0,0,1,1,1,1,2,0,0,103.99,4367.58,0
3794,0,0,1,1,31,1,1,1,1,0,0,0,0,0,1,1,0,37.72,1169.32,0
3795,0,0,0,0,25,0,1,1,1,1,1,0,0,1,2,0,2,34.31,857.75,0
3796,0,0,1,0,55,1,0,2,0,1,1,0,1,1,2,0,3,60.23,3312.65,0
3797,0,0,0,1,56,1,1,2,1,1,1,0,1,0,0,0,2,68.85,3855.6,0
3798,1,0,0,1,40,1,0,1,1,0,1,0,1,1,2,1,2,50.61,2024.4,1
3799,0,0,1,0,58,0,1,1,0,1,1,0,0,1,0,0,0,57.87,3356.46,0
3800,1,0,1,1,69,1,1,2,0,0,0,1,0,0,1,0,3,82.34,5681.46,0
3801,0,0,1,0,42,0,1,1,1,1,0,1,0,0,0,0,3,116.48,4892.16,0
3802,1,0,1,1,41,0,1,0,1,0,1,0,1,0,1,0,2,108.29,4439.89,0
3803,0,0,1,1,62,1,0,0,1,0,1,1,0,0,2,1,1,89.34,5539.08,0
3804,0,0,1,1,9,1,0,1,1,0,0,1,0,1,0,0,3,71.77,645.93,0
3805,0,1,1,1,68,1,1,2,1,1,1,0,0,1,1,0,2,24.15,1642.2,0
3806,0,0,0,0,17,0,1,2,1,0,1,0,0,0,1,0,3,77.52,1317.84,0
3807,0,0,0,0,35,0,0,0,0,1,1,1,0,1,1,1,0,59.22,2072.7,0
3808,0,0,1,1,44,1,0,0,1,1,0,1,0,1,0,1,3,33.35,1467.4,0
3809,1,1,0,0,48,0,1,1,0,0,1,0,1,1,1,0,0,48.09,2308.32,0
3810,1,0,1,0,16,1,0,0,0,1,0,1,1,0,2,0,2,85.14,1362.24,0
3811,1,0,1,1,25,1,1,0,1,0,1,1,0,1,2,0,3,97.15,2428.75,0
3812,0,0,1,1,51,0,1,2,0,1,0,0,0,0,0,0,3,98.39,5017.89,1
3813,1,0,1,0,14,1,1,2,1,1,0,0,1,1,1,1,2,108.41,1517.74,0
3814,1,0,0,1,30,0,0,2,0,0,0,0,1,0,1,1,2,111.64,3349.2,1
3815,1,0,1,1,71,0,0,0,1,1,0,1,0,0,2,1,0,52.63,3736.73,0
3816,1,0,1,0,38,1,0,0,0,1,1,0,0,1,1,0,2,59.68,2267.84,0
3817,1,0,0,0,31,1,1,2,0,1,1,0,1,0,0,0,2,113.74,3525.94,1
3818,1,0,0,0,20,0,0,2,0,0,0,0,1,0,2,1,3,67.88,1357.6,0
3819,1,0,0,0,35,0,1,1,1,0,0,1,1,1,1,0,1,24.15,845.25,0
3820,1,1,1,1,49,1,1,1,1,1,1,1,1,0,0,1,3,54.38,2664.62,0
3821,1,0,1,1,45,1,0,0,0,1,0,1,1,0,1,0,3,119.84,5392.8,0
3822,0,1,0,1,27,0,0,2,1,1,1,1,1,0,1,1,3,66.84,1804.68,0
3823,0,0,1,1,21,0,1,1,1,0,0,1,0,0,0,1,3,100.44,2109.24,0
3824,1,0,0,0,66,1,0,1,1,0,1,0,1,1,1,0,0,56.28,3714.48,0
3825,1,0,0,1,33,1,0,1,0,1,1,0,0,0,1,1,2,28.27,932.91,0
3826,1,1,0,0,1,1,1,1,0,0,0,1,0,0,0,0,2,67.2,67.2,0
3827,1,0,1,1,62,0,1,0,0,0,0,1,1,1,0,1,3,59.52,3690.24,1
3828,1,0,0,1,52,1,1,1,1,0,0,1,1,1,0,0,1,56.56,2941.12,0
3829,1,0,1,0,33,0,0,1,0,0,1,1,1,0,0,0,1,91.75,3027.75,0
3830,1,0,1,1,10,1,1,2,1,1,1,1,0,1,0,0,3,74.46,744.6,1
3831,0,0,0,1,30,0,0,2,0,1,1,0,0,0,0,0,3,49.25,1477.5,0
3832,0,0,1,0,32,0,1,1,0,0,0,0,0,0,1,1,1,47.46,1518.72,0
3833,1,0,0,1,9,0,1,0,1,0,0,0,1,0,1,1,3,94.93,854.37,1
3834,0,0,1,1,21,1,1,1,1,1,0,0,1,0,1,0,0,47.96,1007.16,0
3835,0,0,0,1,1,0,1,1,1,0,1,0,1,0,1,0,1,107.72,107.72,0
3836,1,1,1,0,63,1,0,2,1,1,1,1,0,1,1,1,0,63.44,3996.72,1
3837,0,1,1,1,72,0,1,1,0,0,1,0,0,1,0,1,3,45.68,3288.96,0
3838,0,0,0,0,52,0,1,2,1,0,1,0,0,0,0,0,3,53.79,2797.08,0
3839,0,0,0,0,70,1,0,1,1,0,0,0,0,1,2,1,1,79.58,5570.6,0
3840,1,0,1,1,56,0,0,0,0,0,1,1,1,1,1,1,2,111.06,6219.36,0
3841,1,1,0,1,47,1,1,1,1,1,0,0,0,0,0,1,1,49.55,2328.85,0
3842,1,0,1,1,20,1,1,0,1,1,0,0,1,1,2,1,2,94.77,1895.4,0
3843,1,0,1,1,29,1,1,0,0,0,1,1,1,0,2,1,0,73.17,2121.93,0
3844,0,0,1,1,66,0,0,0,0,0,1,1,0,0,0,1,0,113.52,7492.32,1
3845,0,0,1,0,49,1,0,2,0,0,0,1,1,0,0,1,1,46.12,2259.88,1
3846,0,1,1,0,19,0,0,2,1,1,0,0,0,1,1,1,1,36.31,689.89,0
3847,1,0,1,0,64,1,0,1,0,1,1,1,1,1,1,0,1,92.49,5919.36,0
3848,1,0,1,1,14,1,0,0,0,1,0,1,0,1,2,1,3,117.71,1647.94,0
3849,0,0,0,1,20,0,1,1,0,0,1,0,1,1,0,1,0,105.94,2118.8,0
3850,1,0,0,0,51,1,0,2,1,1,0,1,1,0,0,1,0,29.36,1497.36,0
3851,0,0,0,0,24,1,0,2,0,1,1,1,0,1,2,0,1,105.56,2533.44,0
3852,0,0,0,0,60,0,0,1,1,1,0,0,0,0,2,1,3,105.07,6304.2,0
3853,1,0,1,0,36,0,1,0,0,0,1,0,0,0,2,0,1,98.8,3556.8,0
3854,0,0,1,1,56,1,1,1,0,1,0,1,0,1,0,1,0,105.97,5934.32,0
3855,1,0,0,1,51,0,0,1,0,0,1,1,0,1,0,1,2,39.7,2024.7,1
3856,1,0,1,0,3,1,1,0,1,0,0,1,1,1,1,0,2,55.23,165.69,1
3857,0,0,0,1,42,1,0,0,0,1,0,1,0,0,2,0,0,81.21,3410.82,0
3858,0,0,1,1,22,1,0,1,0,1,0,0,0,1,2,1,0,79.6,1751.2,0
3859,0,0,1,0,9,0,0,1,1,0,0,1,1,0,1,0,3,55.12,496.08,0
3860,1,1,1,0,28,1,0,2,0,1,1,0,0,1,0,0,0,104.38,2922.64,0
3861,0,0,0,1,34,0,1,2,0,1,1,1,1,0,1,1,3,85.66,2912.44,0
3862,0,0,0,0,58,1,1,1,1,1,1,0,0,1,0,0,1,52.67,3054.86,0
3863,0,0,1,0,20,0,1,1,0,1,0,0,1,0,1,0,2,83.25,1665.0,0
3864,0,0,0,1,52,1,0,0,1,0,1,1,1,0,0,0,3,31.22,1623.44,0
3865,0,1,1,0,7,0,1,1,0,1,0,1,0,1,2,1,1,94.44,661.08,0
3866,0,1,0,1,61,1,1,0,0,1,1,0,0,0,0,1,2,88.12,5375.32,0
3867,1,0,1,1,11,0,1,0,1,1,0,0,0,0,0,1,2,21.11,232.21,0
3868,1,0,1,0,44,1,0,1,0,1,0,1,0,0,2,0,1,67.01,2948.44,0
3869,0,1,1,0,25,1,1,1,0,0,1,1,1,0,2,0,2,29.51,737.75,0
3870,1,0,0,0,14,1,0,0,0,1,0,0,0,0,0,1,2,55.68,779.52,0
3871,0,1,0,1,43,0,0,1,0,0,1,1,0,0,1,1,0,46.88,2015.84,0
3872,0,0,0,1,6,0,1,2,1,0,0,0,0,1,2,1,3,51.31,307.86,0
3873,0,1,0,1,11,1,1,0,0,0,1,0,1,0,2,0,0,54.04,594.44,0
3874,1,1,0,0,44,1,1,0,0,1,1,0,1,0,0,0,2,48.99,2155.56,1
3875,0,0,1,0,33,1,1,0,1,1,0,0,1,1,1,0,3,35.89,1184.37,0
3876,1,0,0,0,42,0,1,2,0,1,0,0,0,0,1,0,0,24.78,1040.76,1
3877,0,1,1,1,6,0,0,2,1,1,0,0,0,0,2,1,3,68.58,411.48,0
3878,1,1,1,0,47,0,0,0,1,0,0,0,0,1,1,1,1,31.22,1467.34,1
3879,0,0,0,1,30,0,1,1,1,1,0,1,1,0,1,1,0,102.33,3069.9,1
3880,0,0,0,1,15,1,1,2,0,0,1,0,0,1,0,0,0,68.69,1030.35,0
3881,0,0,0,0,8,1,1,1,1,1,1,0,1,0,2,1,2,74.26,594.08,0
3882,1,0,1,0,37,0,1,2,0,0,1,1,0,0,1,1,2,93.29,3451.73,0
3883,1,1,0,1,70,1,1,2,1,0,0,0,1,0,2,1,1,23.96,1677.2,0
3884,1,0,1,1,57,0,0,1,0,0,0,0,1,1,1,1,3,113.82,6487.74,0
3885,0,1,0,0,31,0,1,2,0,1,0,0,1,0,1,0,1,59.02,1829.62,0
3886,0,0,0,1,68,1,1,2,0,0,0,1,0,0,1,0,3,44.7,3039.6,1
3887,1,0,0,1,23,0,0,1,0,1,1,1,1,1,2,1,3,118.34,2721.82,0
3888,1,0,1,0,58,0,0,2,0,1,1,1,0,0,0,0,1,73.24,4247.92,1
3889,1,0,1,1,50,1,0,0,1,1,1,0,1,1,2,0,1,46.69,2334.5,0
3890,1,0,1,0,69,1,1,1,1,0,0,1,1,1,1,0,3,38.88,2682.72,0
3891,1,0,1,0,25,0,1,0,0,1,1,1,1,1,1,0,0,25.88,647.0,0
3892,0,1,0,1,44,0,0,1,1,0,0,1,1,1,1,0,3,67.25,2959.0,0
3893,1,0,1,0,12,0,1,2,1,1,0,1,0,1,2,0,2,118.33,1419.96,0
3894,1,1,0,1,13,1,1,2,0,0,0,0,1,0,0,1,3,46.16,600.08,0
3895,0,0,1,0,3,0,0,0,1,0,1,0,0,0,2,0,1,91.88,275.64,0
3896,1,0,1,0,61,0,0,1,0,0,1,1,0,1,1,1,3,60.74,3705.14,0
3897,1,0,0,1,52,1,1,2,1,1,1,0,0,0,1,0,0,58.68,3051.36,0
3898,0,0,1,1,23,1,0,0,0,1,1,1,0,1,2,0,2,100.27,2306.21,0
3899,0,0,1,0,33,1,0,0,0,1,0,0,0,1,1,0,3,45.28,1494.24,0
3900,1,0,0,0,58,1,0,0,0,0,0,0,0,1,1,0,1,115.04,6672.32,0
3901,1,0,1,0,11,0,0,2,0,0,0,1,0,1,2,1,3,89.64,986.04,0
3902,1,0,1,1,8,1,0,2,0,0,1,0,0,0,1,0,3,115.33,922.64,0
3903,0,0,0,1,65,1,0,0,0,0,0,0,0,1,0,0,0,60.63,3940.95,0
3904,0,0,0,0,56,1,1,1,1,1,1,1,1,0,0,0,1,70.26,3934.56,0
3905,0,0,1,1,36,1,0,0,1,0,1,1,1,1,1,0,2,58.7,2113.2,1
3906,0,0,0,0,3,1,1,0,1,1,0,1,1,1,1,0,2,108.29,324.87,0
3907,1,0,0,1,46,0,0,0,1,0,1,0,1,1,0,1,0,51.33,2361.18,0
3908,0,0,0,1,17,0,1,2,0,0,1,1,1,1,2,1,2,103.32,1756.44,0
3909,0,0,0,1,72,1,0,1,0,1,0,1,1,1,0,1,1,63.86,4597.92,0
3910,0,0,0,1,61,0,0,0,0,0,0,1,1,1,2,1,0,34.46,2102.06,0
3911,1,1,1,1,20,1,0,0,0,1,0,0,0,1,2,1,1,55.15,1103.0,0
3912,0,0,0,1,28,0,0,2,0,1,1,0,0,1,0,1,0,80.24,2246.72,0
3913,0,0,0,0,50,0,0,0,1,1,1,0,1,0,0,0,0,41.36,2068.0,1
3914,0,0,0,0,30,1,1,1,0,0,0,0,1,0,2,1,1,21.49,644.7,0
3915,0,0,0,0,52,1,0,2,0,1,0,0,1,0,2,0,1,38.25,1989.0,0
3916,1,0,1,0,6,1,1,0,1,0,1,1,1,1,2,0,1,39.6,237.6,1
3917,1,0,0,0,63,0,0,0,1,1,0,0,0,1,0,1,3,86.47,5447.61,1
3918,1,0,1,1,3,1,1,2,1,1,0,0,1,0,0,0,0,57.39,172.17,0
3919,0,0,0,0,60,0,1,2,1,0,0,0,1,1,0,0,2,44.34,2660.4,0
3920,0,0,0,1,54,0,1,2,1,0,1,1,1,0,1,0,2,79.34,4284.36,0
3921,0,0,1,0,17,1,0,1,0,0,0,1,0,0,0,0,1,20.6,350.2,1
3922,1,0,1,1,4,1,0,0,1,1,1,0,0,0,2,0,2,114.74,458.96,0
3923,1,0,0,1,67,0,0,2,0,1,0,0,1,0,2,0,0,88.72,5944.24,0
3924,1,0,1,0,34,0,1,0,1,0,1,0,1,1,0,0,1,63.45,2157.3,0
3925,0,1,1,1,40,0,1,1,0,0,1,1,0,0,2,0,2,104.71,4188.4,0
3926,0,0,0,0,9,1,1,0,1,0,1,1,1,1,1,1,3,104.38,939.42,0
3927,0,0,0,1,8,1,0,2,0,1,1,0,1,0,1,1,3,115.07,920.56,0
3928,0,1,0,1,1,1,0,2,0,0,1,0,1,1,0,1,2,56.96,56.96,1
3929,0,0,1,1,19,1,0,1,1,0,0,0,0,1,2,0,2,91.73,1742.87,0
3930,1,0,0,1,43,0,1,2,0,1,1,1,0,0,0,0,3,54.27,2333.61,0
3931,1,0,1,0,6,0,1,2,1,1,1,0,1,0,0,1,2,70.5,423.0,1
3932,0,0,1,0,5,1,0,1,1,0,0,0,1,0,0,0,1,59.89,299.45,1
3933,1,0,0,0,16,0,0,1,1,1,0,0,0,0,0,0,3,113.13,1810.08,0
3934,1,1,1,0,22,1,0,2,1,1,0,1,1,0,0,0,0,39.93,878.46,0
3935,0,1,1,0,33,1,0,0,1,0,1,0,0,1,0,0,2,84.75,2796.75,0
3936,1,0,1,0,1,1,1,1,1,0,0,1,0,0,0,0,0,63.59,63.59,0
3937,1,0,0,1,56,1,0,0,0,1,1,0,0,0,1,0,1,21.19,1186.64,1
3938,1,0,0,1,18,0,0,0,0,0,1,0,1,0,0,0,0,109.01,1962.18,0
3939,0,0,0,1,57,1,0,2,1,0,0,1,0,0,1,1,2,51.15,2915.55,0
3940,0,0,0,0,4,0,1,1,1,0,1,0,0,1,2,1,2,48.24,192.96,0
3941,1,0,0,0,31,1,0,1,1,1,1,1,0,1,0,1,0,49.37,1530.47,1
3942,0,0,0,0,32,1,1,2,1,0,1,1,0,0,0,1,0,66.07,2114.24,1
3943,0,0,1,0,36,1,0,1,0,0,1,0,1,0,2,0,2,111.14,4001.04,0
3944,1,0,1,1,22,1,1,0,0,0,0,0,0,1,2,0,0,66.05,1453.1,0
3945,1,0,0,0,25,0,0,0,0,0,1,1,1,1,2,0,0,57.13,1428.25,0
3946,0,0,1,1,47,0,1,0,1,0,1,1,0,0,2,1,0,40.61,1908.67,0
3947,1,0,0,1,69,1,0,1,1,0,0,1,1,0,0,1,2,82.94,5722.86,0
3948,1,0,0,1,55,1,0,1,1,0,1,1,1,0,1,1,1,94.47,5195.85,0
3949,1,0,0,0,16,0,1,1,1,1,1,0,0,1,2,1,2,22.64,362.24,0
3950,1,0,0,0,54,1,1,2,1,1,1,0,1,0,1,1,2,112.34,6066.36,0
3951,1,0,0,1,5,0,0,2,0,1,1,1,0,0,1,0,0,74.42,372.1,0
3952,0,0,0,1,41,0,1,2,0,0,0,1,1,1,0,1,1,46.97,1925.77,0
3953,1,0,0,1,3,1,0,1,0,1,1,0,0,0,1,1,1,98.7,296.1,0
3954,0,0,1,1,60,0,0,2,1,0,1,1,0,1,1,1,2,115.49,6929.4,0
3955,0,0,0,1,50,0,1,1,1,1,1,1,1,0,0,0,3,40.1,2005.0,0
3956,0,0,0,1,63,0,0,2,0,0,0,0,0,0,2,0,1,99.4,6262.2,0
3957,1,0,0,1,71,0,0,0,0,1,1,1,1,1,0,1,1,65.43,4645.53,0
3958,0,0,0,0,61,1,0,1,0,1,1,0,0,0,2,0,2,116.01,7076.61,0
3959,1,0,0,0,54,0,0,1,0,0,1,1,1,1,1,0,3,94.56,5106.24,0
3960,0,0,0,0,11,0,1,0,1,1,0,0,1,0,2,1,0,81.89,900.79,0
3961,1,0,0,0,28,1,1,1,1,0,0,0,1,1,2,0,0,28.16,788.48,0
3962,1,0,1,1,52,1,0,1,0,1,1,1,1,0,1,0,2,112.32,5840.64,0
3963,1,0,1,1,24,0,0,2,1,1,0,0,0,0,1,1,3,107.41,2577.84,0
3964,0,0,1,0,16,0,0,2,0,0,1,1,0,1,1,1,0,89.05,1424.8,1
3965,1,0,0,0,64,1,0,0,1,0,0,0,0,1,0,0,3,30.63,1960.32,0
3966,1,0,1,0,51,0,0,1,1,0,0,0,0,0,1,1,3,56.36,2874.36,0
3967,1,0,1,1,28,0,0,1,0,0,1,0,1,0,2,1,1,53.88,1508.64,0
3968,0,0,1,1,45,1,0,2,0,1,1,1,1,0,1,0,3,102.44,4609.8,0
3969,0,0,1,1,6,1,0,2,0,1,1,0,1,1,2,0,3,101.07,606.42,0
3970,0,0,1,1,50,1,0,0,0,0,1,0,1,1,0,1,3,36.12,1806.0,1
3971,1,0,1,0,8,0,0,2,1,0,0,0,0,0,2,0,2,114.96,919.68,0
3972,0,0,0,0,33,1,1,2,1,0,0,0,0,1,0,1,3,43.52,1436.16,0
3973,0,0,0,0,56,0,0,2,1,0,1,0,0,1,0,1,1,34.54,1934.24,1
3974,1,0,1,0,18,0,0,2,0,1,1,0,0,0,2,1,0,22.37,402.66,0
3975,1,0,1,0,1,0,1,2,1,0,0,0,1,1,0,1,3,45.27,45.27,1
3976,0,0,0,1,11,1,1,0,1,0,1,1,0,1,0,0,0,74.39,818.29,0
3977,1,0,1,0,25,1,0,0,0,1,1,0,0,0,0,1,0,90.83,2270.75,1
3978,0,0,1,0,26,1,0,2,1,0,0,0,1,0,0,1,3,45.52,1183.52,0
3979,0,0,0,0,43,1,0,0,1,1,1,1,0,1,1,1,2,28.85,1240.55,0
3980,1,0,1,0,43,1,1,1,1,0,1,0,0,1,0,1,2,60.45,2599.35,1
3981,1,0,1,1,34,0,1,0,0,0,0,1,1,0,2,1,0,76.24,2592.16,0
3982,0,0,1,1,44,0,1,2,1,0,1,1,1,0,0,1,1,104.48,4597.12,0
3983,0,0,0,0,53,1,0,2,0,1,1,0,0,1,2,1,0,85.75,4544.75,0
3984,1,0,1,1,49,0,1,1,0,0,0,0,0,1,1,1,3,73.86,3619.14,0
3985,1,1,1,1,51,1,0,2,1,0,0,1,0,0,1,0,2,49.86,2542.86,0
3986,1,0,0,0,17,0,0,1,1,1,0,0,1,0,2,1,1,37.23,632.91,0
3987,1,0,0,1,69,1,0,0,1,0,0,1,0,1,1,1,0,42.92,2961.48,0
3988,0,1,1,0,33,1,0,1,0,0,0,0,1,0,1,0,0,108.25,3572.25,0
3989,0,0,1,1,65,0,1,1,0,0,0,1,1,0,2,1,3,26.12,1697.8,0
3990,0,0,0,0,37,0,1,0,0,0,1,1,0,1,2,0,0,103.87,3843.19,0
3991,0,0,1,1,36,1,0,2,0,1,1,0,1,1,0,1,0,96.86,3486.96,1
3992,0,0,0,0,18,1,1,2,0,0,1,0,0,0,1,0,3,25.04,450.72,0
3993,0,0,0,1,57,1,1,1,0,1,0,0,0,0,2,0,3,98.48,5613.36,0
3994,1,0,1,1,47,1,1,1,0,0,0,0,1,1,1,0,3,103.28,4854.16,0
3995,0,0,0,1,34,1,0,1,1,0,0,0,1,0,1,1,0,58.46,1987.64,1
3996,0,1,1,0,41,1,0,1,0,0,0,1,0,1,1,0,0,23.14,948.74,0
3997,0,0,0,0,68,0,0,2,0,0,0,0,0,0,1,0,0,25.17,1711.56,0
3998,0,0,0,1,63,0,1,2,0,1,0,0,1,0,0,1,1,119.34,7518.42,0
3999,1,0,1,0,20,0,0,0,1,0,1,1,0,0,0,0,3,97.76,1955.2,0
4000,0,0,1,1,24,0,0,0,1,1,0,0,0,1,1,1,3,90.69,2176.56,0
4001,0,1,1,0,32,1,1,0,0,0,1,0,0,0,1,1,0,102.96,3294.72,0
4002,0,0,0,1,19,1,0,0,0,0,1,1,1,1,2,0,2,109.98,2089.62,0
4003,1,0,1,1,56,0,1,0,1,0,0,0,0,1,2,0,3,93.5,5236.0,0
4004,0,1,1,1,27,1,0,0,0,1,0,1,0,1,0,0,3,119.65,3230.55,1
4005,0,0,0,1,49,0,0,2,0,1,0,1,1,1,2,1,3,68.24,3343.76,0
4006,1,0,1,0,41,1,1,1,0,1,0,1,0,1,2,0,3,55.21,2263.61,0
4007,0,0,1,0,33,0,0,0,1,0,0,1,0,0,2,0,1,20.61,680.13,0
4008,0,0,1,1,15,0,1,1,1,1,0,1,1,0,0,0,0,114.82,1722.3,0
4009,1,0,1,0,29,1,0,1,0,1,1,0,1,0,0,1,1,40.86,1184.94,0
4010,1,0,0,1,29,0,0,1,1,0,0,0,0,0,1,1,1,57.81,1676.49,0
4011,0,0,0,1,54,0,0,0,0,0,0,1,0,1,2,0,2,71.55,3863.7,0
4012,1,0,0,0,11,1,1,0,0,0,1,1,1,0,2,0,1,28.73,316.03,0
4013,0,0,0,0,12,1,1,0,1,1,1,1,0,1,1,0,0,67.6,811.2,0
4014,1,0,1,0,53,0,0,2,1,0,0,0,0,0,1,0,3,30.62,1622.86,0
4015,0,0,0,1,58,0,1,2,0,1,1,0,1,1,2,1,0,39.02,2263.16,0
4016,1,1,0,1,41,1,0,2,1,1,1,1,0,1,0,1,3,89.22,3658.02,1
4017,0,0,1,0,64,1,0,2,1,0,1,1,0,1,0,0,3,64.25,4112.0,1
4018,1,1,1,1,62,1,1,1,0,0,1,0,0,0,2,1,2,67.92,4211.04,1
4019,0,0,1,1,34,0,1,0,1,1,1,1,1,1,0,1,3,80.76,2745.84,1
4020,0,1,1,0,41,1,0,1,1,1,1,1,0,0,2,1,1,55.78,2286.98,1
4021,1,0,1,0,11,1,0,0,0,0,1,0,0,0,1,0,2,75.95,835.45,0
4022,1,0,0,1,31,1,1,0,1,1,0,1,0,1,2,0,1,25.23,782.13,0
4023,0,0,1,1,18,0,1,2,1,1,1,0,1,1,1,0,3,84.78,1526.04,0
4024,0,0,1,0,15,0,1,2,1,1,0,0,1,0,0,1,1,32.77,491.55,0
4025,0,0,0,0,8,1,1,1,1,1,1,1,1,1,2,1,0,68.59,548.72,0
4026,1,0,0,0,38,1,1,2,1,0,1,0,0,1,1,0,2,86.86,3300.68,0
4027,0,0,0,1,27,1,1,2,1,0,0,0,1,0,2,1,0,111.29,3004.83,0
4028,0,0,1,1,35,1,0,2,0,1,0,0,0,1,0,1,1,79.2,2772.0,1
4029,1,0,1,1,35,1,0,1,1,1,0,0,1,0,1,1,1,117.23,4103.05,0
4030,1,0,0,0,1,0,1,1,1,1,0,1,1,0,0,0,3,45.25,45.25,0
4031,0,1,1,0,1,1,1,0,1,1,1,0,0,1,1,1,3,66.43,66.43,1
4032,1,0,1,0,56,0,0,2,1,1,0,0,1,0,2,0,0,79.22,4436.32,0
4033,0,1,1,0,69,1,1,0,0,0,1,1,1,1,2,1,0,113.01,7797.69,0
4034,0,0,1,0,28,1,0,0,0,0,1,0,0,1,1,0,3,71.77,2009.56,0
4035,1,0,0,0,60,1,1,1,1,0,1,0,0,0,1,0,1,58.76,3525.6,0
4036,0,0,0,1,66,1,1,1,1,1,1,0,1,0,0,0,0,40.02,2641.32,1
4037,1,0,1,0,65,0,1,0,1,1,0,1,0,0,1,0,2,93.67,6088.55,0
4038,0,0,1,1,16,1,1,2,1,1,1,0,0,1,2,0,2,35.58,569.28,0
4039,0,0,0,1,70,0,1,2,1,1,0,0,1,0,1,0,1,92.92,6504.4,1
4040,1,0,0,1,63,0,1,2,0,0,0,0,0,1,1,1,0,27.95,1760.85,0
4041,0,0,0,0,68,0,0,0,1,0,1,0,1,1,0,1,1,43.43,2953.24,0
4042,0,1,0,1,36,1,1,1,1,0,0,1,1,1,1,1,0,46.2,1663.2,0
4043,0,0,0,1,9,1,1,1,0,1,0,1,1,1,2,0,3,23.42,210.78,0
4044,0,0,1,1,25,0,0,2,1,0,1,0,1,0,2,1,1,26.07,651.75,0
4045,1,1,0,1,52,1,1,0,1,0,0,0,1,1,1,0,2,65.11,3385.72,0
4046,1,0,0,1,7,1,1,0,1,0,0,0,1,0,2,0,0,91.76,642.32,1
4047,1,1,0,1,20,0,0,1,0,1,0,0,0,1,1,1,3,75.84,1516.8,0
4048,1,0,1,1,43,0,1,0,1,0,1,1,1,0,1,0,1,42.08,1809.44,0
4049,0,0,0,1,47,1,1,1,1,0,0,1,1,1,2,1,2,91.89,4318.83,0
4050,1,0,1,0,57,0,0,2,0,1,0,0,1,1,1,0,1,65.51,3734.07,0
4051,1,0,1,1,36,1,1,2,1,1,0,0,0,0,2,0,0,40.72,1465.92,0
4052,1,1,0,0,29,1,1,2,0,0,0,0,1,0,2,0,3,59.76,1733.04,0
4053,1,1,1,1,4,0,0,0,1,0,1,0,1,1,2,0,1,95.2,380.8,0
4054,0,0,0,0,20,1,1,2,0,0,0,1,1,0,0,1,0,59.4,1188.0,0
4055,1,0,0,1,68,1,0,0,1,1,0,1,0,0,0,1,1,48.31,3285.08,0
4056,0,0,1,0,34,0,1,1,0,0,1,1,1,1,0,1,1,86.35,2935.9,0
4057,1,1,0,0,40,0,0,0,1,0,1,1,1,1,1,0,0,92.77,3710.8,0
4058,1,0,0,0,2,1,1,1,0,1,1,1,0,0,1,0,3,22.85,45.7,0
4059,1,0,1,0,13,0,0,0,0,1,0,1,0,1,1,0,2,97.71,1270.23,0
4060,0,0,1,1,60,1,1,1,0,0,1,1,0,1,0,1,2,107.93,6475.8,0
4061,0,0,0,0,43,1,1,0,1,1,1,1,1,0,2,0,2,99.35,4272.05,0
4062,0,0,1,1,24,1,1,1,0,0,1,0,1,1,1,1,0,72.28,1734.72,0
4063,1,0,1,1,51,0,0,1,1,1,0,1,0,1,0,0,3,61.26,3124.26,1
4064,1,1,1,0,7,1,1,1,1,0,0,0,1,1,2,0,0,23.09,161.63,0
4065,1,0,1,1,51,0,0,0,0,1,0,0,0,1,0,1,2,28.19,1437.69,0
4066,1,0,0,0,46,1,1,2,0,1,0,1,0,0,2,1,3,113.09,5202.14,0
4067,1,0,1,0,24,0,1,0,0,1,1,0,1,0,2,1,2,116.88,2805.12,0
4068,1,0,1,0,30,1,1,2,0,0,0,0,0,1,2,1,0,74.73,2241.9,0
4069,0,0,0,0,7,1,0,0,1,0,0,1,1,1,0,1,2,32.55,227.85,1
4070,1,0,0,0,45,1,0,2,1,0,0,1,1,0,1,1,1,60.82,2736.9,0
4071,0,0,0,0,39,1,1,0,1,0,1,1,0,1,1,1,1,110.21,4298.19,0
4072,1,0,0,1,63,1,0,0,0,1,0,1,1,0,2,0,2,113.21,7132.23,0
4073,0,0,0,0,48,1,1,0,0,0,0,0,1,1,1,0,0,80.75,3876.0,0
4074,1,0,0,0,2,0,0,1,1,0,1,0,0,0,0,1,2,98.47,196.94,0
4075,0,1,0,1,64,0,1,2,0,0,1,0,0,0,0,1,3,44.03,2817.92,0
4076,1,0,1,1,60,0,0,0,0,1,0,1,1,0,0,0,1,75.9,4554.0,0
4077,0,0,1,1,3,0,1,1,0,0,1,0,0,1,1,0,0,32.37,97.11,0
4078,1,1,1,1,44,0,0,1,1,1,0,0,1,0,2,0,1,40.49,1781.56,0
4079,0,0,1,0,62,0,1,0,1,1,0,0,1,0,1,1,3,83.95,5204.9,0
4080,1,0,1,0,18,1,1,1,1,0,1,0,1,1,1,1,0,93.06,1675.08,0
4081,0,0,1,0,59,0,1,2,1,1,1,0,0,1,1,1,1,70.24,4144.16,0
4082,0,0,1,1,31,1,0,0,0,0,1,0,1,0,1,0,2,74.36,2305.16,0
4083,0,0,0,0,23,0,0,0,1,1,0,1,1,0,1,1,0,88.41,2033.43,0
4084,1,1,0,0,3,0,1,2,1,1,0,0,0,1,0,1,2,115.05,345.15,1
4085,1,1,0,1,62,1,1,1,1,0,1,1,0,1,0,1,0,38.53,2388.86,1
4086,0,0,0,1,53,1,1,1,0,1,1,0,0,1,0,1,1,49.94,2646.82,1
4087,0,0,1,0,9,0,1,0,0,0,1,0,1,1,0,1,3,44.0,396.0,1
4088,1,1,0,1,6,0,0,2,1,0,0,0,1,0,0,1,3,36.48,218.88,0
4089,1,0,0,0,63,1,0,0,1,1,1,0,0,1,0,0,1,59.38,3740.94,1
4090,1,1,0,0,69,0,0,0,0,1,0,1,0,1,1,0,0,75.18,5187.42,0
4091,1,1,0,1,58,0,1,2,1,1,1,1,0,1,2,1,0,52.34,3035.72,0
4092,1,1,1,1,58,1,0,1,0,1,1,1,0,1,2,0,1,23.76,1378.08,0
4093,0,0,0,0,40,0,0,2,0,1,1,0,0,1,2,1,1,42.83,1713.2,0
4094,0,0,1,1,11,0,1,2,0,0,1,1,0,0,2,0,1,38.88,427.68,0
4095,0,1,1,0,9,0,0,2,0,0,0,1,1,1,2,0,1,53.1,477.9,0
4096,1,0,0,1,57,0,0,2,0,0,1,1,1,1,0,1,3,43.99,2507.43,0
4097,0,0,0,1,69,1,0,0,0,1,0,1,1,1,2,0,2,40.79,2814.51,0
4098,0,1,1,0,12,0,1,1,0,0,0,0,1,0,0,1,1,104.45,1253.4,0
4099,1,0,1,0,20,1,1,2,1,1,1,0,1,1,1,1,1,112.34,2246.8,0
4100,1,1,0,0,10,1,0,0,0,0,0,0,0,0,2,0,1,48.44,484.4,0
4101,0,0,1,1,55,0,1,2,0,0,0,0,1,0,1,1,2,101.05,5557.75,0
4102,1,0,1,1,22,1,1,0,1,1,0,1,0,0,2,1,2,91.92,2022.24,0
4103,0,0,0,1,64,1,0,2,1,0,0,1,0,0,0,1,0,34.29,2194.56,0
4104,0,0,0,1,3,0,0,2,1,0,0,0,0,1,1,1,1,53.41,160.23,0
4105,0,0,0,0,59,0,0,2,0,1,0,0,0,1,2,1,3,42.16,2487.44,0
4106,1,0,0,0,49,1,0,1,0,1,0,1,1,0,0,1,1,65.23,3196.27,1
4107,0,0,0,0,1,0,1,1,0,0,0,1,0,1,2,1,3,58.27,58.27,1
4108,0,0,0,0,60,0,1,2,1,0,1,1,0,0,2,0,1,106.38,6382.8,0
4109,0,0,0,1,53,0,1,0,1,0,0,1,0,1,2,1,3,68.3,3619.9,0
4110,0,0,1,1,36,0,0,1,1,1,1,1,1,0,1,1,1,29.04,1045.44,0
4111,0,1,0,1,50,1,1,2,0,0,0,1,0,1,0,0,2,108.84,5442.0,0
4112,1,0,1,1,44,0,0,2,0,1,1,0,0,1,2,1,2,80.84,3556.96,0
4113,0,1,0,0,7,0,0,1,0,0,0,0,1,1,1,1,2,50.0,350.0,1
4114,1,0,1,1,55,1,0,2,1,1,1,1,1,0,0,0,1,62.12,3416.6,0
4115,0,0,0,0,57,1,0,1,1,1,0,1,1,1,0,0,1,42.06,2397.42,1
4116,0,0,0,1,10,0,1,0,0,0,1,1,0,1,2,1,1,46.11,461.1,0
4117,1,0,0,1,12,1,1,2,1,0,0,1,0,1,2,0,0,56.88,682.56,0
4118,1,0,0,1,62,0,1,1,1,1,1,0,0,1,1,0,2,117.1,7260.2,0
4119,0,0,0,1,16,0,0,2,0,0,1,0,0,0,2,1,3,74.99,1199.84,0
4120,1,0,1,1,45,0,1,2,0,0,1,0,0,1,2,0,3,102.7,4621.5,0
4121,0,0,1,1,52,0,1,2,1,1,1,1,1,1,2,0,3,111.81,5814.12,0
4122,0,0,0,0,58,0,1,2,0,1,0,1,1,0,2,1,1,21.53,1248.74,0
4123,1,0,1,0,37,1,0,0,0,0,0,0,1,1,1,1,3,106.85,3953.45,0
4124,0,0,1,1,41,1,1,1,0,1,1,0,0,0,2,1,2,71.76,2942.16,0
4125,0,0,0,1,66,0,0,2,1,0,1,1,1,1,2,1,3,48.85,3224.1,0
4126,1,1,1,1,28,0,1,1,1,1,1,1,0,0,0,0,3,87.41,2447.48,0
4127,1,0,1,1,4,1,1,1,0,0,1,0,1,0,0,0,2,30.76,123.04,0
4128,1,0,0,1,58,1,1,2,0,0,0,0,0,0,0,0,1,107.17,6215.86,1
4129,1,0,0,1,60,0,1,2,1,1,1,0,0,1,2,0,3,77.79,4667.4,0
4130,1,0,0,0,20,1,0,2,0,1,0,0,0,0,0,0,3,40.48,809.6,0
4131,0,1,0,0,13,0,0,2,0,1,1,1,1,1,0,0,3,82.24,1069.12,0
4132,0,0,1,1,27,1,1,1,1,1,0,1,1,1,2,1,0,39.86,1076.22,0
4133,0,1,1,0,32,0,0,1,1,1,0,0,1,1,2,0,2,60.26,1928.32,0
4134,1,0,1,0,56,0,1,2,0,1,0,0,1,0,2,1,0,106.58,5968.48,0
4135,1,0,0,1,33,0,0,2,0,1,0,0,0,1,1,1,1,21.15,697.95,0
4136,1,0,1,0,8,1,1,0,1,1,0,1,1,1,1,1,2,25.98,207.84,0
4137,0,0,0,0,61,0,1,1,0,1,0,0,0,0,1,1,0,79.61,4856.21,0
4138,1,1,1,0,20,1,0,1,0,1,1,1,0,0,2,1,2,98.11,1962.2,0
4139,1,0,0,0,1,0,1,0,1,0,0,1,0,1,2,1,1,57.58,57.58,0
4140,0,0,0,0,14,0,0,2,0,1,0,0,0,0,2,0,0,80.7,1129.8,0
4141,1,0,0,1,59,0,0,2,0,0,0,0,0,0,0,0,2,95.99,5663.41,1
4142,1,1,1,1,60,0,1,1,1,0,1,0,1,0,2,0,1,53.05,3183.0,0
4143,1,0,1,0,57,0,1,1,0,1,0,0,0,1,2,0,1,55.21,3146.97,0
4144,0,0,1,0,34,0,0,1,0,1,0,0,0,1,1,0,3,84.62,2877.08,0
4145,1,0,1,1,59,1,1,2,0,1,0,0,0,0,1,1,3,91.58,5403.22,1
4146,1,0,1,0,4,0,1,2,1,1,1,1,1,1,0,0,1,22.5,90.0,0
4147,0,1,1,1,20,1,0,1,1,1,0,0,0,1,2,1,1,25.66,513.2,0
4148,1,0,1,0,69,0,1,1,1,1,0,1,0,1,2,1,3,77.12,5321.28,0
4149,0,0,0,0,29,0,0,0,0,1,1,0,0,0,2,0,2,74.68,2165.72,0
4150,0,0,0,0,71,1,1,0,1,1,0,0,0,1,2,0,2,58.39,4145.69,0
4151,0,1,0,1,18,1,0,2,1,1,1,1,0,0,1,0,2,37.35,672.3,0
4152,1,0,1,1,16,0,0,0,0,0,1,0,1,0,1,1,0,56.48,903.68,0
4153,1,1,1,0,7,1,0,1,0,1,1,1,0,0,2,1,0,62.91,440.37,0
4154,0,0,1,1,17,0,0,0,1,0,1,0,0,0,2,0,2,56.2,955.4,1
4155,1,0,1,0,25,0,1,2,0,1,0,0,0,0,1,1,0,42.05,1051.25,0
4156,0,0,1,1,5,0,0,2,1,0,0,0,0,0,1,1,3,41.73,208.65,0
4157,1,0,0,0,49,0,1,0,1,1,1,0,1,0,2,1,0,50.09,2454.41,0
4158,1,0,0,1,57,1,1,0,0,0,0,1,1,1,2,0,2,89.36,5093.52,0
4159,1,0,1,0,72,1,1,1,1,1,1,0,1,0,2,1,0,95.23,6856.56,0
4160,1,0,1,1,40,1,0,1,1,0,0,1,1,1,0,0,2,82.15,3286.0,0
4161,0,0,0,1,44,1,1,0,1,0,1,0,1,1,2,0,0,116.26,5115.44,0
4162,1,0,1,1,47,0,0,0,1,0,1,0,0,1,1,0,3,38.26,1798.22,0
4163,1,0,0,0,3,1,1,0,0,1,0,0,1,1,1,1,3,83.9,251.7,0
4164,0,0,0,0,33,0,1,1,0,1,0,1,0,1,0,0,3,27.12,894.96,0
4165,1,0,0,0,26,0,1,1,0,1,1,0,0,0,2,0,1,44.07,1145.82,0
4166,1,1,0,1,3,0,0,2,1,1,1,1,0,1,2,1,1,99.99,299.97,0
4167,1,1,1,1,24,0,1,2,1,0,1,0,0,0,2,1,3,76.37,1832.88,0
4168,1,0,1,1,13,0,1,2,1,0,0,0,1,0,1,0,3,41.11,534.43,0
4169,1,0,0,0,65,0,1,2,1,1,0,1,0,0,2,0,1,53.84,3499.6,0
4170,0,0,1,1,59,0,0,0,1,0,0,1,1,0,1,0,3,92.33,5447.47,0
4171,0,0,1,1,32,0,0,1,0,1,0,0,1,0,1,1,2,71.99,2303.68,0
4172,1,0,0,0,24,0,1,2,0,0,1,0,1,1,2,1,0,59.79,1434.96,0
4173,0,0,0,1,35,1,1,1,1,0,1,0,1,1,1,1,3,116.98,4094.3,0
4174,1,0,1,1,35,1,0,1,0,0,1,0,1,1,1,0,1,29.77,1041.95,1
4175,1,0,0,1,24,1,1,0,0,0,1,0,1,1,1,1,0,59.09,1418.16,0
4176,1,0,1,0,55,1,0,1,0,1,0,1,1,0,1,0,2,98.62,5424.1,0
4177,1,0,1,0,60,1,1,1,0,0,1,1,1,1,2,1,3,116.35,6981.0,0
4178,1,1,0,1,10,0,0,0,0,0,0,1,0,0,2,0,2,46.59,465.9,1
4179,1,1,0,0,53,0,1,2,0,0,1,1,1,1,1,0,3,39.02,2068.06,0
4180,0,0,1,1,59,0,0,1,1,0,0,0,0,0,2,1,0,119.79,7067.61,0
4181,0,1,0,1,51,0,1,0,1,1,0,1,1,1,1,0,3,36.47,1859.97,0
4182,1,0,0,1,61,1,1,1,1,1,0,0,0,1,2,1,0,116.02,7077.22,0
4183,1,0,0,0,64,0,1,0,0,0,0,1,0,1,2,0,2,113.54,7266.56,0
4184,0,0,1,0,2,0,1,0,0,1,0,1,0,1,0,0,2,52.67,105.34,0
4185,1,0,1,0,59,0,1,0,1,0,0,1,1,0,1,1,1,32.92,1942.28,0
4186,1,0,1,1,61,1,1,1,1,1,0,0,1,0,2,1,0,62.07,3786.27,0
4187,1,1,0,1,16,1,0,1,0,1,0,0,0,0,2,0,2,91.12,1457.92,0
4188,1,0,1,0,69,1,0,1,1,0,0,0,0,0,2,0,0,88.59,6112.71,0
4189,1,0,1,0,14,1,1,2,1,0,0,1,0,0,0,0,0,28.29,396.06,0
4190,0,1,1,0,16,0,1,2,0,0,0,0,0,1,2,1,1,87.67,1402.72,0
4191,0,0,1,1,66,0,1,1,1,0,0,1,1,0,2,1,3,66.38,4381.08,0
4192,1,0,1,0,69,1,1,1,1,1,0,1,1,0,1,1,3,62.75,4329.75,0
4193,1,0,1,1,68,1,1,1,1,1,0,1,1,1,0,1,3,67.42,4584.56,1
4194,0,0,1,1,45,0,1,1,1,1,0,0,1,1,1,1,2,66.77,3004.65,0
4195,0,0,1,1,8,0,0,1,1,1,0,0,1,1,0,1,1,85.88,687.04,0
4196,1,0,1,0,72,0,1,2,0,0,0,0,1,0,0,0,2,65.22,4695.84,0
4197,0,0,1,1,22,0,0,1,0,0,0,1,0,1,1,0,3,59.82,1316.04,0
4198,1,0,0,0,17,1,0,1,1,0,1,0,0,1,1,0,3,115.43,1962.31,0
4199,1,0,1,1,12,0,1,2,0,1,0,1,1,1,1,0,3,49.56,594.72,0
4200,0,0,1,0,48,0,0,2,1,0,0,1,1,0,1,0,0,108.23,5195.04,0
4201,1,1,1,1,8,0,1,0,0,1,1,0,0,1,1,1,3,82.09,656.72,0
4202,1,1,1,1,64,1,1,2,0,1,0,0,0,0,1,1,1,77.04,4930.56,1
4203,1,0,0,1,57,0,0,0,1,0,1,0,0,1,1,1,1,54.84,3125.88,0
4204,1,0,0,1,34,1,1,1,0,1,1,0,1,1,0,1,1,112.62,3829.08,1
4205,0,0,1,1,47,0,0,1,1,0,1,0,0,1,1,0,1,24.0,1128.0,0
4206,0,0,1,1,17,1,0,0,1,0,1,0,0,0,1,1,3,119.98,2039.66,0
4207,0,0,0,0,59,0,0,0,1,1,0,1,1,0,2,0,0,81.52,4809.68,0
4208,1,0,1,0,44,0,0,0,1,1,0,1,0,0,0,1,2,20.33,894.52,0
4209,0,1,0,0,23,1,1,0,0,1,1,0,1,1,0,1,1,57.02,1311.46,1
4210,1,0,1,1,10,1,1,1,0,0,1,1,1,0,2,0,2,68.4,684.0,0
4211,1,1,1,0,14,1,1,1,1,1,0,0,1,1,1,0,1,68.26,955.64,0
4212,0,1,0,0,42,0,1,0,0,0,0,1,0,1,2,1,2,115.1,4834.2,0
4213,1,0,1,1,19,1,1,0,1,1,0,0,0,0,2,0,2,115.81,2200.39,0
4214,1,0,0,1,29,0,1,1,1,0,0,1,0,0,2,1,0,107.47,3116.63,0
4215,0,0,0,1,57,1,1,1,0,1,0,0,0,1,1,0,2,65.3,3722.1,1
4216,0,0,1,1,54,1,0,0,1,1,0,0,1,0,2,1,2,55.68,3006.72,0
4217,1,1,0,1,30,1,0,0,1,1,0,0,0,0,2,1,1,83.2,2496.0,1
4218,0,0,1,0,18,0,1,2,0,0,0,1,0,1,1,1,3,116.86,2103.48,0
4219,1,0,1,1,20,1,1,2,1,1,1,0,1,1,0,1,1,44.31,886.2,0
4220,1,1,1,1,20,1,1,1,1,1,0,1,1,1,0,0,0,20.94,418.8,0
4221,1,0,0,1,15,0,0,2,0,1,1,1,1,0,0,0,2,23.82,357.3,1
4222,1,0,1,0,3,0,1,1,1,1,1,0,0,1,2,1,2,61.59,184.77,0
4223,0,0,1,1,5,1,0,1,1,1,1,0,0,0,1,1,3,86.08,430.4,0
4224,1,0,1,0,20,0,1,1,0,1,1,1,1,0,1,1,0,94.81,1896.2,0
4225,0,1,0,1,20,1,0,1,1,0,0,0,0,0,2,0,0,75.48,1509.6,1
4226,1,0,1,1,6,0,0,1,0,0,1,1,1,0,0,0,1,115.33,691.98,1
4227,0,0,1,0,69,1,1,2,0,1,0,0,0,0,0,0,3,28.71,1980.99,1
4228,0,1,0,0,6,0,1,0,0,0,0,0,0,0,1,1,0,63.83,382.98,1
4229,0,0,1,1,55,1,0,1,0,1,0,0,0,1,0,0,3,38.54,2119.7,0
4230,1,0,1,0,35,1,1,1,0,0,0,0,0,1,1,1,3,62.97,2203.95,0
4231,1,0,0,0,24,0,0,2,0,1,0,0,1,1,1,0,3,94.33,2263.92,0
4232,1,0,1,1,41,1,0,2,1,0,1,1,0,1,2,1,1,98.93,4056.13,0
4233,1,0,0,1,34,1,1,2,1,0,0,0,0,1,1,0,2,33.14,1126.76,0
4234,0,0,1,0,36,1,0,2,1,0,1,0,0,1,0,1,1,93.28,3358.08,1
4235,0,1,0,0,6,0,1,2,1,1,1,1,1,0,2,0,3,71.26,427.56,0
4236,1,0,1,1,25,0,0,0,0,1,1,0,1,1,1,0,0,70.4,1760.0,0
4237,0,0,1,1,38,1,0,2,1,0,0,1,1,1,2,1,3,114.51,4351.38,0
4238,1,0,0,1,9,1,0,0,1,1,1,0,0,1,0,0,3,48.31,434.79,0
4239,1,0,1,1,9,0,1,0,1,0,0,1,0,1,0,0,1,75.77,681.93,0
4240,1,1,1,0,37,0,0,1,1,0,0,1,0,1,2,0,3,102.91,3807.67,0
4241,0,0,1,1,23,1,0,2,1,1,0,0,0,0,0,1,2,87.53,2013.19,0
4242,0,0,0,0,42,1,1,1,0,0,1,0,0,1,1,0,0,102.73,4314.66,0
4243,1,0,1,1,65,0,0,0,0,1,1,0,0,0,1,0,0,111.47,7245.55,0
4244,1,0,0,0,55,1,1,0,1,0,0,1,1,0,0,1,3,89.75,4936.25,0
4245,1,0,0,1,32,0,1,0,1,1,0,0,1,0,0,1,0,28.44,910.08,0
4246,1,1,0,1,68,1,1,1,1,1,1,0,1,1,0,1,1,26.41,1795.88,0
4247,1,0,1,0,22,0,0,0,0,0,0,0,0,1,2,1,3,42.5,935.0,0
4248,1,0,0,0,68,1,1,0,0,1,1,0,0,0,1,1,0,38.88,2643.84,0
4249,0,1,0,0,21,0,1,0,1,0,1,0,0,0,1,0,0,47.18,990.78,1
4250,0,0,0,0,10,1,0,2,1,0,1,1,0,1,1,0,1,62.25,622.5,0
4251,0,0,0,0,68,0,0,0,1,1,1,1,1,1,1,1,1,27.35,1859.8,0
4252,1,1,0,1,58,0,1,2,0,1,1,0,0,1,1,0,3,37.47,2173.26,0
4253,1,0,0,0,4,1,1,1,0,1,1,0,1,0,0,1,1,32.55,130.2,0
4254,1,0,1,1,3,1,1,1,0,1,1,1,0,1,1,1,1,38.58,115.74,0
4255,1,0,1,1,14,0,1,1,1,0,1,0,0,0,2,1,1,111.6,1562.4,0
4256,1,0,0,1,64,0,0,1,0,0,0,0,1,0,0,0,1,78.03,4993.92,0
4257,1,0,1,0,25,0,0,0,0,1,0,1,0,0,1,1,3,50.01,1250.25,1
4258,0,0,1,1,4,1,1,0,0,1,1,0,0,1,2,0,1,111.31,445.24,0
4259,1,1,1,1,2,1,1,0,1,1,1,0,0,1,1,0,2,25.82,51.64,1
4260,1,0,0,1,9,0,1,1,1,0,1,0,0,1,2,1,0,36.96,332.64,0
4261,1,0,1,1,54,1,0,1,1,1,0,1,0,1,0,1,3,111.77,6035.58,1
4262,1,0,1,1,34,0,1,0,1,1,0,1,1,0,2,0,2,37.79,1284.86,0
4263,1,0,0,1,60,0,0,2,1,1,0,1,0,0,2,1,2,118.84,7130.4,0
4264,1,1,1,0,72,0,1,0,0,1,0,1,0,0,2,1,1,51.23,3688.56,0
4265,1,0,1,1,52,0,0,1,1,1,0,1,1,1,0,0,1,111.01,5772.52,1
4266,0,0,1,0,69,0,1,0,0,1,0,1,1,0,1,1,3,106.4,7341.6,0
4267,1,0,0,1,69,0,1,2,0,0,1,1,0,1,2,1,3,24.93,1720.17,0
4268,1,0,1,0,49,0,1,0,1,0,0,0,0,0,2,0,2,117.84,5774.16,0
4269,0,0,0,0,8,0,0,2,1,0,0,1,0,1,1,0,2,20.91,167.28,0
4270,1,0,0,1,57,0,1,0,0,1,0,1,1,1,1,0,0,79.73,4544.61,0
4271,0,0,1,0,2,1,1,2,0,0,0,0,0,1,2,1,0,98.62,197.24,0
4272,0,0,0,0,69,1,1,1,0,1,1,1,1,1,1,1,2,92.47,6380.43,0
4273,0,0,1,0,1,0,0,2,0,1,1,0,1,1,1,1,0,24.99,24.99,1
4274,1,1,0,1,63,1,0,2,1,1,1,1,0,0,1,0,3,103.58,6525.54,0
4275,0,0,0,1,41,1,1,0,0,0,1,1,0,0,2,1,3,104.72,4293.52,0
4276,0,1,1,1,28,0,1,2,0,0,1,0,1,1,2,0,3,30.49,853.72,0
4277,1,0,0,1,19,1,0,0,1,1,1,1,1,0,1,1,1,34.65,658.35,0
4278,1,0,1,0,70,1,0,2,0,1,1,1,1,1,2,1,1,50.69,3548.3,0
4279,0,0,0,1,43,1,1,0,0,1,1,1,0,0,0,0,0,26.38,1134.34,1
4280,1,1,0,0,58,0,0,1,1,1,1,1,0,1,2,1,3,114.89,6663.62,0
4281,1,0,1,0,12,1,1,1,0,0,1,1,0,1,2,0,1,53.7,644.4,0
4282,0,0,0,1,9,0,0,2,1,1,1,0,1,0,1,1,0,91.09,819.81,1
4283,0,0,1,1,63,1,1,1,0,1,1,1,0,1,1,0,3,94.06,5925.78,0
4284,1,0,1,0,42,1,1,1,1,0,1,0,1,1,0,0,0,86.63,3638.46,0
4285,1,0,0,0,2,0,1,1,1,0,0,1,0,0,1,0,1,53.42,106.84,0
4286,0,1,1,1,18,0,1,1,1,0,1,0,1,0,0,1,3,88.28,1589.04,0
4287,0,0,0,0,58,0,1,1,1,0,0,1,0,1,1,0,2,107.33,6225.14,1
4288,1,0,0,0,4,1,1,1,1,0,0,0,0,1,2,0,2,20.0,80.0,0
4289,1,0,1,0,15,0,1,0,1,1,1,0,0,0,0,1,1,103.77,1556.55,0
4290,0,0,1,0,43,1,1,0,0,0,1,1,0,0,1,0,1,94.85,4078.55,0
4291,1,1,1,0,54,0,0,2,0,1,0,1,0,0,2,0,1,105.28,5685.12,0
4292,0,0,1,0,19,0,0,1,1,1,0,1,0,1,2,0,1,78.32,1488.08,0
4293,1,1,1,0,1,1,1,0,0,1,0,0,1,1,2,0,2,35.21,35.21,0
4294,0,0,0,1,27,1,1,1,0,0,0,0,1,0,1,1,0,42.33,1142.91,0
4295,0,0,0,0,42,0,0,0,1,1,0,0,0,0,0,0,3,79.86,3354.12,1
4296,1,0,0,1,49,0,0,2,1,1,0,0,0,1,0,1,1,97.69,4786.81,0
4297,1,0,1,1,55,1,1,2,0,1,1,0,0,1,0,0,3,39.49,2171.95,0
4298,0,0,1,0,33,1,1,0,0,1,1,0,1,0,2,1,0,26.81,884.73,0
4299,0,0,1,1,29,1,0,0,1,1,1,1,1,1,0,0,3,46.64,1352.56,0
4300,1,0,0,1,48,1,1,2,0,0,1,0,0,0,0,0,1,33.96,1630.08,1
4301,1,0,1,1,45,0,1,1,1,1,0,1,1,1,2,1,3,68.01,3060.45,0
4302,1,0,0,0,23,0,0,0,0,0,1,1,0,1,2,0,3,47.3,1087.9,0
4303,1,0,1,0,49,1,1,2,0,0,1,1,0,1,1,1,0,104.75,5132.75,0
4304,1,0,0,1,9,1,1,1,1,0,1,1,1,0,0,1,2,53.1,477.9,0
4305,0,1,0,0,15,0,1,1,0,1,1,0,0,0,2,0,1,73.42,1101.3,0
4306,0,0,0,1,10,1,0,1,1,0,0,1,1,0,1,0,0,57.66,576.6,0
4307,1,0,0,0,41,1,0,2,0,0,0,1,0,1,2,0,1,20.85,854.85,0
4308,1,0,1,0,58,1,0,2,0,1,1,0,0,1,1,0,1,24.5,1421.0,1
4309,1,0,1,0,72,1,1,0,0,0,0,0,0,1,1,0,3,64.55,4647.6,0
4310,0,1,0,1,43,0,0,1,1,1,0,0,0,0,0,0,3,76.21,3277.03,0
4311,1,0,0,0,29,1,1,0,0,1,1,1,1,0,1,1,1,20.14,584.06,0
4312,1,0,0,0,69,1,0,0,0,0,1,1,1,1,1,0,1,93.39,6443.91,0
4313,1,0,1,1,29,1,0,2,1,1,0,0,0,1,1,0,0,106.6,3091.4,0
4314,0,1,1,0,26,1,1,0,0,0,0,1,0,0,2,0,2,38.58,1003.08,0
4315,0,0,1,1,51,0,1,2,0,1,0,0,1,0,0,0,2,78.28,3992.28,0
4316,0,1,0,0,20,0,0,2,0,0,0,1,0,0,1,0,0,110.93,2218.6,0
4317,0,1,0,0,57,1,0,1,0,0,1,1,1,1,2,1,0,105.72,6026.04,0
4318,0,0,0,0,9,1,0,2,0,0,1,0,1,0,0,0,3,56.89,512.01,0
4319,0,0,0,1,1,1,1,2,0,0,0,1,0,0,0,1,2,64.75,64.75,0
4320,0,1,0,1,50,1,1,1,1,1,1,1,0,0,2,1,1,50.84,2542.0,0
4321,0,0,0,0,69,0,1,0,0,0,1,1,1,1,2,0,0,96.35,6648.15,0
4322,1,0,1,0,34,0,1,2,1,0,0,0,0,0,2,0,2,64.97,2208.98,0
4323,1,1,0,1,48,1,1,0,0,1,0,1,1,1,2,0,0,75.57,3627.36,0
4324,1,0,0,0,69,1,0,2,0,1,0,0,0,0,0,0,1,76.13,5252.97,0
4325,1,0,1,1,38,0,1,2,0,0,0,1,0,1,2,0,3,34.58,1314.04,0
4326,1,0,0,1,60,1,1,1,1,1,0,0,0,1,0,0,2,20.35,1221.0,0
4327,1,0,1,1,58,1,0,1,1,0,0,0,0,0,1,0,3,98.05,5686.9,1
4328,0,0,0,1,37,1,0,1,1,0,1,0,0,0,0,1,2,54.47,2015.39,1
4329,1,0,0,1,55,0,1,1,1,0,0,0,1,1,0,1,1,70.76,3891.8,1
4330,0,0,0,1,2,1,0,2,0,1,1,1,1,1,1,1,0,45.21,90.42,0
4331,1,1,1,0,34,0,0,1,0,1,0,0,1,1,2,1,2,110.34,3751.56,0
4332,1,0,1,1,47,1,0,2,0,0,1,1,1,1,2,0,0,21.72,1020.84,0
4333,0,0,1,1,70,0,0,0,1,1,1,1,1,0,0,1,3,41.52,2906.4,0
4334,0,0,1,1,32,0,1,2,1,0,0,1,1,1,2,0,3,67.02,2144.64,0
4335,0,0,0,0,43,1,0,0,1,0,1,0,1,0,2,0,2,29.55,1270.65,0
4336,1,1,1,0,60,1,1,0,0,1,0,1,0,0,0,1,2,51.16,3069.6,1
4337,0,0,1,0,14,1,1,1,1,0,1,1,1,0,2,1,1,62.16,870.24,0
4338,1,1,1,1,37,0,1,2,0,0,1,1,1,1,1,1,2,60.57,2241.09,0
4339,0,0,0,1,67,0,1,2,0,0,0,0,0,1,1,1,0,66.19,4434.73,1
4340,1,0,1,1,57,1,0,0,1,0,1,0,1,0,1,1,1,73.16,4170.12,0
4341,0,0,0,0,28,1,1,1,1,1,0,0,1,1,2,0,2,86.96,2434.88,1
4342,1,0,0,1,20,1,0,2,0,1,0,1,1,0,1,0,2,77.99,1559.8,1
4343,0,0,1,1,19,0,1,0,0,1,0,0,0,1,0,1,3,98.91,1879.29,0
4344,1,1,0,1,43,1,1,2,0,1,1,1,1,0,0,1,1,118.98,5116.14,0
4345,0,0,0,0,32,0,0,1,1,0,0,0,0,1,0,0,1,38.52,1232.64,1
4346,0,0,0,0,14,1,1,2,0,0,1,0,0,1,2,1,3,93.37,1307.18,0
4347,1,1,1,0,35,0,1,0,1,0,0,0,0,1,0,1,0,32.27,1129.45,0
4348,0,0,0,1,22,0,0,2,0,1,1,1,0,1,2,1,2,85.9,1889.8,0
4349,0,0,1,1,54,1,0,0,1,1,1,0,1,1,2,1,0,100.81,5443.74,1
4350,1,0,0,0,18,0,1,0,1,0,0,0,0,1,1,0,2,47.2,849.6,0
4351,0,0,0,1,15,0,1,1,0,0,0,0,0,1,0,1,1,63.81,957.15,0
4352,0,0,0,1,66,1,1,2,0,0,1,1,1,1,2,0,0,53.51,3531.66,1
4353,0,0,0,0,60,0,0,0,0,0,1,0,1,1,2,0,0,100.27,6016.2,0
4354,1,0,0,1,30,0,0,2,1,1,1,1,1,1,0,1,3,53.31,1599.3,0
4355,0,0,0,0,52,0,1,2,1,1,1,1,1,0,2,0,2,39.58,2058.16,0
4356,1,0,0,0,58,0,0,2,1,0,0,1,0,1,2,0,0,83.55,4845.9,0
4357,0,0,1,1,7,1,0,2,0,0,1,0,1,0,2,0,2,41.11,287.77,0
4358,0,0,1,1,57,0,1,2,0,1,1,0,0,1,1,1,0,98.64,5622.48,0
4359,1,0,0,1,34,0,1,1,0,0,0,0,1,0,2,1,3,21.13,718.42,0
4360,0,0,0,1,41,0,1,2,0,0,1,1,0,0,1,0,2,89.71,3678.11,0
4361,1,0,1,0,52,1,1,2,1,0,1,0,0,0,0,0,1,67.15,3491.8,0
4362,1,0,0,1,14,1,0,1,0,0,1,0,1,1,0,1,2,61.05,854.7,1
4363,1,1,1,0,28,0,1,1,0,1,1,1,0,1,1,0,0,27.51,770.28,0
4364,1,0,1,0,10,0,0,1,0,1,1,0,0,1,1,0,3,63.28,632.8,0
4365,0,0,1,0,64,0,1,1,0,1,1,1,1,0,2,0,3,60.8,3891.2,1
4366,0,0,1,1,56,0,0,1,0,1,0,0,1,1,1,0,0,57.17,3201.52,0
4367,1,0,1,1,4,1,1,1,1,1,1,0,1,0,1,0,1,38.7,154.8,0
4368,0,1,0,1,71,0,0,2,0,0,1,1,0,0,1,1,2,29.66,2105.86,1
4369,1,0,1,1,20,1,0,0,1,0,0,1,0,0,1,1,3,34.37,687.4,0
4370,0,0,1,0,39,0,0,1,1,0,0,0,1,1,1,0,0,69.85,2724.15,0
4371,0,0,0,0,68,0,0,1,0,1,1,0,1,1,0,1,0,43.29,2943.72,1
4372,0,0,1,1,54,1,0,2,0,1,0,0,0,0,0,0,3,118.06,6375.24,0
4373,1,0,1,0,9,0,1,0,0,1,1,0,0,1,0,1,0,98.98,890.82,1
4374,0,0,1,1,44,0,0,0,0,1,0,1,0,1,1,0,1,33.16,1459.04,0
4375,1,0,1,0,68,0,0,0,0,1,1,1,1,1,2,0,3,64.36,4376.48,0
4376,1,0,0,0,1,1,1,2,1,0,0,1,0,1,2,0,1,48.18,48.18,0
4377,1,0,0,0,63,0,0,0,0,1,0,0,0,1,1,0,2,34.68,2184.84,0
4378,1,0,1,1,2,1,1,2,1,1,1,1,1,0,2,1,1,66.1,132.2,0
4379,1,1,0,1,49,0,1,2,1,0,1,1,0,1,2,0,3,95.23,4666.27,0
4380,0,0,1,0,40,0,0,0,0,0,1,0,0,0,2,1,1,34.32,1372.8,0
4381,0,0,1,1,70,1,0,2,1,0,1,0,0,1,0,0,3,98.93,6925.1,0
4382,1,0,0,0,18,0,1,1,1,1,1,0,1,1,2,0,1,25.48,458.64,0
4383,0,0,0,1,62,0,1,1,1,0,0,0,1,1,2,1,3,39.21,2431.02,0
4384,1,0,0,1,10,0,0,1,1,0,0,1,0,1,1,1,3,71.29,712.9,0
4385,1,0,1,1,47,0,1,1,0,0,0,1,0,0,0,1,0,22.46,1055.62,0
4386,0,1,1,1,50,0,0,2,0,1,1,0,0,0,2,1,3,117.88,5894.0,0
4387,1,0,0,0,57,0,0,1,0,1,1,0,0,1,2,1,0,66.51,3791.07,0
4388,0,0,0,1,69,1,0,1,0,1,1,1,1,0,1,1,2,86.07,5938.83,0
4389,0,1,1,0,55,0,1,0,1,1,0,0,0,0,1,0,3,63.12,3471.6,1
4390,0,0,1,1,67,0,0,2,1,0,1,1,1,0,2,0,2,31.69,2123.23,0
4391,1,0,1,0,18,1,0,1,1,0,1,1,1,1,2,0,2,28.9,520.2,0
4392,0,0,1,0,64,0,0,1,1,0,0,0,0,1,0,1,1,100.69,6444.16,0
4393,1,0,1,0,53,1,0,2,0,0,0,1,1,0,0,1,0,69.95,3707.35,0
4394,0,0,1,1,23,1,1,2,1,0,1,0,0,0,2,0,2,79.94,1838.62,0
4395,1,0,1,0,51,0,0,2,1,1,1,0,1,0,0,1,0,45.77,2334.27,0
4396,0,0,1,0,19,1,1,1,1,0,0,1,0,0,2,0,2,114.44,2174.36,0
4397,0,0,1,1,34,0,1,2,0,0,1,1,0,0,0,0,2,86.07,2926.38,0
4398,1,1,1,1,31,1,1,0,1,1,1,1,1,0,0,1,3,28.63,887.53,1
4399,0,0,1,0,42,0,0,1,0,1,0,0,1,0,2,1,0,102.78,4316.76,0
4400,1,0,1,1,26,1,0,0,1,0,0,0,1,1,2,1,0,29.86,776.36,0
4401,0,0,0,0,41,0,0,2,1,0,1,0,0,1,2,1,2,49.89,2045.49,0
4402,0,0,1,0,55,0,1,1,1,1,0,1,1,0,2,0,3,30.2,1661.0,0
4403,1,0,0,0,35,0,1,1,0,1,0,1,0,0,2,0,3,61.5,2152.5,0
4404,0,0,1,0,24,0,1,0,0,0,0,0,1,1,1,1,0,24.39,585.36,0
4405,0,1,1,0,57,1,0,1,0,0,0,0,1,1,1,1,2,20.52,1169.64,0
4406,0,0,0,1,32,1,0,1,0,1,0,1,0,0,0,0,1,73.74,2359.68,1
4407,1,0,1,0,26,1,0,0,0,0,1,0,1,1,2,0,3,30.38,789.88,0
4408,1,0,0,0,22,0,0,0,0,0,0,0,0,1,0,0,1,83.51,1837.22,0
4409,1,0,0,1,48,0,1,0,1,0,1,0,1,1,1,1,0,59.49,2855.52,0
4410,0,0,0,0,43,0,1,0,1,0,0,1,0,1,2,1,1,46.01,1978.43,0
4411,0,1,1,1,70,1,1,0,1,1,0,1,0,0,0,1,0,116.73,8171.1,1
4412,0,0,1,0,50,1,0,2,1,0,0,1,1,0,1,1,2,35.66,1783.0,0
4413,0,0,0,0,17,1,1,0,1,1,0,0,0,0,2,0,3,80.14,1362.38,0
4414,1,0,1,1,45,1,0,0,0,1,1,1,1,0,1,1,2,81.7,3676.5,0
4415,1,1,1,0,25,0,0,2,0,0,1,0,1,0,0,1,3,114.5,2862.5,0
4416,1,0,0,1,66,0,1,2,1,1,1,1,0,1,1,0,0,60.48,3991.68,0
4417,0,0,0,1,3,0,0,2,0,0,0,1,0,1,0,0,2,73.46,220.38,1
4418,1,1,1,1,12,1,0,2,1,0,1,0,1,0,1,0,2,54.64,655.68,0
4419,1,0,0,0,31,0,1,0,0,1,1,1,1,1,0,1,2,48.03,1488.93,0
4420,0,0,1,1,34,1,0,0,0,0,0,0,0,0,1,0,1,52.61,1788.74,0
4421,1,0,1,1,18,0,1,1,0,0,0,1,1,0,2,1,3,38.67,696.06,0
4422,1,0,0,0,48,1,0,1,1,0,1,0,1,0,2,1,2,29.1,1396.8,0
4423,1,0,1,1,17,0,1,2,1,0,1,1,0,0,2,1,2,49.48,841.16,0
4424,0,0,0,1,25,1,1,2,0,1,0,0,1,0,2,0,0,91.0,2275.0,0
4425,0,0,1,0,55,1,0,0,1,1,0,1,0,0,2,1,0,74.08,4074.4,0
4426,0,0,1,0,50,0,1,0,1,1,1,0,0,0,2,0,2,52.88,2644.0,0
4427,1,0,1,0,56,1,0,1,1,0,1,1,1,1,0,1,1,106.93,5988.08,0
4428,1,0,0,1,9,1,1,1,0,1,0,1,1,1,1,1,0,56.35,507.15,1
4429,1,0,1,1,49,0,0,1,1,0,1,0,0,1,0,1,0,84.48,4139.52,0
4430,0,0,1,0,26,1,0,2,0,0,1,0,0,1,0,0,0,83.73,2176.98,0
4431,0,0,0,1,5,1,0,1,0,1,1,1,1,0,2,1,0,35.22,176.1,0
4432,1,0,0,1,49,0,1,0,0,0,1,0,0,0,1,0,2,109.13,5347.37,1
4433,0,0,1,0,14,0,1,2,0,0,0,0,1,0,1,0,0,88.54,1239.56,0
4434,0,0,1,1,50,1,1,1,1,0,0,1,0,1,0,1,0,87.21,4360.5,0
4435,1,1,1,1,68,1,0,2,1,0,1,1,0,0,1,1,1,82.89,5636.52,0
4436,1,0,0,0,11,0,1,2,0,1,1,0,1,0,1,1,1,116.61,1282.71,0
4437,0,1,1,0,2,1,1,2,0,1,0,1,1,0,1,1,1,53.55,107.1,0
4438,1,0,1,1,40,1,0,1,1,0,1,0,0,1,0,0,1,22.31,892.4,1
4439,0,1,1,0,26,0,0,2,1,1,1,0,1,1,1,1,3,64.0,1664.0,1
4440,1,0,0,1,12,1,0,1,1,1,1,1,1,1,1,1,0,39.03,468.36,0
4441,0,0,0,1,12,0,1,1,0,1,0,0,1,1,0,0,1,72.71,872.52,0
4442,0,1,1,0,42,1,1,2,0,0,1,0,0,1,2,1,1,52.14,2189.88,0
4443,1,0,0,1,20,1,0,2,1,1,0,1,0,0,1,1,1,61.69,1233.8,0
4444,1,0,1,0,49,0,1,0,0,1,0,1,0,1,1,0,3,105.04,5146.96,0
4445,0,0,1,0,65,0,0,2,0,1,0,1,1,1,1,1,1,58.09,3775.85,0
4446,1,0,0,1,15,0,1,0,0,0,1,0,1,1,1,1,1,117.84,1767.6,1
4447,0,0,0,1,33,1,0,0,1,0,0,1,1,1,2,0,1,75.49,2491.17,0
4448,0,0,1,1,43,1,0,0,1,0,1,1,0,1,1,0,2,116.08,4991.44,0
4449,0,0,1,0,65,1,0,0,1,0,0,1,0,1,2,0,2,41.32,2685.8,0
4450,0,0,1,0,11,1,1,0,1,0,1,1,0,1,1,1,3,115.11,1266.21,0
4451,1,0,1,0,33,1,0,0,0,0,0,1,1,1,1,1,2,46.48,1533.84,0
4452,1,0,1,1,49,0,1,0,0,0,0,0,0,1,2,1,2,99.16,4858.84,0
4453,1,0,1,0,5,1,1,1,1,0,0,0,1,1,2,1,0,74.68,373.4,0
4454,1,0,0,1,30,0,0,2,1,0,0,0,0,1,1,1,3,112.98,3389.4,0
4455,0,0,0,0,19,1,0,2,0,1,1,0,0,0,0,0,2,97.52,1852.88,0
4456,1,0,1,1,34,1,1,2,0,0,0,1,0,0,2,1,0,68.62,2333.08,0
4457,0,1,1,0,56,0,0,0,0,0,1,0,0,1,2,1,2,43.3,2424.8,0
4458,1,0,1,0,19,0,1,2,0,1,0,1,1,0,1,0,3,72.23,1372.37,0
4459,1,0,1,1,48,1,1,2,0,0,1,1,0,0,2,0,3,69.08,3315.84,1
4460,1,0,1,0,51,1,0,1,0,0,0,0,0,0,0,0,0,27.38,1396.38,0
4461,1,0,0,0,17,1,0,0,0,0,1,1,0,0,0,1,0,114.93,1953.81,0
4462,0,0,0,1,25,0,0,2,0,1,0,1,0,0,2,1,0,74.73,1868.25,0
4463,1,0,0,1,11,1,0,2,1,1,0,1,0,0,2,0,0,63.63,699.93,0
4464,1,1,0,0,56,0,0,2,0,1,1,1,1,0,2,1,0,20.7,1159.2,0
4465,1,1,0,0,58,1,0,0,0,0,1,0,1,0,1,0,2,97.9,5678.2,0
4466,1,0,1,1,13,1,0,1,1,1,1,0,0,0,1,1,1,62.87,817.31,0
4467,1,0,0,1,1,1,1,2,1,0,0,1,1,0,1,1,3,70.98,70.98,0
4468,0,0,1,0,72,1,1,0,1,1,1,0,1,1,1,1,1,77.24,5561.28,0
4469,0,0,0,1,19,0,0,2,0,0,1,0,1,1,0,1,1,116.96,2222.24,1
4470,1,0,0,0,1,1,1,2,1,1,1,1,1,0,1,1,1,105.18,105.18,1
4471,0,1,1,1,8,0,1,2,1,0,0,0,1,1,2,1,0,85.5,684.0,0
4472,0,0,1,0,67,0,0,2,0,1,0,0,0,1,0,0,0,46.29,3101.43,1
4473,1,1,1,1,54,0,0,1,0,0,0,1,0,0,2,1,3,60.15,3248.1,0
4474,1,0,1,0,65,0,1,0,0,0,0,1,0,1,1,1,3,99.61,6474.65,0
4475,1,1,0,0,72,0,0,0,0,1,1,0,1,0,2,1,1,50.06,3604.32,0
4476,1,0,1,1,7,0,0,1,0,1,1,1,0,1,0,0,0,97.1,679.7,0
4477,0,0,1,1,63,1,1,1,0,0,1,1,0,0,2,1,1,103.09,6494.67,0
4478,0,0,0,0,63,1,0,0,0,1,0,0,1,0,2,0,3,37.68,2373.84,0
4479,0,0,1,0,66,1,1,2,0,1,1,1,0,0,0,0,2,76.83,5070.78,0
4480,1,1,1,0,38,0,1,1,1,1,0,1,0,1,1,1,2,51.51,1957.38,0
4481,1,0,0,1,35,0,1,1,1,0,0,1,1,0,0,1,0,64.13,2244.55,0
4482,0,0,1,1,19,0,1,2,1,0,1,0,0,1,2,1,2,26.49,503.31,0
4483,0,0,1,1,5,0,0,1,0,0,0,0,0,0,2,1,2,78.9,394.5,0
4484,1,0,0,0,14,0,1,1,1,0,0,0,1,0,2,0,1,111.52,1561.28,0
4485,0,0,1,1,64,0,1,0,1,0,0,0,1,1,2,0,1,68.19,4364.16,0
4486,0,0,1,1,37,1,0,1,0,1,1,1,0,1,2,1,3,44.75,1655.75,0
4487,0,0,0,0,12,0,0,1,1,1,1,1,0,0,0,0,0,99.89,1198.68,0
4488,1,1,1,0,39,0,0,2,0,1,0,0,1,1,2,0,0,80.72,3148.08,0
4489,0,0,1,0,70,0,1,0,0,0,1,0,0,0,1,0,0,64.54,4517.8,0
4490,1,0,1,0,35,1,1,1,0,1,1,0,1,0,1,0,2,28.03,981.05,0
4491,1,0,0,1,32,1,0,2,0,0,0,0,1,0,2,0,2,79.82,2554.24,0
4492,0,0,0,1,49,1,0,1,0,1,0,0,0,0,2,1,0,102.16,5005.84,0
4493,1,0,0,0,27,0,0,0,1,1,0,1,1,0,0,0,0,32.46,876.42,0
4494,0,0,1,0,44,1,1,2,1,0,1,0,0,1,1,0,3,41.65,1832.6,0
4495,0,0,1,0,18,1,1,1,0,1,0,1,0,0,2,0,0,118.02,2124.36,0
4496,1,0,0,1,38,0,0,0,1,0,0,1,1,0,1,1,0,90.1,3423.8,0
4497,0,1,1,0,62,1,0,0,1,1,0,0,0,1,2,0,1,104.67,6489.54,0
4498,0,0,1,1,69,1,1,2,0,0,0,0,1,1,1,1,3,107.5,7417.5,0
4499,0,0,1,1,5,1,0,0,1,1,1,0,0,0,0,1,0,91.21,456.05,0
4500,1,0,0,1,10,1,0,1,1,0,1,0,1,0,1,0,1,28.77,287.7,0
4501,0,0,1,1,35,0,0,2,1,0,0,1,1,0,2,0,1,28.06,982.1,1
4502,0,0,1,0,17,0,0,1,0,0,1,0,0,0,1,1,1,67.16,1141.72,1
4503,0,0,1,0,50,1,0,0,0,0,1,1,0,0,0,0,0,83.87,4193.5,1
4504,1,0,1,0,42,1,0,0,1,0,0,1,0,0,2,0,0,59.17,2485.14,0
4505,1,0,0,0,31,1,1,0,0,1,1,1,1,1,1,0,1,67.41,2089.71,0
4506,0,0,0,1,25,1,1,0,1,1,0,0,1,0,1,1,1,89.53,2238.25,0
4507,0,0,1,1,30,1,0,2,1,1,0,0,1,1,0,1,1,65.22,1956.6,0
4508,1,0,0,1,1,0,1,0,0,0,1,1,0,0,2,0,1,30.36,30.36,0
4509,1,0,1,0,49,1,0,0,1,0,0,1,0,1,2,0,0,55.09,2699.41,0
4510,1,1,0,1,27,0,1,1,1,0,1,0,0,0,2,1,3,30.37,819.99,0
4511,0,0,0,1,21,1,0,2,0,0,1,0,1,1,1,1,3,116.9,2454.9,0
4512,0,0,1,1,37,1,1,1,1,1,0,1,0,0,1,0,1,64.28,2378.36,1
4513,0,0,0,1,28,1,0,1,0,0,1,0,0,0,1,1,2,82.57,2311.96,0
4514,1,1,1,0,46,1,1,1,0,1,0,0,1,1,1,0,1,35.45,1630.7,0
4515,0,0,1,1,47,0,1,0,0,1,0,1,1,0,1,0,3,94.77,4454.19,1
4516,0,0,0,0,10,1,0,1,0,1,0,1,1,1,2,1,3,25.54,255.4,0
4517,1,1,0,0,62,1,0,0,1,1,0,1,1,1,0,0,1,38.02,2357.24,1
4518,1,1,1,1,15,0,0,0,1,0,0,0,1,0,2,0,0,91.46,1371.9,0
4519,1,1,1,1,13,0,0,0,1,1,1,0,1,0,2,0,0,107.32,1395.16,0
4520,0,0,0,1,34,0,1,0,1,1,0,0,1,0,0,0,3,92.97,3160.98,0
4521,0,0,1,0,30,1,1,0,1,0,1,0,1,1,1,1,0,93.47,2804.1,0
4522,0,0,1,1,26,0,1,2,0,0,1,0,1,0,1,1,1,93.05,2419.3,0
4523,1,0,1,1,52,1,0,2,1,1,0,0,1,0,0,0,2,106.31,5528.12,0
4524,1,1,1,1,38,0,1,2,0,0,1,1,1,0,0,1,0,112.52,4275.76,1
4525,0,0,1,1,30,1,0,1,0,1,0,1,1,1,1,1,3,32.06,961.8,0
4526,1,1,0,0,63,1,1,2,0,1,0,1,0,1,0,0,3,104.07,6556.41,0
4527,1,1,0,0,4,0,0,2,0,1,1,1,1,0,1,1,2,68.12,272.48,1
4528,0,1,0,1,53,0,0,1,0,0,1,1,1,0,0,0,0,53.34,2827.02,0
4529,0,0,1,1,46,0,0,2,1,0,0,0,0,1,2,1,0,119.37,5491.02,0
4530,0,0,1,0,57,1,0,0,1,1,0,0,0,1,2,0,2,68.58,3909.06,0
4531,1,0,0,1,35,1,1,1,0,0,0,1,0,1,0,0,0,64.96,2273.6,0
4532,0,1,1,0,27,0,0,0,0,1,1,0,1,1,2,1,0,119.57,3228.39,0
4533,1,0,0,1,22,1,0,0,1,1,1,0,1,0,0,1,3,46.97,1033.34,1
4534,1,0,1,0,44,1,0,1,0,0,0,1,1,0,1,1,2,101.18,4451.92,0
4535,0,0,0,0,33,1,0,1,1,0,0,1,1,0,2,1,1,111.75,3687.75,0
4536,1,0,0,0,62,1,1,2,0,1,0,1,1,0,1,1,2,80.67,5001.54,0
4537,1,1,1,1,27,0,1,0,0,1,0,1,1,0,2,0,3,38.69,1044.63,0
4538,1,0,1,0,31,0,1,1,1,0,1,1,1,0,0,1,1,46.25,1433.75,0
4539,0,0,1,1,26,1,0,2,1,0,1,1,1,0,1,0,3,113.92,2961.92,0
4540,0,0,0,1,3,1,1,1,1,0,0,1,0,1,1,1,2,35.16,105.48,0
4541,0,0,1,0,67,0,1,0,1,1,0,0,0,1,2,1,3,22.46,1504.82,0
4542,1,0,1,1,66,1,1,0,0,0,0,0,0,1,0,0,1,40.36,2663.76,0
4543,0,0,0,1,26,0,0,1,1,0,1,0,0,0,1,0,0,65.51,1703.26,0
4544,0,1,0,0,62,0,0,1,1,0,0,0,1,1,1,0,1,27.89,1729.18,0
4545,1,0,1,1,4,1,1,0,1,0,0,1,1,1,0,1,3,53.83,215.32,0
4546,1,1,0,0,20,0,1,0,1,0,1,0,1,0,0,0,2,119.12,2382.4,0
4547,1,0,0,1,40,0,0,1,0,0,0,1,0,0,1,1,3,29.19,1167.6,0
4548,0,1,1,1,27,1,0,0,0,0,1,1,1,0,1,0,1,64.9,1752.3,1
4549,1,0,1,1,46,0,1,0,0,0,1,0,0,1,2,0,0,72.25,3323.5,0
4550,1,1,0,1,55,0,1,2,0,1,0,0,1,0,0,1,1,55.62,3059.1,0
4551,0,0,1,1,17,1,1,1,1,1,1,1,0,1,2,0,1,44.78,761.26,0
4552,1,0,1,1,17,0,0,2,0,0,0,0,0,1,2,1,3,87.44,1486.48,0
4553,0,0,1,0,32,0,0,2,0,0,1,1,0,0,2,1,3,88.83,2842.56,0
4554,1,0,1,0,4,0,0,2,1,0,1,0,1,1,1,0,3,61.21,244.84,0
4555,1,0,1,0,16,0,1,2,1,1,1,1,0,1,1,0,1,56.68,906.88,0
4556,1,0,0,0,37,0,1,0,0,0,0,0,0,0,0,0,2,81.45,3013.65,1
4557,0,0,0,0,42,1,0,1,1,0,1,0,1,1,1,0,3,21.49,902.58,1
4558,1,0,0,0,47,1,0,1,1,1,1,1,0,1,2,1,2,70.46,3311.62,0
4559,0,0,1,0,13,0,0,2,1,0,0,1,1,1,2,0,1,95.31,1239.03,0
4560,1,0,0,0,53,1,0,0,1,0,1,1,0,0,1,0,1,117.18,6210.54,0
4561,0,0,1,0,61,0,1,0,1,0,0,0,1,1,2,1,2,39.9,2433.9,0
4562,0,0,0,0,47,0,0,1,0,0,1,1,1,1,1,0,1,44.95,2112.65,0
4563,1,0,1,1,63,0,0,0,0,0,0,0,1,1,0,1,3,115.64,7285.32,1
4564,0,0,1,1,32,1,1,0,1,1,0,0,1,0,1,0,3,43.43,1389.76,1
4565,1,0,1,1,53,0,0,0,1,1,1,0,0,1,2,1,1,42.98,2277.94,0
4566,0,1,0,1,72,1,0,0,0,1,1,0,0,0,1,1,2,88.04,6338.88,0
4567,1,0,1,0,7,0,1,2,1,1,1,1,0,1,2,0,2,104.59,732.13,0
4568,1,0,0,1,17,0,1,1,1,0,1,1,1,1,2,0,2,67.71,1151.07,0
4569,1,0,0,0,60,0,1,1,0,0,1,1,0,0,2,0,3,70.18,4210.8,0
4570,0,0,1,0,29,0,0,0,1,0,1,1,0,0,0,1,2,96.0,2784.0,1
4571,1,0,0,1,32,1,0,2,1,1,0,0,0,1,2,1,2,58.74,1879.68,0
4572,0,0,1,0,48,0,1,1,0,1,1,0,0,0,1,0,2,39.4,1891.2,0
4573,0,0,1,1,70,0,1,1,1,1,0,1,1,1,2,0,1,70.29,4920.3,0
4574,0,0,1,0,38,1,0,1,0,1,1,0,1,0,1,1,1,107.31,4077.78,0
4575,0,0,0,1,57,0,0,1,0,0,0,0,0,1,1,1,3,79.39,4525.23,0
4576,0,0,0,0,20,0,1,2,1,1,1,0,1,1,2,1,3,35.99,719.8,1
4577,1,1,1,0,72,0,0,2,1,1,0,0,0,0,0,1,0,87.16,6275.52,1
4578,1,0,0,0,51,0,1,0,0,0,0,0,1,0,1,1,0,56.93,2903.43,0
4579,1,0,0,1,18,1,1,2,0,1,0,0,1,1,1,1,1,103.56,1864.08,1
4580,1,1,0,1,12,0,0,0,1,1,0,1,1,1,0,0,3,102.48,1229.76,1
4581,0,0,0,1,3,1,1,0,1,0,0,0,0,0,2,1,0,59.29,177.87,0
4582,0,1,0,0,69,1,1,0,0,0,0,1,0,1,2,0,0,87.98,6070.62,0
4583,1,1,1,0,59,1,1,0,1,1,0,1,1,0,2,0,0,66.41,3918.19,0
4584,1,1,0,1,45,1,1,1,1,0,1,1,1,0,0,0,1,56.33,2534.85,0
4585,0,0,0,0,70,0,1,2,1,0,0,0,1,0,1,1,2,63.52,4446.4,0
4586,1,0,1,1,45,1,1,1,1,0,1,1,0,0,2,0,1,93.67,4215.15,0
4587,0,0,1,0,69,1,0,1,1,0,0,0,0,1,0,0,2,108.11,7459.59,0
4588,1,0,0,1,72,1,0,0,1,0,1,1,1,1,0,0,3,65.83,4739.76,1
4589,1,0,0,0,48,1,1,1,1,0,0,0,0,1,1,0,2,43.27,2076.96,0
4590,0,1,0,0,65,0,1,1,0,0,0,0,0,1,1,0,0,37.71,2451.15,0
4591,1,0,0,0,2,0,0,0,0,1,1,1,0,1,1,0,3,95.9,191.8,0
4592,0,0,0,0,71,1,1,2,1,1,1,1,0,1,1,0,0,73.04,5185.84,0
4593,0,1,0,0,71,1,0,1,1,0,1,1,1,1,0,0,1,47.13,3346.23,0
4594,0,0,1,1,4,1,1,2,1,1,1,0,1,1,2,0,3,70.39,281.56,0
4595,1,0,1,1,44,0,1,1,1,0,1,0,1,0,1,0,2,50.37,2216.28,0
4596,0,0,0,0,10,0,0,0,0,0,1,0,0,0,2,1,1,26.95,269.5,0
4597,0,0,1,1,16,0,1,0,0,1,1,1,0,0,2,0,0,78.75,1260.0,0
4598,0,0,1,1,49,0,1,0,1,1,0,1,1,1,2,0,0,21.75,1065.75,0
4599,1,0,1,1,15,0,1,1,0,1,1,1,1,1,0,0,0,106.01,1590.15,0
4600,0,0,1,0,28,0,1,1,1,0,0,0,0,1,2,1,0,81.2,2273.6,0
4601,0,0,0,0,51,1,0,1,1,0,1,0,1,0,1,1,2,40.47,2063.97,0
4602,0,0,0,1,32,0,1,1,1,0,0,1,1,1,0,0,1,49.85,1595.2,0
4603,1,0,0,1,60,0,0,0,1,1,0,0,1,1,0,0,0,32.62,1957.2,0
4604,0,0,1,1,35,0,1,1,1,0,0,1,0,1,2,1,3,119.54,4183.9,0
4605,1,0,0,1,67,1,0,0,1,1,1,0,0,1,1,1,0,46.72,3130.24,0
4606,1,0,1,1,60,0,0,2,1,0,0,1,1,0,0,1,3,119.5,7170.0,0
4607,1,1,1,1,68,1,1,1,1,1,1,0,0,0,1,1,0,109.13,7420.84,0
4608,0,0,0,1,4,0,0,0,1,0,1,0,0,0,2,0,0,88.03,352.12,0
4609,0,0,0,1,63,1,1,2,0,1,1,0,1,1,2,1,0,109.73,6912.99,0
4610,1,0,0,1,71,0,1,0,1,0,0,1,0,0,2,1,1,23.34,1657.14,0
4611,0,1,1,0,51,0,0,2,1,0,0,0,1,1,2,0,0,77.49,3951.99,0
4612,0,1,1,0,36,0,1,1,1,1,1,1,0,0,2,1,0,105.64,3803.04,0
4613,0,0,1,0,40,0,0,0,1,1,0,0,0,0,0,0,2,87.7,3508.0,0
4614,1,0,1,0,15,0,0,0,0,1,1,0,1,1,2,1,3,114.88,1723.2,0
4615,1,0,0,1,17,0,1,1,1,1,0,1,0,0,2,0,0,69.58,1182.86,0
4616,0,0,1,0,55,0,1,1,1,0,1,0,0,1,2,0,2,28.13,1547.15,0
4617,0,0,0,0,67,1,0,2,1,0,1,0,0,0,0,1,3,23.19,1553.73,0
4618,1,0,1,0,25,1,1,2,1,1,1,0,1,1,1,0,3,108.05,2701.25,0
4619,1,1,0,1,71,1,0,1,1,1,0,0,0,0,1,1,2,71.94,5107.74,0
4620,1,0,0,1,5,1,0,1,0,1,0,0,0,1,0,0,3,25.68,128.4,1
4621,1,0,0,0,43,0,0,2,1,1,1,0,0,1,0,0,1,94.47,4062.21,0
4622,1,0,0,1,38,0,0,2,1,0,0,1,0,1,2,1,0,115.38,4384.44,0
4623,0,0,0,0,32,1,0,1,1,1,0,0,1,0,2,0,3,52.15,1668.8,0
4624,0,0,0,0,47,0,1,2,1,1,0,0,0,0,2,1,2,118.21,5555.87,0
4625,1,0,1,0,45,0,1,2,1,1,0,0,1,0,0,0,3,79.42,3573.9,1
4626,0,0,1,1,27,1,0,2,0,0,0,1,0,1,1,1,3,84.62,2284.74,0
4627,1,1,0,1,72,1,1,0,1,1,1,0,0,1,1,0,1,84.44,6079.68,0
4628,0,1,0,1,51,0,0,2,1,1,0,0,0,1,1,0,3,33.22,1694.22,0
4629,1,1,0,1,17,1,1,1,0,1,1,0,0,0,0,1,1,69.8,1186.6,0
4630,0,0,1,1,63,1,0,1,0,1,1,1,1,1,1,0,3,106.9,6734.7,0
4631,1,0,0,1,4,0,0,1,0,1,0,1,1,0,1,0,1,92.87,371.48,0
4632,0,0,0,1,39,0,0,1,0,0,0,1,0,0,1,0,3,38.56,1503.84,0
4633,0,1,0,0,59,1,0,1,0,1,0,0,1,1,2,1,0,39.79,2347.61,0
4634,0,0,0,1,4,0,0,2,0,0,0,1,1,1,0,1,2,112.6,450.4,0
4635,1,0,0,0,44,1,1,0,1,1,1,0,0,0,0,0,2,97.42,4286.48,0
4636,1,0,0,0,49,1,1,1,0,1,0,1,0,1,0,1,1,26.72,1309.28,0
4637,1,1,0,1,5,0,0,1,1,0,0,0,0,0,0,1,2,31.09,155.45,1
4638,1,1,1,0,59,0,0,1,0,0,0,0,0,0,0,1,1,68.22,4024.98,0
4639,0,0,0,1,22,0,0,2,0,1,1,1,0,0,2,0,0,25.33,557.26,0
4640,1,0,1,1,40,0,0,1,0,1,1,0,1,0,1,0,3,116.42,4656.8,0
4641,0,1,1,0,1,1,1,0,1,1,0,1,0,0,2,1,3,71.86,71.86,0
4642,1,0,0,1,44,1,0,1,0,0,1,0,0,0,0,1,1,36.91,1624.04,0
4643,0,0,0,0,55,1,1,2,1,0,1,1,1,0,0,0,2,119.38,6565.9,0
4644,0,0,0,0,70,1,0,1,0,0,1,0,0,0,2,0,1,76.56,5359.2,0
4645,0,0,1,0,9,0,1,0,1,1,0,0,1,1,2,0,1,48.89,440.01,0
4646,0,0,1,0,60,1,0,0,1,0,1,0,0,0,1,1,2,67.44,4046.4,0
4647,0,0,1,0,19,0,1,1,1,0,0,0,0,0,0,0,2,112.05,2128.95,1
4648,1,0,1,1,6,1,0,0,1,0,1,0,1,1,2,1,1,73.44,440.64,0
4649,0,1,1,1,5,1,1,0,0,1,1,1,0,1,2,0,2,99.57,497.85,1
4650,0,0,0,1,67,0,0,0,0,1,1,0,1,0,1,1,1,90.18,6042.06,0
4651,0,0,1,0,67,0,1,2,1,0,1,1,0,0,1,1,1,113.37,7595.79,0
4652,0,0,0,1,47,1,0,1,0,0,1,0,1,0,0,0,0,99.95,4697.65,1
4653,1,0,0,1,53,1,1,1,0,0,0,0,1,1,1,0,2,62.26,3299.78,1
4654,0,0,1,0,36,1,0,1,1,0,1,0,0,1,2,0,1,101.57,3656.52,0
4655,1,0,0,1,51,0,0,1,0,1,1,0,0,0,2,0,3,88.37,4506.87,0
4656,1,0,1,1,34,1,0,1,1,1,1,1,0,0,1,0,0,59.92,2037.28,0
4657,1,1,0,1,67,0,0,1,1,1,1,0,0,1,2,1,1,114.91,7698.97,0
4658,1,1,0,1,43,1,1,1,1,1,1,0,0,1,2,1,2,87.41,3758.63,0
4659,0,0,1,1,52,0,1,0,0,0,1,0,1,1,0,0,1,92.25,4797.0,1
4660,0,0,0,0,37,0,0,2,0,0,1,0,1,0,0,0,0,116.1,4295.7,1
4661,1,0,1,0,22,0,0,0,0,0,1,1,1,0,2,1,1,56.38,1240.36,0
4662,0,0,1,1,12,0,1,0,1,1,1,0,1,1,2,1,3,57.6,691.2,0
4663,0,0,1,0,5,0,1,0,0,0,1,0,1,1,1,0,3,100.25,501.25,0
4664,1,0,1,0,29,0,0,1,1,0,1,0,0,1,2,1,1,23.98,695.42,0
4665,0,0,1,0,8,1,0,1,0,1,1,0,1,0,0,0,2,21.86,174.88,0
4666,1,1,1,0,18,0,0,0,1,0,0,0,1,0,0,1,3,88.06,1585.08,1
4667,1,0,0,1,51,0,0,0,1,0,1,0,1,1,0,0,0,27.91,1423.41,1
4668,1,0,1,1,4,0,1,1,1,1,0,0,1,0,0,1,3,101.2,404.8,0
4669,0,0,0,1,22,0,1,2,0,0,0,1,1,0,1,0,0,62.61,1377.42,1
4670,0,0,1,1,41,1,0,2,1,1,1,0,0,1,2,0,1,60.47,2479.27,0
4671,0,0,1,0,12,1,1,0,0,1,1,0,1,0,0,1,2,45.96,551.52,1
4672,1,0,1,1,56,0,0,2,0,1,0,1,1,1,2,0,0,74.75,4186.0,0
4673,0,0,1,1,26,1,0,0,1,0,0,1,1,0,1,0,1,28.77,748.02,0
4674,0,0,0,1,26,1,1,1,0,1,1,1,0,0,2,1,2,88.82,2309.32,0
4675,1,1,1,1,66,1,0,2,0,1,1,1,0,0,2,1,1,97.64,6444.24,0
4676,0,0,1,1,26,1,0,0,0,1,0,0,0,1,0,0,1,46.85,1218.1,0
4677,0,0,1,1,66,1,0,2,0,1,1,1,0,0,1,1,1,20.2,1333.2,0
4678,1,0,1,1,29,1,1,2,0,0,0,0,1,1,1,0,2,45.51,1319.79,0
4679,1,1,1,1,62,0,1,2,1,0,1,1,0,0,1,0,2,55.42,3436.04,0
4680,0,0,0,1,24,1,0,1,0,0,0,0,0,1,0,1,1,89.68,2152.32,0
4681,1,0,1,0,58,1,0,0,0,0,1,0,0,0,0,0,0,80.79,4685.82,0
4682,1,0,1,1,56,1,1,2,1,1,1,0,1,1,1,1,0,96.18,5386.08,0
4683,1,0,1,1,45,0,1,0,0,0,1,1,1,0,1,1,0,108.67,4890.15,0
4684,1,0,1,1,66,0,1,1,1,1,1,1,0,0,2,1,1,118.96,7851.36,0
4685,1,0,1,0,38,0,1,2,1,0,0,1,0,0,0,0,0,44.72,1699.36,1
4686,1,0,1,1,59,1,1,0,0,1,0,1,0,1,0,0,1,62.17,3668.03,1
4687,0,0,0,0,15,0,1,1,0,0,1,0,0,1,1,1,3,82.0,1230.0,0
4688,0,1,1,1,58,1,1,2,0,0,1,0,0,1,2,1,0,64.29,3728.82,0
4689,0,1,1,0,22,1,0,2,1,1,1,1,1,0,0,1,3,31.69,697.18,0
4690,0,0,1,0,23,0,0,0,1,0,1,1,1,0,1,0,3,85.12,1957.76,0
4691,1,0,1,1,47,0,0,1,0,0,0,0,0,1,1,1,3,48.76,2291.72,1
4692,0,0,1,1,2,1,0,2,0,0,0,1,1,0,0,0,2,74.97,149.94,0
4693,0,0,0,1,35,1,1,0,0,1,1,0,1,0,2,1,0,61.04,2136.4,0
4694,1,1,1,0,5,1,1,2,0,1,1,1,0,0,2,1,0,59.49,297.45,0
4695,0,1,0,0,13,0,0,0,0,1,1,0,1,1,0,0,0,82.63,1074.19,0
4696,0,0,1,0,33,1,0,0,0,0,1,0,0,1,0,0,0,60.35,1991.55,0
4697,1,0,0,0,57,1,0,0,0,1,1,1,0,1,2,0,2,83.44,4756.08,0
4698,1,0,0,1,38,0,1,0,1,0,0,0,0,0,1,1,3,85.69,3256.22,0
4699,0,1,1,1,23,0,1,0,0,1,1,1,0,1,2,0,0,50.25,1155.75,0
4700,1,0,0,1,39,1,0,1,0,1,0,0,1,0,2,0,3,36.18,1411.02,0
4701,1,0,1,1,68,1,0,1,1,0,0,1,1,1,0,0,0,115.19,7832.92,1
4702,1,0,0,0,24,0,1,1,1,0,1,0,0,0,0,1,0,49.75,1194.0,0
4703,1,0,0,0,21,1,1,0,0,1,1,1,1,0,1,1,2,118.26,2483.46,0
4704,1,0,1,0,19,0,0,0,0,1,0,1,0,1,2,1,3,105.06,1996.14,0
4705,0,0,1,0,48,0,1,0,0,1,0,0,0,0,0,0,1,26.65,1279.2,0
4706,0,0,1,0,11,1,0,0,1,0,0,1,0,0,2,0,2,58.77,646.47,0
4707,0,0,1,0,13,1,0,0,1,1,1,0,0,0,2,0,0,119.02,1547.26,0
4708,1,0,0,1,65,1,1,1,1,1,0,0,0,0,0,1,3,94.63,6150.95,0
4709,1,0,0,0,69,1,1,1,0,1,0,0,1,0,1,0,3,101.94,7033.86,0
4710,1,0,0,0,2,0,0,2,0,0,0,0,1,0,2,1,0,86.63,173.26,0
4711,1,0,1,1,17,0,0,2,1,0,0,1,0,0,0,0,2,87.69,1490.73,0
4712,0,0,1,1,63,0,0,2,1,0,1,1,0,1,2,0,2,37.1,2337.3,0
4713,0,1,1,1,17,1,0,0,0,1,1,1,1,0,0,0,3,75.51,1283.67,0
4714,0,1,1,0,47,0,1,1,0,1,0,0,1,1,1,0,1,113.39,5329.33,0
4715,1,0,0,0,34,0,0,1,0,0,1,1,1,0,2,0,1,96.49,3280.66,0
4716,1,0,0,1,62,1,1,0,0,0,0,1,1,1,2,0,3,64.61,4005.82,0
4717,1,0,0,0,43,0,1,2,1,1,1,0,0,0,2,0,0,74.8,3216.4,0
4718,0,0,0,1,20,0,1,0,1,0,0,1,1,0,0,0,0,97.28,1945.6,0
4719,1,0,0,1,64,1,1,0,1,1,1,1,0,0,0,0,1,32.94,2108.16,0
4720,0,0,1,1,31,0,1,1,0,0,1,1,0,1,0,0,1,70.79,2194.49,0
4721,1,0,1,1,13,1,0,1,1,1,1,1,0,0,1,0,1,94.33,1226.29,0
4722,1,0,0,1,35,0,0,2,1,0,0,1,1,1,2,0,3,51.26,1794.1,0
4723,0,0,0,1,24,0,1,2,0,1,0,0,0,1,2,1,3,58.54,1404.96,0
4724,1,1,1,0,4,1,0,0,1,1,0,0,0,0,2,0,3,52.62,210.48,0
4725,0,0,1,0,5,1,0,1,0,1,0,0,0,0,2,0,1,23.03,115.15,0
4726,0,1,0,1,10,0,0,2,1,1,0,1,0,1,0,0,3,96.54,965.4,1
4727,1,0,0,0,2,0,1,1,0,0,1,1,0,0,0,0,1,112.81,225.62,1
4728,1,0,1,0,67,1,0,2,1,0,0,1,0,0,1,1,2,64.95,4351.65,0
4729,1,1,1,1,8,0,1,0,1,0,0,0,1,0,1,0,0,45.74,365.92,1
4730,0,0,0,1,62,0,1,1,0,0,1,0,0,1,1,1,3,55.28,3427.36,0
4731,0,1,1,0,63,1,1,1,0,0,0,0,1,0,1,1,2,21.85,1376.55,0
4732,1,0,0,0,9,1,1,2,1,1,1,0,0,0,1,0,3,112.17,1009.53,0
4733,0,0,0,0,35,1,0,2,1,0,1,0,0,1,1,1,3,79.38,2778.3,0
4734,0,1,1,0,28,0,1,1,1,1,1,1,1,0,2,0,1,26.64,745.92,0
4735,1,0,0,0,20,0,1,2,0,0,0,1,0,0,1,0,0,102.76,2055.2,0
4736,0,0,0,0,43,0,1,1,1,0,0,1,1,0,2,1,0,80.4,3457.2,0
4737,0,0,1,0,23,1,0,0,0,1,0,0,1,0,0,0,3,93.27,2145.21,0
4738,1,0,1,1,40,1,0,2,1,1,0,0,1,1,2,1,0,117.0,4680.0,0
4739,1,1,1,1,23,1,0,0,0,1,0,0,1,1,1,1,0,48.67,1119.41,0
4740,1,0,0,1,49,1,1,0,0,1,1,1,0,0,2,0,1,84.0,4116.0,0
4741,0,0,1,0,19,1,0,1,1,1,1,1,1,0,1,1,3,28.68,544.92,0
4742,0,0,1,1,56,1,0,2,0,1,1,1,1,0,2,1,3,55.28,3095.68,0
4743,1,0,0,0,50,0,0,2,0,0,1,0,1,0,0,1,3,82.76,4138.0,1
4744,1,0,1,1,22,1,0,2,0,0,1,1,1,0,2,1,3,53.16,1169.52,0
4745,1,0,0,1,49,1,0,2,0,0,1,1,0,0,1,0,0,47.73,2338.77,0
4746,1,0,1,0,16,0,0,1,1,0,1,1,1,1,2,1,3,89.49,1431.84,0
4747,1,0,1,1,48,0,0,0,1,0,0,0,1,1,2,0,1,116.43,5588.64,0
4748,1,0,1,1,59,0,1,2,1,0,0,0,1,1,1,0,3,41.64,2456.76,0
4749,0,1,1,0,38,0,1,1,1,1,1,1,1,1,0,0,2,29.87,1135.06,0
4750,1,0,0,0,49,0,0,2,0,0,1,0,1,1,2,0,0,117.85,5774.65,0
4751,1,0,1,1,62,1,0,1,0,0,0,1,0,0,2,0,3,37.0,2294.0,0
4752,1,0,0,1,59,1,0,2,0,1,0,0,0,1,0,1,2,48.17,2842.03,0
4753,1,0,0,1,59,0,0,0,1,0,0,0,0,0,2,1,2,23.77,1402.43,0
4754,0,0,1,1,12,1,1,1,0,0,1,1,0,1,0,1,1,26.88,322.56,1
4755,0,0,1,0,11,1,1,0,1,1,0,0,0,0,2,0,1,26.93,296.23,0
4756,1,0,0,0,50,0,1,2,0,0,0,0,1,0,0,1,0,115.28,5764.0,1
4757,1,0,1,0,36,1,1,1,1,1,0,0,0,0,1,0,1,87.09,3135.24,0
4758,0,0,1,1,19,1,0,0,0,1,0,1,1,0,2,1,0,31.78,603.82,0
4759,0,0,1,0,24,0,0,0,1,0,0,0,0,0,2,1,1,41.91,1005.84,0
4760,1,0,1,0,52,0,0,0,0,0,0,0,0,0,2,1,0,64.91,3375.32,0
4761,1,0,1,0,7,1,0,0,0,1,0,1,1,1,1,0,3,20.12,140.84,1
4762,0,1,1,0,5,0,1,1,0,0,1,1,1,0,2,1,0,89.58,447.9,0
4763,1,1,1,1,48,0,1,2,0,1,0,0,1,0,0,1,0,32.07,1539.36,0
4764,0,0,1,0,42,1,0,2,1,0,1,1,0,1,2,0,1,30.52,1281.84,0
4765,1,1,0,0,47,1,1,1,1,0,1,1,0,1,1,1,0,24.77,1164.19,1
4766,0,1,0,0,13,1,1,2,0,1,1,1,1,0,0,1,2,110.66,1438.58,0
4767,1,0,0,1,22,1,0,2,0,1,1,0,0,1,1,1,0,58.23,1281.06,0
4768,0,0,0,1,35,1,0,1,1,1,1,0,0,1,1,0,2,42.92,1502.2,0
4769,0,0,1,1,65,0,1,1,1,0,1,1,1,1,1,1,0,75.15,4884.75,0
4770,1,0,1,1,50,0,0,2,0,1,0,1,1,1,1,1,1,56.23,2811.5,0
4771,0,1,0,0,69,0,1,2,0,0,1,0,0,0,0,0,1,57.33,3955.77,1
4772,0,0,1,0,59,1,0,1,0,1,0,0,1,1,0,1,0,77.62,4579.58,0
4773,0,0,1,1,61,1,1,0,1,0,1,0,0,1,1,1,2,89.13,5436.93,1
4774,0,0,1,1,1,0,1,2,1,0,1,1,0,1,0,0,0,65.55,65.55,0
4775,0,0,0,1,67,1,1,0,0,1,1,0,0,1,2,1,3,102.09,6840.03,1
4776,1,0,0,0,20,0,1,2,1,1,0,1,0,1,1,1,2,97.58,1951.6,0
4777,1,1,1,0,62,0,0,1,0,0,1,0,0,1,1,1,3,58.75,3642.5,0
4778,1,0,0,1,29,1,0,1,1,0,0,0,1,0,1,1,0,73.21,2123.09,0
4779,0,0,0,0,37,1,1,2,1,0,1,1,1,0,0,0,2,86.21,3189.77,0
4780,1,1,0,0,40,1,0,1,1,0,1,1,0,1,2,0,3,73.73,2949.2,0
4781,0,0,0,0,62,1,0,0,0,0,0,1,1,0,2,1,2,115.45,7157.9,0
4782,1,0,1,0,66,0,1,0,1,1,0,0,0,1,0,0,3,48.72,3215.52,0
4783,1,0,1,1,22,0,0,0,0,0,1,1,1,1,0,0,3,25.75,566.5,1
4784,1,0,1,1,63,1,0,0,1,0,0,1,0,0,1,1,2,25.7,1619.1,0
4785,0,0,0,1,31,0,0,1,0,0,0,1,0,1,1,0,0,104.99,3254.69,0
4786,1,0,1,1,8,0,1,2,1,0,0,0,1,1,1,1,3,47.1,376.8,0
4787,1,1,1,0,29,0,0,2,1,0,1,0,0,1,1,0,2,109.38,3172.02,0
4788,0,1,0,0,39,1,0,1,0,1,0,1,0,1,1,1,3,35.3,1376.7,1
4789,1,1,0,0,68,1,1,1,1,1,1,1,1,0,0,0,3,113.06,7688.08,0
4790,0,1,1,0,2,1,0,2,1,1,1,1,1,0,1,1,3,34.69,69.38,1
4791,1,1,0,0,36,0,0,2,1,1,0,1,0,1,0,0,2,73.06,2630.16,0
4792,1,1,0,1,52,1,1,1,1,1,1,1,0,0,1,0,1,87.92,4571.84,0
4793,1,0,1,1,72,1,1,0,1,1,0,1,1,0,0,1,2,118.28,8516.16,0
4794,0,1,1,1,69,1,1,1,1,0,0,1,0,1,1,1,2,65.55,4522.95,0
4795,1,0,0,0,69,0,0,1,1,1,0,1,0,1,0,1,3,73.96,5103.24,0
4796,0,0,1,1,2,1,0,2,1,1,1,0,1,0,0,0,0,84.13,168.26,0
4797,0,0,0,0,55,0,1,2,1,1,0,1,0,0,1,1,0,110.5,6077.5,0
4798,0,0,1,1,47,0,1,1,1,0,1,1,0,0,0,0,1,100.9,4742.3,0
4799,0,0,0,1,72,1,0,2,0,1,0,0,1,1,0,0,0,41.46,2985.12,1
4800,1,0,0,1,43,0,0,2,0,0,1,0,0,1,0,1,2,66.16,2844.88,1
4801,1,0,1,1,45,0,0,2,0,0,1,0,1,1,2,1,0,25.48,1146.6,0
4802,0,0,0,1,70,1,1,1,0,0,1,0,1,1,2,0,0,24.39,1707.3,0
4803,0,1,1,1,15,1,1,1,0,1,0,1,0,1,2,1,1,34.08,511.2,0
4804,1,0,1,0,62,0,1,2,0,1,1,1,0,1,1,0,1,68.15,4225.3,0
4805,0,0,0,1,8,1,0,2,0,1,1,1,0,1,1,0,0,69.84,558.72,0
4806,1,0,0,1,21,0,0,0,1,0,0,1,0,0,0,0,3,38.94,817.74,1
4807,1,0,0,1,56,0,0,2,1,1,1,0,0,1,2,0,3,54.92,3075.52,0
4808,1,0,0,0,20,1,1,2,1,1,0,1,0,1,2,1,3,43.71,874.2,0
4809,1,1,1,1,57,0,1,0,0,1,1,1,0,0,2,0,0,41.6,2371.2,0
4810,1,1,0,0,11,0,0,2,1,0,1,0,1,0,2,0,0,54.27,596.97,0
4811,1,0,0,1,51,0,0,1,1,1,1,0,0,0,0,0,2,29.52,1505.52,1
4812,1,0,1,0,27,1,1,1,0,0,0,0,0,1,2,0,2,77.47,2091.69,0
4813,0,0,0,0,2,1,1,0,0,1,0,0,0,0,0,1,3,115.61,231.22,1
4814,0,1,0,1,67,0,1,2,1,0,1,0,0,0,0,0,0,61.66,4131.22,1
4815,0,0,1,1,72,1,0,0,1,1,1,1,0,0,0,0,2,62.73,4516.56,1
4816,1,0,0,1,48,1,1,1,1,1,1,1,1,0,2,1,1,93.98,4511.04,0
4817,0,0,1,0,71,0,1,0,0,1,1,0,1,1,2,1,2,78.95,5605.45,0
4818,0,0,1,0,30,1,0,1,1,0,0,0,0,1,2,0,3,74.65,2239.5,0
4819,0,0,0,0,21,1,1,0,1,0,1,0,0,1,2,0,0,70.56,1481.76,0
4820,1,0,0,0,44,1,0,0,1,1,1,0,0,1,0,0,0,82.26,3619.44,0
4821,0,0,0,1,48,1,1,2,1,0,1,1,1,0,1,0,2,86.1,4132.8,1
4822,0,0,1,0,17,0,0,0,0,1,1,0,0,0,2,1,0,26.39,448.63,0
4823,1,0,1,1,16,1,0,2,1,1,1,0,0,0,0,1,2,113.89,1822.24,0
4824,1,0,0,0,63,0,1,2,1,1,0,1,0,1,2,0,2,47.95,3020.85,0
4825,0,0,1,0,21,0,0,0,0,1,1,0,0,0,0,1,2,50.24,1055.04,0
4826,0,0,1,1,40,1,0,0,0,0,1,0,1,0,2,1,3,95.81,3832.4,0
4827,0,0,1,0,14,0,1,0,1,0,1,1,0,1,2,1,3,41.35,578.9,0
4828,0,0,1,1,25,0,1,1,1,1,0,1,0,0,1,1,1,38.67,966.75,1
4829,0,0,1,1,2,0,0,0,0,1,0,1,0,1,2,1,0,102.31,204.62,0
4830,0,0,1,1,10,1,0,0,1,0,1,1,0,1,1,1,0,93.64,936.4,1
4831,1,1,1,1,14,0,1,2,0,1,0,0,1,0,2,1,0,81.65,1143.1,0
4832,0,0,1,1,63,1,0,1,1,0,0,1,0,1,2,0,2,38.59,2431.17,0
4833,1,0,0,0,61,0,1,0,1,0,1,0,1,0,0,1,3,73.6,4489.6,0
4834,1,0,1,1,22,0,0,0,1,1,0,0,1,0,1,0,3,66.33,1459.26,0
4835,0,0,1,0,2,1,0,0,0,1,0,0,1,0,2,1,0,60.06,120.12,0
4836,0,0,0,0,24,0,1,0,0,0,0,1,1,0,2,1,0,79.23,1901.52,0
4837,1,1,0,0,4,0,0,2,1,1,1,0,1,1,2,1,0,116.13,464.52,0
4838,0,1,0,0,45,0,0,2,1,1,0,0,0,1,0,1,0,28.57,1285.65,0
4839,1,0,0,1,25,0,1,1,1,1,0,1,1,1,0,1,3,47.02,1175.5,1
4840,0,0,0,1,6,1,0,0,1,0,0,1,1,1,0,0,3,112.74,676.44,1
4841,0,0,0,0,9,0,0,0,1,0,0,0,1,0,2,0,3,29.82,268.38,0
4842,0,0,1,1,36,0,0,0,0,0,0,1,1,1,0,0,3,37.12,1336.32,0
4843,1,1,0,1,67,0,1,1,1,0,0,0,1,1,1,0,0,40.85,2736.95,0
4844,0,0,0,1,27,0,0,1,0,1,1,1,1,0,2,1,1,25.74,694.98,0
4845,1,1,1,1,16,0,0,0,1,1,1,0,0,0,1,0,2,25.08,401.28,0
4846,0,1,1,0,48,0,1,0,0,0,1,1,1,1,0,1,3,101.67,4880.16,0
4847,0,1,0,0,62,1,0,1,0,1,0,0,1,0,2,1,3,48.32,2995.84,0
4848,1,0,1,0,3,1,0,2,0,1,0,1,1,1,2,1,2,47.45,142.35,1
4849,1,0,1,1,17,1,1,0,1,1,0,0,0,0,2,0,2,56.89,967.13,0
4850,1,0,1,1,37,0,1,2,0,1,1,0,0,1,2,0,3,103.27,3820.99,1
4851,0,0,1,0,72,1,1,0,0,0,1,0,0,0,0,1,3,108.57,7817.04,1
4852,1,0,0,0,7,1,0,0,0,1,0,1,0,1,0,1,2,97.55,682.85,1
4853,1,0,0,0,27,0,0,2,1,1,0,0,1,1,2,1,1,57.28,1546.56,0
4854,1,0,1,1,50,1,0,0,0,1,1,1,0,0,0,1,0,68.57,3428.5,1
4855,0,0,1,1,5,1,1,2,0,1,1,1,1,1,2,0,1,118.27,591.35,0
4856,1,0,1,0,53,0,0,2,0,0,0,1,1,1,0,0,1,70.52,3737.56,0
4857,1,0,1,0,50,0,0,2,0,1,1,1,0,0,0,0,3,87.54,4377.0,0
4858,0,0,1,1,39,1,0,1,1,1,0,1,0,0,1,1,1,62.9,2453.1,0
4859,0,1,0,0,62,0,1,2,1,0,1,0,0,0,2,1,1,21.41,1327.42,0
4860,0,0,0,0,24,0,1,1,0,0,1,1,1,0,2,1,0,59.56,1429.44,0
4861,0,0,1,1,11,0,0,1,1,1,0,0,0,0,0,1,0,80.93,890.23,1
4862,1,0,0,1,35,0,0,2,1,0,0,1,0,0,1,1,1,102.55,3589.25,0
4863,1,0,1,0,58,1,0,2,0,0,1,0,1,1,1,1,0,95.83,5558.14,0
4864,1,0,1,1,28,1,0,1,1,1,0,1,0,1,1,0,1,44.82,1254.96,0
4865,0,0,1,1,22,0,1,0,1,1,0,0,1,0,0,0,3,104.02,2288.44,0
4866,1,1,0,1,18,0,1,0,1,1,1,1,0,0,0,0,0,93.06,1675.08,1
4867,1,0,1,0,28,1,0,1,0,0,0,1,1,1,2,1,0,111.9,3133.2,0
4868,1,0,0,0,29,0,0,2,1,1,0,0,0,1,1,0,2,38.17,1106.93,0
4869,1,0,0,1,12,0,1,1,0,1,0,1,1,1,1,1,1,51.23,614.76,0
4870,0,0,1,0,10,0,0,0,1,0,0,1,1,1,2,0,2,66.89,668.9,0
4871,0,0,0,0,64,0,1,1,0,0,0,0,0,0,0,0,0,117.39,7512.96,1
4872,1,0,0,0,43,1,0,1,0,0,0,0,1,0,1,1,2,27.37,1176.91,1
4873,1,0,0,1,63,0,0,0,1,1,1,0,0,0,1,0,1,74.4,4687.2,0
4874,1,0,0,0,48,1,1,0,1,1,0,1,0,1,0,0,1,40.61,1949.28,1
4875,1,0,0,0,34,1,1,0,0,0,0,0,0,1,2,1,2,77.67,2640.78,0
4876,1,0,0,0,58,0,1,2,1,0,0,1,1,0,0,0,3,112.42,6520.36,0
4877,0,0,0,1,13,1,1,0,0,0,1,1,1,1,2,0,3,101.86,1324.18,1
4878,1,0,0,0,61,0,1,1,1,0,0,1,0,0,0,0,2,112.6,6868.6,1
4879,0,0,1,0,70,1,1,2,1,0,1,1,1,0,0,1,0,85.66,5996.2,0
4880,0,0,1,0,46,1,0,0,0,0,0,1,1,1,2,1,3,21.49,988.54,0
4881,0,0,1,1,43,1,1,2,0,0,1,0,0,0,0,0,2,75.51,3246.93,0
4882,0,0,0,1,35,0,1,0,1,0,0,0,0,0,1,0,1,33.08,1157.8,0
4883,0,0,1,0,56,0,1,0,1,0,1,0,1,1,2,0,2,59.2,3315.2,0
4884,0,0,0,1,19,0,1,1,0,0,0,0,0,0,0,1,0,37.47,711.93,0
4885,0,0,1,1,5,1,1,0,0,1,0,0,1,1,2,1,1,72.01,360.05,0
4886,0,0,0,0,14,0,0,0,1,0,0,0,0,0,2,1,1,49.9,698.6,0
4887,0,0,0,0,66,1,1,2,0,0,1,1,1,1,0,1,0,80.98,5344.68,0
4888,0,0,0,1,13,0,0,0,1,1,0,1,0,1,2,0,3,24.77,322.01,0
4889,0,0,0,0,24,1,0,0,1,1,1,1,0,1,1,0,2,95.54,2292.96,0
4890,0,0,0,1,43,0,0,1,1,0,1,0,1,1,2,0,3,78.91,3393.13,0
4891,1,0,1,0,64,0,1,0,0,0,1,1,1,0,0,0,2,69.35,4438.4,1
4892,0,0,0,0,11,1,1,0,0,0,1,1,1,0,1,1,1,78.74,866.14,0
4893,0,0,1,0,39,1,1,0,0,1,0,0,0,0,1,0,2,107.08,4176.12,0
4894,1,0,1,0,37,0,0,1,0,0,1,0,0,0,0,1,2,98.16,3631.92,1
4895,1,0,1,0,66,1,1,1,1,0,1,0,0,1,2,1,3,77.78,5133.48,0
4896,0,0,1,0,39,1,1,0,1,1,0,1,1,1,0,0,1,69.08,2694.12,0
4897,0,1,0,1,14,1,1,0,1,1,0,1,0,1,1,1,3,97.44,1364.16,0
4898,0,0,0,1,55,0,0,0,1,0,0,0,0,1,1,0,1,42.36,2329.8,0
4899,0,0,0,0,23,0,1,1,1,0,0,0,0,0,0,1,3,70.07,1611.61,1
4900,0,1,0,0,24,1,0,0,1,1,0,0,0,0,1,0,0,41.7,1000.8,0
4901,1,0,1,1,62,0,1,2,1,0,1,0,1,1,0,1,2,89.64,5557.68,1
4902,1,0,1,1,50,1,0,1,0,0,1,0,1,0,1,1,0,91.04,4552.0,1
4903,0,0,1,0,68,0,0,1,0,1,1,1,0,1,1,1,3,83.23,5659.64,0
4904,1,0,1,1,1,0,1,2,1,0,0,0,1,1,1,0,1,72.15,72.15,0
4905,1,0,0,1,64,1,1,0,1,0,0,1,1,0,2,1,0,74.96,4797.44,0
4906,1,0,1,1,41,1,0,1,1,0,1,1,0,0,2,1,2,52.4,2148.4,0
4907,0,0,0,0,14,1,0,0,0,1,1,0,0,0,0,1,1,103.69,1451.66,0
4908,1,0,0,1,52,0,0,2,0,1,1,1,1,1,1,1,3,112.81,5866.12,0
4909,0,0,0,0,60,0,0,2,0,1,1,1,0,0,2,0,0,36.4,2184.0,0
4910,1,1,0,1,58,0,1,0,0,0,1,0,0,0,2,0,1,91.93,5331.94,1
4911,0,0,0,0,28,0,0,1,0,0,0,1,1,0,0,1,1,31.44,880.32,0
4912,1,1,0,0,27,1,0,1,1,1,0,0,1,0,0,0,2,67.46,1821.42,0
4913,0,0,0,0,64,0,0,1,0,0,1,1,0,1,1,0,3,105.89,6776.96,1
4914,1,0,1,1,14,1,1,0,1,0,0,0,0,1,2,0,0,26.77,374.78,0
4915,1,0,1,1,45,0,0,0,0,0,0,1,1,0,1,1,3,113.02,5085.9,0
4916,0,1,1,0,33,0,0,2,1,0,1,1,1,0,1,0,2,87.75,2895.75,0
4917,0,0,0,0,27,1,0,0,0,0,0,1,0,1,0,1,0,118.89,3210.03,1
4918,0,0,0,1,67,0,1,2,1,1,1,0,0,0,1,0,2,20.92,1401.64,0
4919,0,0,0,1,55,1,1,0,1,1,0,0,0,0,0,0,3,69.67,3831.85,1
4920,1,0,0,1,34,0,0,2,0,0,0,0,1,0,2,1,3,97.06,3300.04,0
4921,0,0,0,0,66,0,0,1,0,1,1,1,0,0,2,1,1,87.66,5785.56,0
4922,0,0,0,0,66,1,0,0,1,1,1,0,1,0,2,1,1,63.35,4181.1,0
4923,1,0,0,0,10,0,1,1,1,1,0,1,0,0,0,0,0,28.33,283.3,0
4924,1,0,0,0,13,1,1,0,0,0,0,0,1,0,0,1,3,65.14,846.82,1
4925,1,0,0,0,9,0,1,1,1,1,1,0,1,0,2,1,3,108.92,980.28,0
4926,0,1,0,1,4,0,1,2,0,1,0,1,1,1,0,0,0,91.46,365.84,1
4927,0,0,0,1,11,1,0,0,1,1,0,1,1,1,0,0,0,88.52,973.72,1
4928,0,1,1,0,10,0,0,1,0,1,1,1,0,1,2,1,3,90.38,903.8,0
4929,1,0,1,0,7,0,0,1,0,1,0,1,0,0,0,0,2,27.89,195.23,1
4930,0,0,0,1,41,0,1,0,0,1,0,1,0,1,1,0,1,34.97,1433.77,0
4931,1,1,1,1,50,1,1,0,1,0,1,1,0,0,0,0,3,43.66,2183.0,0
4932,0,0,1,0,12,1,1,2,1,0,1,0,0,0,0,1,2,77.28,927.36,1
4933,0,0,0,0,22,1,1,0,0,1,1,1,1,0,1,1,0,25.27,555.94,1
4934,0,1,0,0,10,1,0,0,1,0,1,0,1,1,1,0,1,20.34,203.4,0
4935,0,1,1,1,68,0,1,0,0,1,1,0,1,0,1,1,3,87.73,5965.64,0
4936,0,0,0,0,66,0,0,2,0,0,0,1,0,0,2,0,2,61.51,4059.66,0
4937,1,1,1,0,30,0,1,2,1,0,0,0,1,0,0,1,2,53.55,1606.5,0
4938,0,1,0,1,41,1,1,2,0,1,0,1,0,0,1,0,1,66.62,2731.42,0
4939,0,0,0,0,7,1,1,0,1,0,1,0,0,1,0,0,3,50.88,356.16,0
4940,0,0,1,1,30,1,1,2,1,0,0,1,0,0,1,0,0,44.98,1349.4,1
4941,1,1,0,1,50,1,0,0,0,1,1,1,1,0,2,0,2,57.59,2879.5,0
4942,1,1,0,1,29,0,0,0,1,1,0,1,1,1,1,1,0,97.29,2821.41,0
4943,0,1,1,0,40,0,0,2,0,0,0,0,0,0,2,1,2,73.57,2942.8,0
4944,0,1,1,1,38,0,1,2,1,1,0,0,1,1,0,0,1,44.45,1689.1,0
4945,0,0,0,0,66,1,1,1,0,0,0,0,0,0,1,1,2,101.7,6712.2,0
4946,0,0,1,0,45,0,0,2,1,0,1,1,1,0,0,0,0,117.45,5285.25,1
4947,0,0,1,0,18,1,0,0,1,0,0,0,0,0,0,1,1,47.81,860.58,1
4948,0,0,1,0,69,1,1,2,1,0,1,0,0,0,2,1,1,58.64,4046.16,0
4949,1,1,1,1,10,0,1,0,1,0,1,0,0,0,0,1,3,109.14,1091.4,0
4950,0,0,1,0,40,1,1,2,0,0,0,0,0,0,2,1,3,24.4,976.0,0
4951,0,0,0,1,52,0,1,2,0,1,0,1,0,1,0,1,2,67.58,3514.16,0
4952,0,0,1,1,53,1,1,0,1,0,0,1,1,0,2,1,1,52.97,2807.41,0
4953,1,1,0,1,19,0,1,1,1,1,1,1,1,1,0,1,0,108.57,2062.83,1
4954,1,0,1,0,66,1,1,0,1,1,1,0,0,1,2,1,3,109.69,7239.54,0
4955,0,0,1,0,61,1,0,2,0,1,1,1,1,0,1,0,2,53.76,3279.36,0
4956,0,0,1,0,69,0,1,2,0,0,0,0,0,0,2,0,2,77.18,5325.42,0
4957,1,1,1,0,50,1,1,2,0,1,0,0,1,0,2,0,2,24.4,1220.0,0
4958,1,0,1,0,60,1,0,1,1,0,1,1,0,1,0,0,2,115.02,6901.2,1
4959,0,0,0,0,13,0,1,0,0,1,0,1,1,0,1,1,3,77.8,1011.4,0
4960,1,0,0,1,43,0,0,1,0,1,1,0,0,1,1,1,2,32.28,1388.04,1
4961,0,0,1,1,25,1,0,1,0,0,0,1,1,0,1,1,0,109.89,2747.25,0
4962,0,0,0,0,18,0,0,0,1,1,0,0,0,0,1,1,1,31.75,571.5,1
4963,0,0,0,1,59,0,1,2,0,0,1,0,0,1,0,0,2,114.47,6753.73,0
4964,0,1,0,1,69,1,1,2,1,0,1,0,1,1,1,0,0,54.24,3742.56,0
4965,0,0,0,1,52,0,0,0,1,1,0,0,0,0,1,1,3,99.75,5187.0,0
4966,0,0,1,1,6,0,0,0,1,0,1,0,0,1,2,0,0,47.7,286.2,0
4967,1,0,0,1,7,0,1,1,0,0,1,1,0,1,2,0,3,119.41,835.87,0
4968,1,0,1,1,66,1,1,1,1,0,1,0,1,0,2,0,3,102.22,6746.52,0
4969,0,1,1,1,72,0,1,0,1,1,0,0,0,1,1,0,1,29.24,2105.28,1
4970,0,1,0,0,48,1,1,2,0,0,0,0,0,1,0,1,2,52.9,2539.2,0
4971,1,0,0,0,57,0,1,2,1,1,0,0,1,0,0,0,3,86.47,4928.79,1
4972,1,0,0,1,17,0,1,0,1,1,0,0,1,0,2,1,3,102.8,1747.6,0
4973,1,0,1,1,67,1,1,1,0,0,0,1,1,0,2,1,1,55.5,3718.5,0
4974,1,1,1,0,3,0,0,0,1,0,0,0,0,1,0,0,0,64.95,194.85,1
4975,1,0,0,1,40,1,1,2,1,0,0,0,1,0,0,1,1,52.95,2118.0,0
4976,0,0,1,0,3,1,1,0,1,0,0,1,0,1,0,1,0,84.86,254.58,0
4977,1,0,0,1,72,0,0,2,0,0,0,0,0,0,2,1,0,92.51,6660.72,0
4978,1,0,1,0,52,1,0,1,1,1,1,1,1,0,2,0,3,90.3,4695.6,0
4979,0,0,1,0,20,0,0,1,1,1,0,1,1,0,2,1,2,37.11,742.2,0
4980,1,0,1,1,58,1,0,0,0,0,0,1,1,1,2,1,1,114.68,6651.44,0
4981,0,0,1,1,45,0,1,0,0,1,1,1,0,1,1,0,3,109.33,4919.85,0
4982,0,1,0,0,17,1,1,0,1,0,1,0,1,0,0,0,0,57.3,974.1,0
4983,1,0,1,0,63,1,0,2,0,1,0,0,1,0,2,1,1,86.28,5435.64,0
4984,1,0,0,0,24,1,0,0,0,0,1,1,1,0,0,1,3,68.38,1641.12,0
4985,0,1,1,0,8,1,0,0,0,1,1,1,0,1,2,0,0,55.58,444.64,0
4986,0,0,0,1,41,0,1,1,1,1,0,0,0,0,2,0,0,78.46,3216.86,0
4987,1,0,0,1,62,1,0,0,1,1,0,1,0,0,2,0,1,100.32,6219.84,0
4988,0,0,0,0,59,0,0,0,0,0,1,1,0,0,0,0,1,98.22,5794.98,1
4989,0,0,1,1,17,0,1,2,0,1,1,0,1,0,1,1,3,96.35,1637.95,0
4990,0,1,0,0,35,0,1,1,0,0,0,0,1,0,0,0,3,98.69,3454.15,1
4991,0,0,0,0,39,1,0,0,0,0,0,0,0,0,1,0,3,80.52,3140.28,1
4992,0,0,1,0,25,1,1,1,1,1,0,0,1,0,1,0,2,51.41,1285.25,1
4993,1,0,1,0,67,0,1,0,1,1,1,1,1,1,2,1,2,106.61,7142.87,0
4994,1,0,1,1,68,1,1,1,1,1,0,0,1,0,0,1,0,57.75,3927.0,0
4995,1,1,1,0,49,1,1,0,1,0,1,0,0,0,2,0,2,57.87,2835.63,0
4996,0,1,1,1,48,0,1,2,1,1,1,0,1,1,1,0,1,106.29,5101.92,0
4997,0,0,0,1,25,0,1,1,1,0,1,1,0,1,2,1,0,56.46,1411.5,0
4998,1,1,0,0,52,0,0,2,0,1,0,1,1,1,0,1,1,38.4,1996.8,0
4999,0,0,0,1,31,1,0,0,0,0,1,1,0,1,0,0,0,103.39,3205.09,0
